Dates,1M,3M,6M,1Y,2Y,3Y,4Y,5Y,6Y,7Y,8Y,9Y,10Y,11Y,12Y,13Y,14Y,15Y,20Y,30Y
1980-01-31,,,,,,,,,,,,,10.45,,,,,,,
1980-02-29,,,,,,,,,,,,,10.55,,,,,,,
1980-03-31,,,,,,,,,,,,,11.2,,,,,,,
1980-04-30,,,,,,,,,,,,,11.73,,,,,,,
1980-05-30,,,,,,,,,,,,,11.73,,,,,,,
1980-06-30,,,,,,,,,,,,,11.76,,,,,,,
1980-07-31,,,,,,,,,,,,,11.78,,,,,,,
1980-08-29,,,,,,,,,,,,,11.78,,,,,,,
1980-09-30,,,,,,,,,,,,,11.78,,,,,,,
1980-10-31,,,,,,,,,,,,,11.9,,,,,,,
1980-11-28,,,,,,,,,,,,,11.9,,,,,,,
1980-12-31,,,,,,,,,,,,,12.6,,,,,,,
1981-01-30,,,,,,,,,,,,,13.1,,,,,,,
1981-02-27,,,,,,,,,,,,,13.1,,,,,,,
1981-03-31,,,,,,,,,,,,,13.1,,,,,,,
1981-04-30,,,,,,,,,,,,,13.1,,,,,,,
1981-05-29,,,,,,,,,,,,,13.1,,,,,,,
1981-06-30,,,,,,,,,,,,,13.15,,,,,,,
1981-07-31,,,,,,,,,,,,,14.2,,,,,,,
1981-08-31,,,,,,,,,,,,,15,,,,,,,
1981-09-30,,,,,,,,,,,,,15,,,,,,,
1981-10-30,,,,,,,,,,,,,13.1,,,,,,,
1981-11-30,,,,,,,,,,,,,15,,,,,,,
1981-12-31,,,,,,,,,,,,,15,,,,,,,
1982-01-29,,,,,,,,,,,,,15.15,,,,,,,
1982-02-26,,,,,,,,,,,,,16,,,,,,,
1982-03-31,,,,,,,,,,,,,16.3,,,,,,,
1982-04-30,,,,,,,,,,,,,16.35,,,,,,,
1982-05-31,,,,,,,,,,,,,16.4,,,,,,,
1982-06-30,,,,,,,,,,,,,16.4,,,,,,,
1982-07-30,,,,,,,,,,,,,16.4,,,,,,,
1982-08-31,,,,,,,,,,,,,16.1,,,,,,,
1982-09-30,,,,,,,,,,,,,14,,,,,,,
1982-10-29,,,,,,,,,,,,,13.7,,,,,,,
1982-11-30,,,,,,,,,,,,,14.3,,,,,,,
1982-12-31,,,,,,,,,,,,,12.95,,,,,,,
1983-01-31,,,,,,,,,,,,,13.1,,,,,,,
1983-02-28,,,,,,,,,,,,,14.5,,,,,,,
1983-03-31,,,,,,,,,,,,,15,,,,,,,
1983-04-29,,,,,,,,,,,,,14.1,,,,,,,
1983-05-31,,,,,,,,,,,,,14.6,,,,,,,
1983-06-30,,,,,,,,,,,,,14.85,,,,,,,
1983-07-29,,,,,,,,,,,,,14.8,,,,,,,
1983-08-31,,,,,,,,,,,,,14.85,,,,,,,
1983-09-30,,,,,12.8,,,13.5,,,,,14.15,,,,,,,
1983-10-31,,,,11.25,11.9,,,12.35,,,,,13.4,,,,,,,
1983-11-30,,,,10.6,11,,,11.9,,,,,13.2,,,,,,,
1983-12-30,,,,10.6,11.5,,,12.8,,,,,13.5,,,,,,,
1984-01-31,,,,11.1,12.1,,,13.5,,,,,13.5,,,,,,,
1984-02-29,,,,12.1,12.35,,,13.15,,,,,14,,,,,,,
1984-03-30,,,,12.45,12.5,,,13.3,,,,,14.05,,,,,,,
1984-04-30,,,,12.4,12.45,,,13,,,,,13.9,,,,,,,
1984-05-31,,,,12.35,12.55,,,13.2,,,,,14.15,,,,,,,
1984-06-29,,,,11.85,12.15,,,12.9,,,,,13.75,,,,,,,
1984-07-31,,,,11.75,12.05,,,12.7,,,,,13.15,,,,,,,
1984-08-31,,,,10.75,11.2,,,12.15,,,,,12.8,,,,,,,
1984-09-28,,,,11.35,11.9,,,12.6,,,,,13.1,,,,,,,
1984-10-31,,,,11.75,12.1,,,12.9,,,,,13.25,,,,,,,
1984-11-30,,,,12.3,12.5,,,12.95,,,,,13.25,,,,,,,
1984-12-31,,,,12.75,12.9,,,13.15,,,,,13.5,,,,,,,
1985-01-31,,,,12.5,12.55,,,12.85,,,,,13.1,,,,,,,
1985-02-28,,,,13.1,13.2,,,13.35,,,,,13.7,,,,,,,
1985-03-29,,,,13.7,13.65,,,13.65,,,,,13.8,,,,,,,
1985-04-30,,,,13.75,13.65,,,13.75,,,,,14,,,,,,,
1985-05-31,,,,13.55,13.5,,,13.65,,,,,13.75,,,,,,,
1985-06-28,,,,13.6,13.45,,,13.35,,,,,13.5,,,,,,,
1985-07-31,,,,13.55,13.35,,,13.3,,,,,13.3,,,,,,,
1985-08-30,,,,15.7,14.45,,,14.05,,,,,13.95,,,,,,,
1985-09-30,,,,15.25,14.3,,,13.9,,,,,13.8,,,,,,,
1985-10-31,,,,15.55,15.05,,,14.75,,,,,14.55,,,,,,,
1985-11-29,,,,17,15.55,,,15.2,,,,,15.05,,,,,,,
1985-12-31,,,,17.6,15.65,,,15.2,,,,,14.85,,,,,,,
1986-01-31,,,,16.45,14.75,,,14.3,,,,,14.1,,,,,,,
1986-02-28,,,,15.6,14.15,,,13.9,,,,,13.7,,,,,,,
1986-03-31,,,,14.2,13.3,,,12.9,,,,,12.6,,,,,,,
1986-04-30,,,,12.85,12.65,,,12.4,,,,,12.25,,,,,,,
1986-05-30,,,,12.75,12.7,,,12.65,,,,,12.65,,,,,,,
1986-06-30,,,,12.8,12.8,,,12.8,,,,,12.95,,,,,,,
1986-07-31,,,,14.5,14.5,,,14.35,,,,,14.2,,,,,,,
1986-08-29,,,,15.9,15.1,,,14.55,,,,,14.1,,,,,,,
1986-09-30,,,,16,15.15,,,14.4,,,,,13.85,,,,,,,
1986-10-31,,,,15.35,14.3,,,13.85,,,,,13.6,,,,,,,
1986-11-28,,,,14.7,14.25,,,13.95,,,,,13.6,,,,,,,
1986-12-31,,,,14.4,14.05,,,13.85,,,,,13.4,,,,,,,
1987-01-30,,,,15.45,14.7,,,14.7,,,,,13.8,,,,,,,
1987-02-27,,,,15.45,15.05,,,14.55,,,,,14.15,,,,,,,
1987-03-31,,,,14.6,14.1,,,13.85,,,,,13.45,,,,,,,
1987-04-30,,,,14.15,13.85,,,13.5,,,,,13.05,,,,,,,
1987-05-29,,,,13.25,13.25,,,13.45,,,,,12.9,,,,,,,
1987-06-30,,,,13,13,,,13.1,,,,,12.8,,,,,,,
1987-07-31,,,,12.7,12.85,,,13,,,,,12.95,,,,,,,
1987-08-31,,,,12.55,12.6,,,12.8,,,,,12.95,,,,,,,
1987-09-30,,,,11.45,11.8,,,11.95,,,,,12.5,,,,,,,
1987-10-30,,,,12.9,13,,,13.4,,,,,13.65,,,,,,,
1987-11-30,,,,11.3,12.35,,,12.8,,,,,13.3,,,,,,,
1987-12-31,,,,11,11.45,,,12.15,,,,,12.85,,,,,,,
1988-01-29,,,,11.15,11.35,,,11.9,,,,,12.4,,,,,,,
1988-02-29,,,,11.25,11.55,,,11.9,,,,,12.3,,,,,,,
1988-03-31,,,,10.75,10.95,,,11.5,,,,,11.9,,,,,,,
1988-04-29,,,,10.75,10.9,,,11.25,,,,,11.5,,,,,,,
1988-05-31,,,,12.15,12.3,,,12.45,,,,,12.3,,,,,,,
1988-06-30,,,,11.6,11.7,,,11.95,,,,,11.95,,,,,,,
1988-07-29,,,,12.1,12.05,,,12.05,,,,,11.85,,,,,,,
1988-08-31,,,,12.5,12.3,,,12.3,,,,,11.8,,,,,,,
1988-09-30,,,,13.3,12.9,,,12.6,,,,,11.95,,,,,,,
1988-10-31,,,,13.6,13.05,,,12.7,,,,,11.9,,,,,,,
1988-11-30,,,,14.05,13.3,,,13.05,,,,,12.35,,,,,,,
1988-12-30,,,,14.5,13.85,,,13.5,,,,,12.95,,,,,,,
1989-01-31,,,,14.9,14.65,,,14.05,,,,,13.3,,,,,,,
1989-02-28,,,,15.4,15.05,,,14.35,,,,,13.65,,,,,,,
1989-03-31,,,,15.6,15.15,,,14.3,,10.039,,,13.65,,,,,,,
1989-04-28,,,,15.6,15.15,,,14.3,,10.039,,,13.4,,,,,,,
1989-05-31,,,,15.6,15.7,,,14.65,,13.9,,,13.9,,,,,,,
1989-06-30,,,,15.6,15.4,,,14.2,,13.5,,,13.5,,,,,,,
1989-07-31,,,,15.6,15.1,,,14,,13.35,,,13.35,,,,,,,
1989-08-31,,,,15.6,14.8,,,13.7,,12.95,,,12.95,,,,,,,
1989-09-29,,,,15.6,14.8,,,13.7,,12.95,,,13.65,,,,,,,
1989-10-31,,,,15.6,15.8,,,14.5,,13.55,,,13.55,,,,,,,
1989-11-30,,,,15.6,15,,,13.85,,13.1,,,13.1,,,,,,,
1989-12-29,,,,15.6,14.4,,,13.45,,12.9,,,12.9,,,,,,,
1990-01-31,,,,15.6,13.8,13.28,,13.25,,12.8,,,12.71,,,,,,,
1990-02-28,,,,15.6,14.3,13.96,,13.8,,13.3,,,13.3,,,,,,,
1990-03-30,,,,15.6,14.15,14.01,,13.85,,13.45,,,13.45,,,,,,,
1990-04-30,,,,15.6,14.45,14.31,,14.25,,13.8,,,13.8,,,,,,,
1990-05-31,,,,15.6,14.1,13.99,,14,,13.5,,,13.5,,,,,,,
1990-06-29,,,,15.6,14.05,13.93,,13.8,,13.4,,,13.45,,,,,,,
1990-07-31,,,,15.6,13.75,13.53,,13.5,,13.15,,,13.15,,,,,,,
1990-08-31,,,,15.6,13.65,13.3,,13.4,,13.15,,,13.5,,,,,,,
1990-09-28,,,,15.6,13.65,13.04,,13.4,,13.15,,,13.65,,,,,,,
1990-10-31,,,,15.6,12.55,12.58,,12.75,,13.15,,,13.35,,,,,,,
1990-11-30,,,,15.6,12.25,12.26,,12.35,,13.15,,,12.234,,,,,,,
1990-12-31,,,,15.6,11.85,11.85,,12,,13.15,,,12.05,,,,,,,
1991-01-31,,,,15.6,11.5,11.56,,11.6,,13.15,,,11.516,,,,,,,
1991-02-28,,,,15.6,11.1,11.21,,11.3,,13.15,,,11.489,,,,,,,
1991-03-29,,,,11.17,11.16,11.24,11.23,11.3,11.37,11.36,11.37,11.17,11.37,,,,,,,
1991-04-30,,,,10.805,10.693,10.721,10.719,10.888,10.954,10.969,10.991,10.979,10.99,,,,,11.151,,
1991-05-31,,,,10.085,10.239,10.331,10.359,10.588,10.684,10.709,10.741,10.748,10.75,,,,,11.151,,
1991-06-28,,,,10.352,10.552,10.788,10.906,11.068,11.075,11.115,11.184,11.156,11.155,,,,,11.151,,
1991-07-31,,,,9.973,10.26,10.53,10.741,10.85,10.94,10.97,10.989,11,10.989,,,,,11.151,,
1991-08-30,,,,10.103,10.27,10.449,10.600999999999999,10.629,10.67,10.67,10.669,10.671,10.67,,,,,11.151,,
1991-09-30,,,,9.431,9.572,9.729,9.861,9.999,10.151,10.22,10.279,10.31,10.31,,,,,11.151,,
1991-10-31,,,,8.434,8.399000000000001,8.479,8.681000000000001,8.91,9.182,9.32,9.729,9.77,9.82,,,,,11.151,,
1991-11-29,,,,8.432,8.116,8.39,8.552,8.871,9.192,9.34,9.589,9.74,9.794,,,,,11.151,,
1991-12-31,,,,7.076,7.299,7.5809999999999995,8.011,8.33,8.600999999999999,9.069,9.32,9.43,9.388,,,,,11.151,,
1992-01-31,,,,7.746,8.37,8.861,9.201,9.42,9.641,9.939,10.08,9.43,10.11,,,,,11.151,,
1992-02-28,,,,7.635,8.289,8.921,9.251,9.45,9.641,9.859,10.02,9.43,10.14,,,,,11.151,,
1992-03-31,,,,7.566,8.31,9.001,9.311,9.42,9.541,9.659,9.81,9.43,9.861,,,,,11.151,,
1992-04-30,,,,6.646,7.369,8.141,8.501,8.66,8.831,9.029,9.19,9.43,9.391,,,,,11.151,,
1992-05-29,,,,6.425,7.029,7.801,8.211,8.34,8.581,8.818999999999999,9.01,9.43,9.081,,,,,11.151,,
1992-06-30,,,,5.84,6.54,6.97,7.47,7.76,8.08,8.39,8.6,8.8,8.9,,,,,11.151,,
1992-07-31,,,,5.245,5.468,6.141,6.651,6.93,7.241,7.639,7.9,8.68,8.284,,,,,11.151,,
1992-08-31,,,,5.745,7.049,7.841,8.171,8.33,8.491,8.709,8.87,8.68,8.931000000000001,,,,,11.151,,
1992-09-30,,,,5.596,6.6899999999999995,7.577,8.047,8.199,8.394,8.631,8.772,8.68,8.892,,,,,11.151,,
1992-10-30,,,,5.75,6.64,7.55,8.035,8.035,8.32,8.535,8.65,8.68,8.795,,,,,11.151,,
1992-11-30,,,,5.746,6.692,7.611,8.201,8.38,8.561,8.809,8.93,8.68,8.69,,,,,11.151,,
1992-12-31,,,,5.799,6.44,7.35,7.89,8.115,8.34,8.61,8.76,8.899000000000001,8.925,,,,,11.151,,
1993-01-29,,,,6.12,7.05,7.633,7.645,7.885,8.3,8.355,8.45,8.55,8.6,,,,,11.151,,
1993-02-26,,,,5.47,6.245,6.772,6.83,7.065,7.455,7.585,7.745,7.895,7.97,,,,,11.151,,
1993-03-31,,,,5.35,5.96,6.388,6.535,6.79,7.235,7.35,7.525,7.6850000000000005,7.78,,,,,11.151,,
1993-04-30,,,,5.15,5.61,6.195,6.405,6.68,7.04,7.235,7.395,7.5,7.545,,,,,11.151,,
1993-05-31,,,,5.15,5.66,6.3,6.535,6.76,7.06,7.225,7.395,7.515,7.57,,,,,11.151,,
1993-06-30,,,,5.06,5.42,6.125,6.405,6.635,6.92,7.065,7.225,7.335,7.39,,,,,11.151,,
1993-07-30,,,,4.75,5.13,5.785,6.02,6.25,6.525,6.66,6.785,6.865,6.892,,,,,11.151,,
1993-08-31,,,,4.48,4.985,5.61,5.85,6.025,6.275,6.405,6.545,6.61,6.64,,,,,11.151,,
1993-09-30,,,,4.507,5.555,5.8,6.15,6.35,6.46,6.595,6.725,6.8100000000000005,6.84,,,,,11.151,,
1993-10-29,,,,4.62,5.135,5.425,5.8,6.005,6.13,6.245,6.385,6.47,6.495,,,,,11.151,,
1993-11-30,,,,4.72,5.42,5.765,6.165,6.37,6.49,6.59,6.65,6.795,6.8149999999999995,,,,,11.151,,
1993-12-31,,,,4.8100000000000005,5.33,5.62,5.975,6.18,6.305,6.425,6.506,6.64,6.675,,,,,11.151,,
1994-01-31,,,,4.711,5.07,5.37,5.72,5.925,6.055,6.17,6.275,6.335,6.37,,,,,11.151,,
1994-02-28,,,,5.21,6.01,6.265,6.465,6.71,6.835,6.845,6.965,7.03,7.085,,,,,11.151,,
1994-03-31,,,,5.451,6.731,7.09,7.311,7.57,7.75,7.75,7.86,7.909,7.95,,,,,11.151,,
1994-04-29,,,,5.4,6.9350000000000005,7.375,7.67,7.9350000000000005,8.135,8.135,8.29,8.38,8.44,,,,,11.151,,
1994-05-31,,,,5.369,6.93,7.375,7.785,8.14,8.335,8.35,8.555,8.695,8.785,,,,,11.151,,
1994-06-30,,,,6.5,8.07,8.365,8.835,9.045,9.24,9.44,9.56,9.595,9.635,,,,,11.151,,
1994-07-29,,,,6.818,7.845,8.525,8.8,8.96,9.14,9.33,9.47,9.523,9.565,,,,,11.151,,
1994-08-31,,,,6.85,7.76,8.375,8.625,8.81,8.995,9.18,9.28,9.32,9.36,,,,,11.151,,
1994-09-30,,,,7.38,8.44,9.19,9.485,9.67,9.875,10.09,10.2,10.26,10.32,,,,,11.151,,
1994-10-31,,,,7.95,8.83,9.515,9.815,9.985,10.15,10.34,10.43,10.47,10.51,,,,,11.151,,
1994-11-30,,,,8.71,9.56,9.975,10.13,10.22,10.31,10.41,10.44,10.46,10.47,,,,,11.151,,
1994-12-30,,,,9.429,10.06,10.09,10.06,10.05,10.05,10.07,10.05,10.05,10.04,,,,,11.151,,
1995-01-31,7.875,8.375,8.95313,9.98,10.17,10.26,10.32,10.33,10.36,10.37,10.38,10.39,10.4,,,,,11.151,,
1995-02-28,7.71875,7.9375,8.35938,8.94,9.105,9.315,9.545,9.65,9.7,9.75,9.79,9.81,9.85,,,,,11.151,,
1995-03-31,7.625,7.96875,8.42188,8.75,8.98,9.19,9.415,9.595,9.645,9.705,9.77,9.795,9.83,,,,,11.151,,
1995-04-28,7.6875,7.9375,8.3125,8.63,8.79,8.96,9.17,9.32,9.43,9.5,9.57,9.615,9.69,,,,,11.151,,
1995-05-31,7.5,7.57813,7.70313,7.67,7.72,7.87,8.09,8.26,8.5,8.6,8.74,8.84,8.93,,,,,11.151,,
1995-06-30,7.5625,7.625,7.64063,7.68,7.83,8.08,8.365,8.59,8.73,8.82,8.98,9.085,9.21,,,,,11.151,,
1995-07-31,7.5,7.625,7.75,7.87,8.2,8.45,8.67,8.875,9.085,9.25,9.335,9.395,9.401,,,,,11.151,,
1995-08-31,7.5,7.5625,7.64063,7.6,7.775,7.97,8.19,8.415,8.635,8.8,8.88,8.96,8.98,,,,,11.151,,
1995-09-29,7.4375,7.4375,7.46875,7.435,7.54,7.7,7.88,8.07,8.255,8.39,8.475,8.545,8.554,,,,,11.151,,
1995-10-31,7.54688,7.5625,7.625,7.585,7.8149999999999995,7.85,8.1,8.265,8.46,8.595,8.68,8.74,8.78,,,,,11.151,,
1995-11-30,7.53125,7.46875,7.375,7.16,7.25,7.34,7.495,7.67,7.87,8.01,8.085,8.135,8.165,,,,,11.151,,
1995-12-29,7.40625,7.375,7.34375,7.21,7.34,7.47,7.65,7.76,7.86,7.97,8.07,8.13,8.22,,,,,11.151,,
1996-01-31,7.48438,7.375,7.375,7.245,7.295,7.39,7.525,7.665,7.755,7.87,7.955,8.005,8.045,,,,,11.151,,
1996-02-29,7.5,7.5,7.60938,7.73,7.88,8,8.13,8.23,8.33,8.45,8.65,8.585,8.62,,,,,11.151,,
1996-03-29,7.5625,7.5625,7.73438,8.14,8.23,8.41,8.55,8.59,8.75,8.83,8.86,8.86,8.9,,,,,11.151,,
1996-04-30,7.5625,7.5625,7.625,7.88,8,8.185,8.3,8.375,8.47,8.555,8.61,8.655,8.725,,,,,11.151,,
1996-05-31,7.5625,7.59375,7.6875,8.06,8.19,8.43,8.58,8.65,8.77,8.85,8.9,8.93,8.96,,,,,11.151,,
1996-06-28,7.5625,7.625,7.73438,7.79,7.92,8.2,8.36,8.47,8.55,8.66,8.71,8.75,8.79,,,,,11.151,,
1996-07-31,7.0625,7.0625,7.07813,6.97,7.12,7.41,7.63,7.76,7.97,8.14,8.23,8.25,8.31,,,,,11.151,,
1996-08-30,6.9375,6.89063,6.82813,6.77,6.89,7.17,7.39,7.53,7.75,7.91,8.01,8.04,8.08,,,,,11.151,,
1996-09-30,6.82813,6.78125,6.75,6.61,6.67,6.93,7.14,7.24,7.45,7.625,7.7,7.74,7.769,,,,,11.151,,
1996-10-31,6.875,6.625,6.5625,6.38,6.38,6.61,6.8,6.91,7.08,7.2,7.28,7.3,7.35,,,,,11.151,,
1996-11-29,6.57813,6.5,6.4375,6.33,6.55,6.6899999999999995,6.83,6.92,7.02,7.05,7.12,7.18,7.17,,,,,11.151,,
1996-12-31,6.0625,6,5.9375,5.9,6.42,6.65,6.82,6.95,7.12,7.21,7.31,7.4,7.319,,,,,11.151,,
1997-01-31,5.89063,5.71875,5.71875,5.6,6.18,6.53,6.75,6.91,7.1,7.22,7.33,7.44,7.468,,,,,11.151,,
1997-02-28,6.03125,6,6.04688,6.06,6.57,6.89,7.05,7.17,7.36,7.47,7.58,7.68,7.745,,,,,11.151,,
1997-03-31,6.1875,6.1875,6.1875,6.42,6.76,7.14,7.34,7.58,7.68,7.8,7.89,7.99,8.055,,8.17,,,11.151,,
1997-04-30,6.0625,6.0625,6.0625,6.05,6.375,6.765,6.99,7.27,7.385,7.525,7.665,7.795,7.825,,7.955,,,11.151,,
1997-05-30,5.51563,5.5625,5.5625,5.365,5.835,6.275,6.445,6.755,7.025,7.21,7.3,7.375,7.435,,7.47,,,11.151,,
1997-06-30,5.4375,5.4375,5.39063,5.155,5.55,5.955,6.105,6.385,6.6899999999999995,6.86,6.945,7.005,7.055,,7.12,,,11.151,,
1997-07-31,5.0625,5.04688,5.04688,4.87,5.23,5.555,5.8100000000000005,5.89,6.065,6.185,6.21,6.245,6.38,,6.42,,,11.151,,
1997-08-29,4.9375,4.875,4.875,4.62,5.12,5.51,5.845,5.955,6.21,6.385,6.455,6.525,6.62,,6.72,,,11.151,,
1997-09-30,4.85938,4.8125,4.75,4.58,4.82,5.17,5.48,5.57,5.79,5.93,5.995,6.065,6.125,,6.14,,,11.151,,
1997-10-31,4.9375,4.875,4.875,4.82,4.9350000000000005,5.165,5.353,5.425,5.665,5.79,5.84,5.91,5.905,,6.015,,,11.151,,
1997-11-28,5,5,5.0625,4.99,5.294,5.61,5.745,5.87,5.95,6.035,6.095,6.13,6.195,,6.24,,,11.151,,
1997-12-31,4.9375,4.98438,5.03125,4.75,5.168,5.4879999999999995,5.6,5.695,5.7780000000000005,5.875,5.958,5.985,6.038,,6.17,,,11.151,,
1998-01-30,5.0625,5.0625,5.0625,4.95,5.2,5.32,5.49,5.54,5.635,5.72,5.76,5.825,5.9350000000000005,,5.97,,,11.151,,
1998-02-27,5.125,5,5,4.925,5.19,5.31,5.515,5.57,5.67,5.77,5.83,5.9,5.98,,6.06,,,11.151,,
1998-03-31,5.0625,5,5,4.7780000000000005,4.958,5.068,5.253,5.423,5.51,5.58,5.633,5.723,5.753,,5.788,,,11.151,,
1998-04-30,5,5,5,4.76,4.98,5.08,5.25,5.435,5.52,5.605,5.655,5.735,5.89,,5.805,,,11.151,,
1998-05-29,5.0625,5,5,4.6899999999999995,4.735,4.835,4.96,5.1,5.2,5.26,5.29,5.31,5.39,,5.745,,,11.151,,
1998-06-30,5.23438,5.29688,5.3125,4.98,5.14,5.195,5.29,5.36,5.365,5.49,5.5,5.495,5.545,,5.745,,,11.151,,
1998-07-31,5.11719,5.125,5.1875,4.97,5.1,5.17,5.265,5.36,5.425,5.48,5.52,5.51,5.573,,5.745,,,11.151,,
1998-08-31,5.8125,5.96875,5.96875,5.26,5.49,5.5600000000000005,5.64,5.68,5.715,5.595,5.77,5.77,5.79,,5.82,,,11.151,,
1998-09-30,4.9375,4.89063,4.875,4.385,4.475,4.605,4.6,4.6899999999999995,4.74,4.9,4.945,4.945,5.005,,5.035,,,11.151,,
1998-10-30,4.8322,4.735,4.6274999999999995,4.45,4.325,4.35,4.435,4.6,4.71,4.805,4.865,4.88,4.97,,5,,,11.151,,
1998-11-30,4.93188,4.87125,4.75,4.54,4.5600000000000005,4.585,4.67,4.73,4.8149999999999995,4.915,4.93,4.985,5.005,,5.095,,,5.23,,
1998-12-31,4.78,4.78875,4.75,4.58,4.625,4.635,4.695,4.74,4.844,4.92,4.9350000000000005,4.995,5.015,,4.88,,,5.065,,
1999-01-29,4.78281,4.75781,4.75781,4.61,4.7,4.705,4.755,4.8,4.855,4.9350000000000005,4.995,4.995,5.01,,4.88,,,5.08,,
1999-02-26,4.8025,4.8025,4.82625,4.65,4.92,5.07,5.135,5.2,5.285,5.385,5.405,5.47,5.495,,4.88,,,5.585,,
1999-03-31,4.81688,4.81938,4.85344,4.68,4.875,4.99,5.115,5.2,5.28,5.355,5.43,5.46,5.49,,4.88,,,5.5600000000000005,,
1999-04-30,4.82875,4.83375,4.84156,4.78,4.99,5.023,5.27,5.193,5.475,5.525,5.55,5.64,5.67,,4.88,,,5.735,,
1999-05-31,4.87625,4.89125,4.98469,4.686,5.13,5.415,5.6,5.6850000000000005,5.798,5.838,5.867,5.9719999999999995,5.992,,4.88,,,6.128,,
1999-06-30,4.90063,4.95906,5.10938,4.755,5.125,5.57,5.83,5.92,6.06,6.085,6.11,6.26,6.27,,4.88,,,6.335,,
1999-07-30,4.78281,4.85344,5.05125,4.7,5.045,5.455,5.708,5.83,5.95,6.028,6.07,6.208,6.2379999999999995,,4.88,,,6.29,,
1999-08-31,4.81938,4.8825,5.17188,4.725,5.435,5.65,5.913,6.023,6.135,6.183,6.218,6.333,6.355,,4.88,,,6.428,,
1999-09-30,4.85344,5.15875,5.25,4.7379999999999995,5.3629999999999995,5.465,5.735,5.868,6.005,6.083,6.13,6.285,6.301,,4.88,,,6.375,,
1999-10-29,4.9399999999999995,5.3775,5.59875,4.861,5.917,6.073,6.205,6.293,6.392,6.507,6.585,6.625,6.627,,4.88,,,6.693,,
1999-11-30,5.39688,5.45906,5.64125,4.968,5.975,6.178,6.303,6.385,6.468,6.478,6.603,6.62,6.64,,4.88,,,6.708,,
1999-12-31,5.32063,5.57375,5.8206299999999995,5.943,6.25,6.47,6.585,6.68,6.78,6.875,6.95,6.96,6.98,,4.88,,,7.045,,
2000-01-31,5.30844,5.58406,5.92906,6.055,6.505,6.8,6.915,6.995,6.765,7.09,7.185,7.168,7.225,,4.88,,,7.225,,
2000-02-29,5.56125,5.73,6.0025,5.865,6.243,6.48,6.5649999999999995,6.615,6.645,6.675,6.675,6.665,6.665,,4.88,,,6.675,,
2000-03-31,5.71219,5.925,6.18188,5.878,6.268,6.405,6.4030000000000005,6.428,6.434,6.432,6.423,6.402,6.379,,4.88,,,6.368,,
2000-04-28,6.01,6.14656,6.30844,6.22,6.325,6.455,6.47,6.483,6.49,6.44,6.439,6.413,6.408,,4.88,,,6.393,,
2000-05-31,6.08938,6.18375,6.31375,6.085,6.098,6.228,6.245,6.26,6.2780000000000005,6.255,6.283,6.268,6.287,,4.88,,,6.333,,
2000-06-30,6.11125,6.15563,6.25,5.915,5.868,5.995,6.02,6.065,6.115,6.098,6.148,6.163,6.183,,4.88,,,6.243,,
2000-07-31,6.11344,6.21688,6.37875,6.143,6.155,6.243,6.25,6.265,6.27,6.252,6.269,6.254,6.259,,4.88,,,6.301,,
2000-08-31,6.33313,6.5,6.64,6.4879999999999995,6.435,6.395,6.36,6.335,6.32,6.31,6.315,6.29,6.28,,4.88,,,6.305,,
2000-09-29,6.42438,6.55313,6.625,6.325,6.255,6.235,6.225,6.215,6.215,6.22,6.233,6.208,6.225,,4.88,,,6.255,,
2000-10-31,6.27813,6.3775,6.43875,6.145,6.095,6.1,6.1,6.12,6.148,6.163,6.198,6.17,6.213,,4.88,,,6.253,,
2000-11-30,6.2225,6.24,6.24625,5.8149999999999995,5.6850000000000005,5.68,5.68,5.735,5.75,5.76,5.763,5.77,5.775,,4.88,,,5.8149999999999995,,
2000-12-29,6.20719,6.13625,5.9399999999999995,5.426,5.281,5.276,5.305,5.337,5.376,5.423,5.466,5.458,5.48,,4.88,,,5.513,,
2001-01-31,5.8825,5.66156,5.40656,5.01,4.755,4.77,4.825,4.91,5.048,5.195,5.202,5.325,5.287,,4.88,,,5.357,,
2001-02-28,5.55625,5.38125,5.18438,4.9399999999999995,4.805,4.803,4.855,4.91,5.02,5.113,5.164,5.225,5.249,,4.88,,,5.314,,
2001-03-30,5.13,4.9525,4.77,4.62,4.73,4.805,4.865,4.915,4.98,5.086,5.183,5.223,5.293,,4.88,,,5.378,,
2001-04-30,4.88375,4.765,4.74,4.605,5.015,5.17,5.28,5.34,5.425,5.53,5.647,5.712,5.797,,4.88,,,5.912,,
2001-05-31,4.96219,4.93438,4.9175,4.6129999999999995,5.24,5.455,5.585,5.64,5.695,5.802,5.89,5.975,6.038,,4.88,,,6.15,,
2001-06-29,4.9825,4.945,4.9875,4.835,5.38,5.61,5.73,5.77,5.8100000000000005,5.89,5.947,6.024,6.06,,4.88,,,6.17,,
2001-07-31,4.995,5.03,5.09188,5.02,5.47,5.71,5.8,5.84,5.865,5.943,6.007,6.059,6.093,,4.88,,,6.192,,
2001-08-31,4.8,4.75,4.70938,4.475,4.755,5.015,5.125,5.23,5.34,5.426,5.483,5.682,5.553,,4.88,,,5.663,,
2001-09-28,4.40031,4.30813,4.265,4.08,4.23,4.505,4.705,4.945,5.095,5.259,5.393,5.682,5.533,,4.88,,,5.703,,
2001-10-31,4.34094,4.21469,4.08094,3.89,3.947,4.198,4.3629999999999995,4.585,4.7379999999999995,4.943,5.09,5.682,5.22,,4.88,,,5.355,,
2001-11-30,4.2675,4.24,4.15,4.01,4.385,4.7,4.88,5.095,5.245,5.378,5.47,5.682,5.585,,4.88,,,5.715,,
2001-12-31,4.2475,4.2025,4.21438,4.125,4.555,5.04,5.275,5.47,5.63,5.78,5.91,5.682,6.02,,4.88,,,6.16,,
2002-01-31,4.25,4.2775,4.3625,4.345,4.84,5.325,5.53,5.675,5.805,5.88,5.998,5.682,6.038,,4.88,,,6.17,,
2002-02-28,4.25,4.28531,4.42188,4.33,4.85,5.325,5.475,5.625,5.745,5.808,5.92,5.682,5.96,,4.88,,,6.1,,
2002-03-29,4.40406,4.62,4.92875,4.73,5.36,5.91,5.965,6.035,6.135,6.19,6.305,5.682,6.35,,4.88,,,6.45,,
2002-04-30,4.40406,4.5834399999999995,4.8025,5.085,5.42,5.57,5.63,5.715,5.825,5.91,6.04,5.682,6.095,,4.88,,,6.198,,
2002-05-31,4.75,5.0125,5.34594,5.5649999999999995,5.823,5.933,5.973,6.025,6.078,6.11,6.17,6.2,6.2780000000000005,,4.88,,,6.335,,
2002-06-28,5,5.11625,5.24,5.258,5.503,5.635,5.698,5.745,5.8100000000000005,5.885,5.955,5.985,6.075,,4.88,,,6.145,,
2002-07-31,4.8293800000000005,4.89563,4.9775,4.998,5.222,5.385,5.47,5.543,5.63,5.708,5.8100000000000005,5.858,5.96,,4.88,,,6.035,,
2002-08-30,4.85594,4.93625,5,4.983,5.113,5.24,5.313,5.39,5.463,5.548,5.64,5.683,5.7780000000000005,,4.88,,,5.865,,
2002-09-30,4.78,4.85594,4.88625,4.803,4.848,4.948,5.06,5.128,5.19,5.233,5.365,5.28,5.35,,4.88,,,5.435,,
2002-10-31,4.80875,4.86875,4.8725000000000005,4.705,4.76,4.823,5,5.113,5.218,5.383,5.448,5.485,5.535,,4.88,,,5.633,,
2002-11-29,4.78031,4.77781,4.77531,4.725,4.88,4.995,5.155,5.275,5.388,5.505,5.5809999999999995,5.615,5.715,,4.88,,,5.8100000000000005,,
2002-12-31,4.78031,4.7524999999999995,4.70969,4.575,4.6,4.525,4.655,4.77,4.89,4.985,5.055,5.08,5.17,,4.88,,,5.255,,
2003-01-31,4.7725,4.7725,4.7425,4.675,4.645,4.585,4.705,4.825,4.925,4.993,5.077,5.1,5.25,,4.88,,,5.265,,
2003-02-28,4.7325,4.72,4.67,4.605,4.398,4.308,4.433,4.585,4.6899999999999995,4.825,4.944,4.968,5.078,,4.88,,,5.165,,
2003-03-31,4.73,4.7375,4.7,4.553,4.548,4.718,4.756,4.848,4.958,5.095,5.216,5.233,5.34,,4.88,,,5.43,,
2003-04-30,4.73,4.73,4.7,4.578,4.578,4.743,4.785,4.858,4.96,5.063,5.183,5.193,5.293,,4.88,,,5.378,,
2003-05-30,4.7325,4.735,4.7175,4.475,4.413,4.483,4.507,4.55,4.643,4.72,4.801,4.803,4.875,,4.88,,,4.948,,
2003-06-30,4.62,4.5725,4.5125,4.3629999999999995,4.395,4.503,4.635,4.735,4.828,4.867,4.934,4.933,5.018,,4.88,,,5.113,,
2003-07-31,4.73,4.72,4.715,4.604,4.692,4.848,4.981,5.087,5.214,5.27,5.345,5.34,5.438,,4.88,,,5.537,,
2003-08-29,4.7825,4.82,4.8925,4.808,4.948,5.091,5.191,5.285,5.345,5.379,5.425,5.418,5.501,,4.88,,,5.579,,
2003-09-30,4.8149999999999995,4.8725000000000005,4.965,4.892,4.9350000000000005,5.058,5.122,5.218,5.265,5.297,5.331,5.323,5.388,,4.88,,,5.447,,
2003-10-31,4.8725000000000005,5.0025,5.19,5.182,5.33,5.549,5.614,5.675,5.713,5.719,5.748,5.73,5.774,,4.88,,,5.813,,
2003-11-28,5.2775,5.3625,5.5675,5.484,5.698,5.841,5.845,5.927,5.942,5.936,5.9559999999999995,5.9399999999999995,5.963,,4.88,,,5.986,,
2003-12-31,5.3825,5.4525,5.5425,5.308,5.296,5.3870000000000005,5.498,5.553,5.578,5.595,5.6,5.6,5.607,,4.88,,,5.6370000000000005,,
2004-01-30,5.53,5.6025,5.6775,5.397,5.448,5.559,5.679,5.749,5.79,5.802,5.826,5.8100000000000005,5.838,,4.88,,,5.883,,
2004-02-27,5.4525,5.5625,5.6675,5.365,5.269,5.348,5.467,5.519,5.547,5.536,5.556,5.538,5.5600000000000005,,4.88,,,5.59,,
2004-03-31,5.3825,5.4525,5.4925,5.186,5.151,5.143,5.301,5.378,5.388,5.435,5.459,5.487,5.504,,4.88,,,5.558,,
2004-04-30,5.4775,5.5525,5.6575,5.415,5.47,5.515,5.719,5.795,5.816,5.873,5.897,5.937,5.952,,4.88,,,6.008,,
2004-05-31,5.4,5.4325,5.5275,5.251,5.315,5.413,5.536,5.632,5.686,5.781,5.799,5.851,5.865,,4.88,,,5.922,,
2004-06-30,5.4025,5.46,5.555,5.311,5.362,5.478,5.625,5.7059999999999995,5.737,5.816,5.835,5.881,5.947,,4.88,,,6.004,,
2004-07-30,5.3275,5.4125,5.53,5.327,5.391,5.534,5.638,5.704,5.753,5.791,5.825,5.844,5.902,,4.88,,,5.959,,
2004-08-31,5.2975,5.39,5.4725,5.253,5.211,5.294,5.385,5.438,5.465,5.498,5.515,5.537,5.584,,4.88,,,5.63,,
2004-09-30,5.3225,5.3675,5.42,5.127,5.142,5.244,5.308,5.353,5.381,5.395,5.417,5.428,5.467,,4.88,,,5.519,,
2004-10-29,5.3,5.3775,5.4225,5.056,5.084,5.142,5.22,5.271,5.298,5.315,5.339,5.348,5.389,,4.88,,,5.44,,
2004-11-30,5.305,5.3375,5.345,5.011,4.899,4.928,5,5.059,5.113,5.135,5.177,5.19,5.225,,4.88,,,5.277,,
2004-12-31,5.3075,5.3625,5.3925,5.14,5.05,5.077,5.159,5.206,5.255,5.269,5.302,5.304,5.33,,4.88,,,5.377,,
2005-01-31,5.33875,5.44,5.5175,5.294,5.285,5.253,5.334,5.356,5.361,5.361,5.38,5.382,5.4030000000000005,,4.88,,,5.444,,
2005-02-28,5.5225,5.7025,5.8125,5.548,5.515,5.552,5.5600000000000005,5.54,5.541,5.549,5.554,5.561,5.564,,4.88,,,5.591,,
2005-03-31,5.735,5.83,5.9325,5.595,5.59,5.646,5.67,5.668,5.6370000000000005,5.644,5.658,5.663,5.672,,4.88,,,5.707,,
2005-04-29,5.57,5.625,5.6725,5.234,5.236,5.308,5.315,5.316,5.316,5.329,5.336,5.345,5.342,,4.88,,,5.3870000000000005,,
2005-05-31,5.57,5.62,5.645,5.224,5.14,5.134,5.135,5.131,5.127,5.141,5.139,5.151,5.144,,4.88,,,5.181,,
2005-06-30,5.5475,5.595,5.625,5.168,5.135,5.098,5.099,5.103,5.092,5.101,5.112,5.11,5.107,,4.88,,,5.151,,
2005-07-29,5.53,5.5775,5.6125,5.144,5.129,5.125,5.115,5.135,5.115,5.117,5.121,5.123,5.126,,4.88,,,5.174,,
2005-08-31,5.5225,5.5649999999999995,5.575,5.081,5.011,4.992,5,5.013,5.011,5.031,5.03,5.049,5.047,,4.88,,,5.09,,
2005-09-30,5.5375,5.5825,5.635,5.312,5.284,5.296,5.32,5.331,5.327,5.337,5.3469999999999995,5.356,5.362,,4.88,,,5.391,,
2005-10-31,5.52,5.5775,5.635,5.383,5.341,5.354,5.389,5.399,5.413,5.449,5.468,5.476,5.479,,4.88,,,5.508,,
2005-11-30,5.5225,5.5725,5.605,5.334,5.27,5.292,5.324,5.338,5.344,5.359,5.366,5.373,5.377,,4.88,,,5.406,,
2005-12-30,5.53425,5.5817499999999995,5.639,5.398,5.22,5.21,5.22,5.22,5.212,5.228,5.205,5.221,5.2,,4.88,,,5.215,,
2006-01-31,5.5175,5.5649999999999995,5.6025,5.38,5.263,5.2780000000000005,5.288,5.292,5.298,5.338,5.345,5.352,5.353,,4.88,,,5.384,,
2006-02-28,5.5075,5.54,5.5775,5.385,5.253,5.258,5.268,5.263,5.257,5.282,5.285,5.29,5.29,,4.88,,,5.31,,
2006-03-31,5.5024999999999995,5.54,5.5875,5.398,5.323,5.348,5.367,5.37,5.368,5.398,5.4,5.415,5.415,,4.88,,,5.425,,
2006-04-28,5.6274999999999995,5.7275,5.84,5.678,5.615,5.64,5.66,5.67,5.68,5.699,5.7,5.7,5.7,,4.88,,,5.71,,
2006-05-31,5.745,5.8225,5.9375,5.675,5.67,5.7,5.705,5.705,5.71,5.71,5.713,5.715,5.73,,4.88,,,5.76,,
2006-06-30,5.8075,5.925,6.0375,5.84,5.79,5.785,5.784,5.783,5.771,5.771,5.773,5.775,5.78,,4.88,,,5.8,,
2006-07-31,6,6.115,6.245,6.075,5.984,5.965,5.939,5.924,5.853,5.855,5.84,5.837,5.84,,4.88,,,5.856,,
2006-08-31,6.02,6.1,6.215,6.01,5.844,5.799,5.768,5.742,5.713,5.707,5.687,5.675,5.661,,4.88,,,5.678,,
2006-09-29,6.0425,6.135,6.205,5.982,5.854,5.758,5.717,5.674,5.593,5.592,5.554,5.536,5.506,,4.88,,,5.513,,
2006-10-31,6.185,6.295,6.4125,6.227,6.114,6.028,5.973,5.9,5.7780000000000005,5.782,5.717,5.703,5.658,,4.88,,,5.647,,
2006-11-30,6.265,6.3325,6.4125,6.146,6.056,5.949,5.892,5.829,5.717,5.715,5.654,5.639,5.589,,4.88,,,5.568,,
2006-12-29,6.27,6.36,6.4675,6.221,6.213,6.112,6.071,6.032,5.975,5.98,5.924,5.917,5.882,,4.88,,,5.859,,
2007-01-31,6.2575,6.315,6.3975,6.12,6.183,6.108,6.073,6.058,6.016,6.017,5.971,5.967,5.937,,4.88,,,5.933,,
2007-02-28,6.2575,6.31,6.3725,6.071,6.059,5.948,5.902,5.8629999999999995,5.87,5.79,5.82,5.731,5.686,,4.88,,,5.681,,
2007-03-30,6.355,6.45125,6.555,6.3,6.294,6.211,6.151,6.104,6.026,5.784,5.938,5.723,5.88,,4.88,,,5.857,,
2007-04-30,6.245,6.315,6.41,6.161,6.13,6.064,6.044,6.027,5.986,5.784,5.925,5.723,5.879,,4.88,,,5.858,,
2007-05-31,6.245,6.29875,6.3975,6.217,6.257,6.199,6.176,6.149,6.108,5.784,6.046,5.723,6.015,,4.88,,,5.999,,
2007-06-29,6.25375,6.36375,6.50375,6.3870000000000005,6.457,6.448,6.432,6.409,6.338,5.784,6.276,5.723,6.256,,4.88,,,6.252,,
2007-07-31,6.42,6.52,6.64,6.455,6.427,6.393,6.338,6.293,6.195,5.784,6.078,5.723,6.031,,4.88,,,6.026,,
2007-08-31,6.74,6.8975,7.005,6.316,6.25,6.203,6.162,6.133,6.063,5.784,5.982,5.723,5.918,,4.88,,,5.915,,
2007-09-28,6.745,6.8675,7.0175,6.39,6.433,6.439,6.418,6.401,6.335,5.784,6.23,5.723,6.145,,4.88,,,6.18,,
2007-10-31,6.7275,7.03,7.23,6.626,6.72,6.682,6.621,6.551,6.459,5.784,6.271,5.723,6.1370000000000005,,4.88,,,6.148,,
2007-11-30,6.9625,7.2675,7.4575,6.58,6.584,6.473,6.38,6.323,6.219,5.784,6.069,5.723,5.997,,4.88,,,5.96,,
2007-12-31,6.67,7.1625,7.4025,6.61,6.852,6.89,6.7940000000000005,6.708,6.542,5.784,6.383,5.723,6.326,,4.88,,,6.243,,
2008-01-31,7.1,7.3,7.455,6.643,6.645,6.612,6.532,6.48,6.315,5.784,6.145,5.723,6.088,,4.88,,,6.028,,
2008-02-29,7.515,7.9375,8.1425,6.834,6.72,6.687,6.601,6.556,6.314,5.784,6.284,5.723,6.213,,4.88,,,6.19,,
2008-03-31,7.5525,7.8675,7.9775,6.29,6.201,6.126,6.187,6.088,5.895,6.078,5.914,6.033,6.054,,4.88,,,6.088,,
2008-04-30,7.5475,7.8525,8.005,6.542,6.471,6.372,6.346,6.256,5.895,6.275,5.914,6.275,6.286,,4.88,,,6.32,,
2008-05-30,7.4,7.78,7.95,6.91,6.842,6.728,6.668,6.59,5.895,6.562,5.914,6.5440000000000005,6.53,,4.88,,,6.532,,
2008-06-30,7.5125,7.8100000000000005,8.1,6.905,6.806,6.703,6.655,6.561,5.895,6.4719999999999995,5.914,6.448,6.447,,4.88,,,6.438,,
2008-07-31,7.435,7.78,7.9175,6.493,6.313,6.161,6.148,6.149,6.169,6.198,5.914,6.208,6.218,,4.88,,,6.212,,
2008-08-29,7.115,7.2875,7.32,5.917,5.71,5.648,5.68,5.6899999999999995,5.713,5.709,5.914,5.728,5.759,,4.88,,,5.761,,
2008-09-30,7.775,7.8,7.8,5.185,5.106,5.091,5.15,5.188,5.255,5.286,5.914,5.337,5.395,,4.88,,,5.424,,
2008-10-31,6.525,6.5,6.4375,4.173,4.291,4.489,4.623,4.709,4.818,4.886,5.914,5.036,5.169,,4.88,,,5.32,,
2008-11-28,5.125,5.1575,5.1525,2.887,3.193,3.577,3.767,3.883,4.093,4.168,5.914,4.449,4.5969999999999995,,4.88,,,4.709,,
2008-12-31,4.8625,4.825,4.7375,2.88,2.743,3.071,3.289,3.414,3.578,3.627,5.914,3.873,3.992,,4.88,,,4.029,,
2009-01-30,3.925,3.875,3.825,2.536,2.414,2.9,3.113,3.354,3.544,3.885,5.914,3.902,4.099,,4.88,,,4.21,,
2009-02-27,3.645,3.7875,3.8825,2.7359999999999998,2.785,3.245,3.528,3.794,4.012,4.184,5.914,3.902,4.4030000000000005,,4.88,,,4.574,,
2009-03-31,3.5675,3.67,3.7824999999999998,2.558,2.8369999999999997,3.395,3.692,3.956,4.089,4.239,5.914,3.902,4.423,,4.88,,,4.622,,
2009-04-30,3.34,3.5375,3.7,2.677,3.142,3.438,3.77,4.027,4.227,4.394,5.914,3.902,4.569,,4.88,,,4.771,,
2009-05-29,3.205,3.44,3.6875,3.001,3.503,3.964,4.365,4.675,4.92,5.114,5.914,3.902,5.279,,4.88,,,5.448,,
2009-06-30,3.275,3.5,3.7925,3.446,4.011,4.561,4.916,5.219,5.317,5.411,5.914,3.902,5.522,,4.88,,,5.629,,
2009-07-31,3.215,3.3775,3.805,3.575,4.256,4.811,5.181,5.419,5.509,5.55,5.914,3.902,5.605,,4.88,,,5.697,,
2009-08-31,3.25875,3.4,3.9375,3.9939999999999998,4.557,4.945,5.214,5.293,5.321,5.3629999999999995,5.914,3.902,5.416,,4.88,,,5.48,,
2009-09-30,3.23,3.415,3.9325,3.923,4.409,4.829,5.086,5.205,5.242,5.302,5.914,3.902,5.36,,4.88,,,5.456,,
2009-10-30,3.615,3.9225,4.46,4.313,4.689,5.023,5.21,5.309,5.377,5.465,5.914,3.902,5.543,,4.88,,,5.647,,
2009-11-30,3.7475,3.9475,4.41,4.086,4.318,4.6129999999999995,4.846,4.959,5.036,5.169,5.914,3.902,5.24,,4.88,,,5.311,,
2009-12-31,3.95,4.095,4.4675,4.219,4.402,4.662,5.002,5.165,5.281,5.521,5.914,3.902,5.644,,4.88,,,5.78,,
2010-01-29,4.0375,4.2075,4.5525,4.222,4.207,4.51,4.8149999999999995,4.993,5.078,5.273,5.914,3.902,5.379,,4.88,,,5.471,,
2010-02-26,3.99,4.1475,4.4225,4.226,4.555,4.817,5.023,5.12,5.197,5.326,5.914,3.902,5.435,,4.88,,,5.534,,
2010-03-31,4.175,4.3575,4.6325,4.564,4.989,5.275,5.445,5.52,5.197,5.659,5.914,3.902,5.78,,4.88,,,5.8100000000000005,,
2010-04-30,4.41,4.545,4.8774999999999995,4.463,4.946,5.281,5.437,5.517,5.197,5.603,5.914,3.902,5.711,,4.88,,,5.737,,
2010-05-31,4.7025,4.8275,4.9975000000000005,4.219,4.424,4.718,4.926,5.014,5.197,5.212,5.914,3.902,5.372,,4.88,,,5.404,,
2010-06-30,4.75,4.8825,5.0575,4.434,4.438,4.434,4.608,4.681,5.197,4.907,5.914,5.037,5.094,,4.88,,,5.204,,
2010-07-30,4.7375,4.875,5.1075,4.5120000000000005,4.561,4.564,4.694,4.765,4.924,5.008,5.914,5.1370000000000005,5.2,,4.88,,,5.317,,
2010-08-31,4.68875,4.845,5,4.272,4.236,4.235,4.342,4.385,4.517,4.594,5.914,4.705,4.763,,4.88,,,4.86,,
2010-09-30,4.71125,4.865,5.0725,4.675,4.766,4.753,4.838,4.851,4.904,4.908,5.914,4.948,4.963,,4.88,,,5.033,,
2010-10-29,4.6025,4.745,4.995,4.538,4.814,4.865,4.937,4.969,5.062,5.103,5.914,5.176,5.203,,4.88,,,5.277,,
2010-11-30,4.8,4.8975,5.105,4.634,4.8100000000000005,4.981,5.058,5.117,5.222,5.287,5.914,5.389,5.409,,4.88,,,5.494,,
2010-12-31,4.85,4.95,5.1325,4.961,5.165,5.273,5.326,5.401,5.419,5.479,5.492,5.506,5.545,,4.88,,,5.582,,
2011-01-31,4.85,4.9425,5.135,4.752,4.9030000000000005,5.054,5.121,5.247,5.335,5.424,5.456,5.484,5.514,,4.88,,,5.57,,
2011-02-28,4.8525,4.95,5.15,4.796,4.966,5.127,5.2,5.317,5.34,5.414,5.437,5.464,5.494,,4.88,,,5.54,,
2011-03-31,4.8,4.90125,5.06625,4.791,4.916,5.042,5.115,5.243,5.304,5.377,5.42,5.452,5.486,,4.88,,,5.53,,
2011-04-29,4.8,4.925,5.1275,4.868,4.959,5.077,5.155,5.247,5.282,5.332,5.365,5.395,5.432,,4.88,,,5.47,,
2011-05-31,4.805,4.955,5.1975,4.7780000000000005,4.797,4.856,4.91,4.995,5.065,5.126,5.157,5.183,5.21,,4.88,,,5.245,,
2011-06-30,4.7825,4.8925,5.0575,4.702,4.737,4.7620000000000005,4.795,4.868,4.927,5.028,5.123,5.174,5.208,,4.88,,,5.244,,
2011-07-29,4.8175,4.9125,5.015,4.503,4.396,4.357,4.408,4.475,4.534,4.617,4.687,4.756,4.803,,4.88,,,4.854,,
2011-08-31,4.8375,4.85,4.88125,3.912,3.749,3.767,3.817,3.924,4.003,4.104,4.21,4.306,4.373,,4.88,,,4.524,,
2011-09-30,4.8325,4.84,4.87125,4.097,3.667,3.62,3.693,3.787,3.84,3.958,4.066,4.157,4.22,,4.88,,,4.357,,
2011-10-31,4.8100000000000005,4.81625,4.85,4.09,3.99,3.879,3.9370000000000003,4.043,4.102,4.241,4.327,4.427,4.509,,4.88,,,4.853,,
2011-11-30,4.6725,4.70375,4.73,3.427,3.215,3.122,3.166,3.304,3.412,3.559,3.684,3.824,3.932,,4.88,,,4.302,,
2011-12-30,4.532,4.654,4.716,3.479,3.2800000000000002,3.128,3.141,3.254,3.295,3.388,3.483,3.574,3.669,,4.88,,,4.055,,
2012-01-31,4.514,4.652,4.708,3.2720000000000002,3.174,3.167,3.258,3.308,3.443,3.536,3.635,3.574,3.718,,4.88,,,4.121,,
2012-02-29,4.52,4.694,4.774,3.777,3.62,3.613,3.664,3.677,3.754,3.811,3.898,3.574,3.972,,4.88,,,4.372,,
2012-03-30,4.516,4.686,4.8100000000000005,3.612,3.469,3.476,3.528,3.5629999999999997,3.693,3.783,3.898,3.574,3.982,,4.88,,,4.381,,
2012-04-30,4.422,4.6,4.716,3.206,3.006,3.007,3.076,3.118,3.265,3.364,3.4699999999999998,3.574,3.674,,4.88,,,4.001,,
2012-05-31,3.9939999999999998,4.112,4.318,2.5060000000000002,2.216,2.126,2.21,2.287,2.477,2.583,2.71,2.819,2.9210000000000003,,4.88,,,3.268,,
2012-06-29,3.8120000000000003,4.004,4.244,2.871,2.461,2.395,2.476,2.504,2.65,2.734,2.839,2.936,3.038,,4.88,,,3.3810000000000002,,
2012-07-31,3.76,3.99,4.212,2.825,2.701,2.567,2.585,2.653,2.7039999999999997,2.762,2.9290000000000003,3.015,3.105,,4.88,,,3.355,,
2012-08-31,3.746,3.9779999999999998,4.164,2.855,2.65,2.472,2.48,2.575,2.64,2.718,2.926,3.013,3.092,,4.88,,,3.367,,
2012-09-28,3.676,3.866,4.042,2.628,2.465,2.433,2.433,2.5220000000000002,2.582,2.661,2.823,2.904,2.9859999999999998,,4.88,,,3.294,,
2012-10-31,3.342,3.5,3.682,2.651,2.568,2.567,2.57,2.653,2.713,2.786,2.971,3.055,3.126,,4.88,,,3.419,,
2012-11-30,3.296,3.426,3.56,2.7800000000000002,2.6710000000000003,2.62,2.622,2.697,2.759,2.84,3.011,3.091,3.157,,4.88,,,3.472,,
2012-12-31,3.142,3.238,3.37,2.617,2.637,2.6710000000000003,2.691,2.754,2.826,2.925,3.126,3.216,3.273,,4.88,,,3.62,,
2013-01-31,3.124,3.182,3.294,2.74,2.763,2.818,2.839,2.979,3.09,3.192,3.295,3.394,3.448,,4.88,,,3.81,,
2013-02-28,3.126,3.168,3.25,2.659,2.6710000000000003,2.737,2.783,2.915,3.001,3.101,3.198,3.297,3.348,,4.88,,,3.718,,
2013-03-29,3.118,3.176,3.2800000000000002,2.82,2.834,2.879,2.906,3.036,3.107,3.211,3.305,3.367,3.41,,4.88,,,3.7720000000000002,,
2013-04-30,3.094,3.138,3.226,2.589,2.577,2.5869999999999997,2.612,2.7279999999999998,2.82,2.922,3.002,3.058,3.093,,4.88,,,3.426,,
2013-05-31,2.865,2.957,3.058,2.512,2.5380000000000003,2.6,2.648,2.7960000000000003,2.942,3.098,3.22,3.311,3.358,,4.88,,,3.6879999999999997,,
2013-06-28,2.865,2.957,3.058,2.477,2.529,2.754,2.846,3.041,3.222,3.415,3.578,3.703,3.76,,4.88,,,4.093,,
2013-07-31,2.865,2.957,3.058,2.278,2.326,2.535,2.7880000000000003,2.903,3.121,3.342,3.512,3.662,3.725,,4.88,,,4.219,,
2013-08-30,2.865,2.957,3.058,2.341,2.436,2.699,2.963,3.086,3.303,3.515,3.677,3.835,3.896,,4.88,,,4.396,,
2013-09-30,2.865,2.957,3.058,2.404,2.454,2.708,2.939,3.045,3.252,3.4699999999999998,3.621,3.749,3.8120000000000003,,4.88,,,4.316,,
2013-10-31,2.865,2.957,3.058,2.5220000000000002,2.677,3.004,3.208,3.393,3.597,3.76,3.877,3.939,4.024,,4.88,,,4.426,,
2013-11-29,2.865,2.957,3.058,2.515,2.708,3.056,3.281,3.501,3.725,3.906,4.06,4.13,4.222,,4.88,,,4.633,4.822,
2013-12-31,2.865,2.957,3.058,2.391,2.648,2.953,3.213,3.465,3.665,3.873,4.055,4.124,4.235,,4.88,,,4.641,4.797,
2014-01-31,2.865,2.957,3.058,2.376,2.665,2.839,3.084,3.306,3.504,3.665,3.827,3.9,3.999,,4.88,,,4.409,4.579,
2014-02-28,2.865,2.957,3.058,2.436,2.666,2.834,3.067,3.3,3.513,3.678,3.854,3.922,4.02,,4.88,,,4.434,4.593,
2014-03-31,2.865,2.957,3.058,2.599,2.832,2.989,3.221,3.435,3.602,3.76,3.9130000000000003,3.983,4.083,,4.88,,,4.494,4.677,
2014-04-30,2.865,2.957,3.058,2.582,2.7560000000000002,2.902,3.114,3.316,3.483,3.625,3.775,3.848,3.95,,4.88,,,4.329,4.48,
2014-05-30,2.865,2.957,3.058,2.549,2.632,2.74,2.92,3.089,3.226,3.364,3.498,3.564,3.656,,4.88,,,4.034,4.191,
2014-06-30,2.865,2.957,3.058,2.455,2.532,2.612,2.784,2.9539999999999997,3.109,3.239,3.38,3.452,3.542,,4.88,,,3.906,4.043,
2014-07-31,2.865,2.957,3.058,2.513,2.596,2.714,2.794,2.959,3.097,3.22,3.36,3.423,3.5060000000000002,,4.88,,,3.874,4.015,
2014-08-29,2.865,2.957,3.058,2.484,2.531,2.63,2.702,2.827,2.953,3.048,3.153,3.208,3.293,,4.88,,,3.646,3.7960000000000003,
2014-09-30,2.865,2.957,3.058,2.529,2.583,2.705,2.77,2.895,3.049,3.183,3.317,3.388,3.48,,4.88,,,3.831,3.985,
2014-10-31,2.865,2.957,3.058,2.499,2.527,2.568,2.717,2.831,2.887,3.008,3.13,3.199,3.289,,4.88,,,3.591,3.74,
2014-11-28,2.865,2.957,3.058,2.475,2.411,2.393,2.455,2.564,2.625,2.739,2.867,2.944,3.026,,4.88,,,3.325,3.468,
2014-12-31,2.865,2.957,3.058,2.309,2.17,2.127,2.164,2.262,2.312,2.438,2.577,2.646,2.74,,4.88,,,3.042,3.186,
2015-01-30,2.865,2.957,3.058,2.06,1.964,1.9449999999999998,1.967,2.021,2.061,2.15,2.324,2.384,2.443,,4.88,,,2.642,2.762,
2015-02-27,2.865,2.957,3.058,1.9100000000000001,1.7930000000000001,1.794,1.817,1.8980000000000001,1.956,2.089,2.312,2.39,2.459,,4.88,,,2.708,2.847,
2015-03-31,2.865,2.957,3.058,1.846,1.73,1.7,1.73,1.8010000000000002,1.8519999999999999,1.967,2.195,2.267,2.319,,4.88,,,2.573,2.6870000000000003,
2015-04-30,2.865,2.957,3.058,1.971,1.951,1.931,1.9769999999999999,2.104,2.265,2.408,2.493,2.586,2.646,,4.88,,,2.885,3.106,
2015-05-29,2.865,2.957,3.058,1.891,1.879,1.883,1.9529999999999998,2.103,2.283,2.446,2.534,2.653,2.73,,4.88,,,2.997,3.275,
2015-06-30,2.865,2.957,3.058,1.938,2.016,2.021,2.109,2.286,2.474,2.674,2.777,2.918,3.01,,4.88,,,3.306,3.598,
2015-07-31,2.865,2.957,3.058,1.9260000000000002,1.876,1.904,2.022,2.066,2.252,2.429,2.54,2.664,2.758,,4.88,,,3.07,3.346,
2015-08-31,2.865,2.957,3.058,1.8639999999999999,1.779,1.776,1.876,1.94,2.141,2.33,2.444,2.576,2.6630000000000003,,4.88,,,2.98,3.285,
2015-09-30,2.865,2.957,3.058,1.911,1.826,1.825,1.924,1.982,2.162,2.336,2.428,2.54,2.605,,4.88,,,2.917,3.189,
2015-10-30,2.865,2.957,3.058,1.7850000000000001,1.741,1.795,1.888,2.064,2.117,2.298,2.399,2.5380000000000003,2.6109999999999998,,4.88,,,2.918,3.226,
2015-11-30,2.865,2.957,3.058,1.9809999999999999,2.011,2.099,2.173,2.308,2.365,2.54,2.6470000000000002,2.782,2.859,,4.88,,,3.153,3.39,
2015-12-31,2.865,2.957,3.058,2.005,2.016,2.02,2.096,2.245,2.485,2.61,2.755,2.817,2.88,,4.88,,,3.116,3.412,
2016-01-29,2.865,2.957,3.058,1.915,1.893,1.8780000000000001,1.935,2.069,2.294,2.394,2.515,2.5789999999999997,2.635,,4.88,,,2.871,3.184,
2016-02-29,2.865,2.957,3.058,1.9220000000000002,1.7690000000000001,1.73,1.77,1.9140000000000001,2.11,2.193,2.292,2.348,2.399,,4.88,,,2.632,2.935,
2016-03-31,2.865,2.957,3.058,1.928,1.897,1.9020000000000001,1.959,2.093,2.206,2.278,2.372,2.441,2.489,,2.6189999999999998,,,2.71,3.053,
2016-04-29,2.865,2.957,3.058,1.883,1.8599999999999999,1.8559999999999999,1.917,2.057,2.214,2.297,2.402,2.4699999999999998,2.517,,2.63,,,2.729,3.094,
2016-05-31,2.865,2.957,3.058,1.71,1.6680000000000001,1.639,1.688,1.8279999999999998,1.979,2.063,2.178,2.253,2.303,,2.424,,,2.535,2.8970000000000002,
2016-06-30,2.865,2.957,3.058,1.5899999999999999,1.5859999999999999,1.553,1.5510000000000002,1.647,1.742,1.812,1.896,1.946,1.9809999999999999,,2.16,,,2.196,2.536,
2016-07-29,2.865,2.957,3.058,1.561,1.509,1.458,1.506,1.548,1.637,1.6949999999999998,1.78,1.837,1.874,,2.16,,,2.214,2.409,
2016-08-31,2.865,2.957,3.058,1.513,1.437,1.404,1.468,1.514,1.615,1.669,1.736,1.787,1.8239999999999998,,2.16,,,2.22,2.431,
2016-09-30,2.865,2.957,3.058,1.637,1.5470000000000002,1.5190000000000001,1.5659999999999998,1.5979999999999999,1.682,1.7530000000000001,1.826,1.876,1.908,,2.16,,,2.295,2.537,
2016-10-31,2.865,2.957,3.058,1.626,1.642,1.7,1.7810000000000001,1.9489999999999998,2.059,2.183,2.258,2.304,2.346,,2.16,,,2.718,2.923,
2016-11-30,2.865,2.957,3.058,1.673,1.7610000000000001,1.8980000000000001,2.045,2.25,2.377,2.518,2.613,2.67,2.723,,2.16,,,3.138,3.44,3.742
2016-12-30,2.865,2.957,3.058,1.724,1.8279999999999998,1.959,2.124,2.325,2.426,2.572,2.668,2.707,2.765,,2.16,,,3.22,3.495,3.79
2017-01-31,2.865,2.957,3.058,1.706,1.7770000000000001,1.907,2.055,2.213,2.347,2.489,2.586,2.652,2.713,,2.16,,,3.169,3.471,3.786
2017-02-28,2.865,2.957,3.058,1.593,1.8050000000000002,1.9529999999999998,2.104,2.25,2.372,2.515,2.609,2.673,2.722,,2.16,,,3.151,3.451,3.759
2017-03-31,2.865,2.957,3.058,1.5590000000000002,1.749,1.905,2.076,2.239,2.337,2.483,2.575,2.64,2.701,,2.16,,,3.075,3.304,3.601
2017-04-28,2.865,2.957,3.058,1.537,1.6520000000000001,1.7970000000000002,1.9569999999999999,2.109,2.215,2.356,2.447,2.516,2.575,,2.749,,,2.98,3.216,3.535
2017-05-31,2.865,2.957,3.058,1.546,1.546,1.63,1.7730000000000001,1.909,2.019,2.156,2.254,2.331,2.387,,2.55,,,2.773,3.013,3.34
2017-06-30,2.865,2.957,3.058,1.6099999999999999,1.729,1.905,2.053,2.182,2.27,2.402,2.492,2.557,2.598,,2.7439999999999998,,,2.952,3.186,3.477
2017-07-31,2.865,2.957,3.058,1.625,1.791,1.968,2.116,2.165,2.268,2.406,2.504,2.585,2.678,,2.773,,,2.979,3.216,3.525
2017-08-31,2.865,2.957,3.058,1.6600000000000001,1.885,2.047,2.183,2.2359999999999998,2.328,2.456,2.545,2.6189999999999998,2.714,,2.806,,,3.011,3.232,3.535
2017-09-29,2.865,2.957,3.058,1.778,1.954,2.146,2.301,2.358,2.457,2.582,2.676,2.745,2.839,,2.93,,,3.113,3.318,3.605
2017-10-31,2.865,2.957,3.058,1.733,1.821,1.975,2.123,2.18,2.399,2.497,2.57,2.62,2.669,,2.758,,,2.941,3.144,3.435
2017-11-30,2.865,2.957,3.058,1.6720000000000002,1.7349999999999999,1.9020000000000001,2.03,2.081,2.269,2.352,2.418,2.457,2.499,,2.586,,,2.775,2.983,3.2560000000000002
2017-12-29,2.865,2.957,3.058,1.7970000000000002,1.968,2.127,2.248,2.293,2.458,2.523,2.573,2.608,2.63,,2.713,,,2.901,3.093,3.3529999999999998
2018-01-31,2.865,2.957,3.058,1.755,2.026,2.144,2.3,2.411,2.569,2.656,2.721,2.767,2.8129999999999997,,2.843,,,3.011,3.187,3.419
2018-02-28,2.865,2.957,3.058,1.834,1.996,2.085,2.233,2.373,2.533,2.626,2.694,2.749,2.808,,2.842,,,3.03,3.21,3.422
2018-03-30,2.865,2.957,3.058,1.913,2.013,2.052,2.186,2.298,2.423,2.496,2.548,2.583,2.601,,2.628,,,2.806,2.988,3.2
2018-04-30,2.865,2.957,3.058,1.9649999999999999,2.042,2.178,2.309,2.428,2.543,2.623,2.682,2.734,2.769,,2.828,,,2.944,3.152,3.291
2018-05-31,2.865,2.957,3.058,1.818,1.9809999999999999,2.096,2.215,2.311,2.427,2.5140000000000002,2.575,2.626,2.67,,2.713,,,2.8529999999999998,3.082,3.192
2018-06-29,2.865,2.957,3.058,1.911,1.9849999999999999,2.058,2.161,2.266,2.38,2.469,2.536,2.585,2.6310000000000002,,2.665,,,2.7960000000000003,2.989,3.093
2018-07-31,2.865,2.957,3.058,1.976,2.069,2.083,2.173,2.263,2.383,2.472,2.542,2.598,2.6470000000000002,,2.707,,,2.805,3.008,3.115
2018-08-31,2.865,2.957,3.058,1.966,1.966,1.975,2.097,2.133,2.252,2.338,2.407,2.464,2.519,,2.576,,,2.6879999999999997,2.916,3.03
2018-09-28,2.865,2.957,3.058,1.9220000000000002,2.034,2.049,2.191,2.234,2.364,2.463,2.54,2.601,2.668,,2.723,,,2.828,3.04,3.146
2018-10-31,2.865,2.957,3.058,1.928,1.974,1.9929999999999999,2.133,2.168,2.296,2.402,2.484,2.549,2.627,,2.676,,,2.789,3.011,3.11
2018-11-30,2.865,2.957,3.058,1.9140000000000001,1.994,2.01,2.152,2.187,2.3,2.386,2.454,2.513,2.592,,2.634,,,2.75,3.001,3.115
2018-12-31,2.865,2.957,3.058,1.936,1.9,1.849,1.8679999999999999,1.9060000000000001,2.019,2.12,2.199,2.252,2.318,,2.356,,,2.463,2.682,2.801
2019-01-31,2.865,2.957,3.058,1.892,1.796,1.7469999999999999,1.7850000000000001,1.883,1.99,2.078,2.148,2.228,2.243,,2.27,,,2.507,2.606,2.74
2019-02-28,2.865,2.957,3.058,1.7469999999999999,1.692,1.6280000000000001,1.641,1.7229999999999999,1.8279999999999998,1.916,1.992,2.085,2.103,,2.128,,,2.3609999999999998,2.569,2.721
2019-03-29,2.865,2.957,3.058,1.55,1.462,1.385,1.389,1.44,1.526,1.611,1.671,1.7530000000000001,1.775,,1.799,,,2.042,2.212,2.399
2019-04-30,2.865,2.957,3.058,1.405,1.322,1.278,1.293,1.3780000000000001,1.4769999999999999,1.576,1.661,1.7570000000000001,1.787,,1.831,,,2.075,2.24,2.399
2019-05-31,2.865,2.957,3.058,1.204,1.115,1.099,1.113,1.161,1.238,1.306,1.365,1.432,1.458,,1.5510000000000002,,,1.729,1.9140000000000001,2.399
2019-06-28,2.865,2.957,3.058,1.039,0.978,0.956,0.964,1.013,1.093,1.156,1.224,1.297,1.322,,1.403,,,1.558,1.728,2.399
2019-07-31,2.865,2.957,3.058,0.977,0.841,0.805,0.811,0.842,0.93,1.012,1.08,1.159,1.185,,1.256,,,1.452,1.638,1.842
2019-08-30,2.865,2.957,3.058,0.877,0.721,0.668,0.67,0.672,0.724,0.775,0.817,0.872,0.885,,0.94,,,1.1219999999999999,1.289,1.475
2019-09-30,2.865,2.957,3.058,0.82,0.77,0.735,0.735,0.752,0.806,0.874,0.926,0.991,1.018,,1.066,,,1.2530000000000001,1.436,1.627
2019-10-31,2.865,2.957,3.058,0.865,0.821,0.808,0.817,0.848,0.917,0.978,1.083,1.129,1.139,,1.191,,,1.3639999999999999,1.568,1.666
2019-11-29,2.865,2.957,3.058,0.759,0.677,0.646,0.652,0.693,0.764,0.84,0.96,1.018,1.034,,1.079,,,1.266,1.517,1.6179999999999999
2019-12-31,2.865,2.957,3.058,0.933,0.921,0.904,0.938,0.992,1.059,1.139,1.285,1.345,1.37,,1.414,,,1.608,1.8679999999999999,1.991
2020-01-31,2.865,2.957,3.058,0.728,0.655,0.618,0.626,0.662,0.714,0.773,0.872,0.927,0.952,,1.002,,,1.177,1.441,1.546
2020-02-28,2.865,2.957,3.058,0.709,0.546,0.501,0.504,0.53,0.573,0.63,0.729,0.774,0.818,,0.853,,,1.027,1.296,1.397
