Dates,3M,6M,1Y,2Y,3Y,4Y,5Y,7Y,10Y,20Y,30Y,1M
1980-01-31,,,,,,,,,,,,
1980-02-29,,,,,,,,,,,,
1980-03-31,,,,,,,,,,,,
1980-04-30,,,,,,,,,,,,
1980-05-30,,,,,,,,,,,,
1980-06-30,,,,,,,,,,,,
1980-07-31,,,,,,,,,,,,
1980-08-29,,,,,,,,,,,,
1980-09-30,,,,,,,,,,,,
1980-10-31,,,,,,,,,,,,
1980-11-28,,,,,,,,,,,,
1980-12-31,,,,,,,,,,,,
1981-01-30,,,,,,,,,,,,
1981-02-27,,,,,,,,,,,,
1981-03-31,,,,,,,,,,,,
1981-04-30,,,,,,,,,,,,
1981-05-29,,,,,,,,,,,,
1981-06-30,,,,,,,,,,,,
1981-07-31,,,,,,,,,,,,
1981-08-31,,,,,,,,,,,,
1981-09-30,,,,,,,,,,,,
1981-10-30,,,,,,,,,,,,
1981-11-30,,,,,,,,,,,,
1981-12-31,,,,,,,,,,,,
1982-01-29,,,,,,,,,,,,
1982-02-26,,,,,,,,,,,,
1982-03-31,,,,,,,,,,,,
1982-04-30,,,,,,,,,,,,
1982-05-31,,,,,,,,,,,,
1982-06-30,,,,,,,,,,,,
1982-07-30,,,,,,,,,,,,
1982-08-31,,,,,,,,,,,,
1982-09-30,,,,,,,,,,,,
1982-10-29,,,,,,,,,,,,
1982-11-30,,,,,,,,,,,,
1982-12-31,,,,,,,,,,,,
1983-01-31,,,,,,,,,,,,
1983-02-28,,,,,,,,,,,,
1983-03-31,,,,,,,,,,,,
1983-04-29,,,,,,,,,,,,
1983-05-31,,,,,,,,,,,,
1983-06-30,,,,,,,,,,,,
1983-07-29,,,,,,,,,,,,
1983-08-31,,,,,,,,,,,,
1983-09-30,,,,,,,,,,,,
1983-10-31,,,,,,,,,,,,
1983-11-30,,,,,,,,,,,,
1983-12-30,,,,,,,,,,,,
1984-01-31,,,,,,,,,,,,
1984-02-29,,,,,,,,,,,,
1984-03-30,,,,,,,,,,,,
1984-04-30,,,,,,,,,,,,
1984-05-31,,,,,,,,,,,,
1984-06-29,,,,,,,,,,,,
1984-07-31,,,,,,,,,,,,
1984-08-31,,,,,,,,,,,,
1984-09-28,,,,,,,,,,,,
1984-10-31,,,,,,,,,,,,
1984-11-30,,,,,,,,,,,,
1984-12-31,,,,,,,,,,,,
1985-01-31,,,,,,,,,,,,
1985-02-28,,,,,,,,,,,,
1985-03-29,,,,,,,,,,,,
1985-04-30,,,,,,,,,,,,
1985-05-31,,,,,,,,,,,,
1985-06-28,,,,,,,,,,,,
1985-07-31,,,,,,,,,,,,
1985-08-30,,,,,,,,,,,,
1985-09-30,,,,,,,,,,,,
1985-10-31,,,,,,,,,,,,
1985-11-29,,,,,,,,,,,,
1985-12-31,,,,,,,,,,,,
1986-01-31,,,,,,,,,,,,
1986-02-28,,,,,,,,,,,,
1986-03-31,,,,,,,,,,,,
1986-04-30,,,,,,,,,,,,
1986-05-30,,,,,,,,,,,,
1986-06-30,,,,,,,,,,,,
1986-07-31,,,,,,,,,,,,
1986-08-29,,,,,,,,,,,,
1986-09-30,,,,,,,,,,,,
1986-10-31,,,,,,,,,,,,
1986-11-28,,,,,,,,,,,,
1986-12-31,,,,,,,,,,,,
1987-01-30,,,,,,,,,,,,
1987-02-27,,,,,,,,,,,,
1987-03-31,,,,,,,,,,,,
1987-04-30,,,,,,,,,,,,
1987-05-29,,,,,,,,,,,,
1987-06-30,,,,,,,,,,,,
1987-07-31,,,,,,,,,,,,
1987-08-31,,,,,,,,,,,,
1987-09-30,,,,,,,,,,,,
1987-10-30,,,,,,,,,,,,
1987-11-30,,,,,,,,,,,,
1987-12-31,,,,,,,,,,,,
1988-01-29,,,,,,,,,,,,
1988-02-29,,,,,,,,,,,,
1988-03-31,,,,,,,,,,,,
1988-04-29,,,,,,,,,,,,
1988-05-31,,,,,,,,,,,,
1988-06-30,,,,,,,,,,,,
1988-07-29,,,,,,,,,,,,
1988-08-31,,,,,,,,,,,,
1988-09-30,,,,,,,,,,,,
1988-10-31,,,,,,,,,,,,
1988-11-30,,,,,,,,,,,,
1988-12-30,,,,,,,,,,,,
1989-01-31,,,,,,,,,,,,
1989-02-28,,,,,,,,,,,,
1989-03-31,,,,,,,,,,,,
1989-04-28,,,,,,,,,,,,
1989-05-31,,,,,,,,,,,,
1989-06-30,,,,,,,,,,,,
1989-07-31,,,,0.007336523731570294,0.01167259136564165,0.018027667042095227,0.020673487271402786,0.016700846125086877,0.01747026259757497,0.01776449392719342,,
1989-08-31,,,,-0.001646435138748253,-0.008075067513792401,-0.009795782770411805,-0.014292351716106547,-0.015891949573768417,-0.013674139931107158,-0.008105115278964873,,
1989-09-29,,,,0.00693456473387615,0.007011095608266805,-0.0021679082812712624,-0.004430536699974665,-0.005286351158340242,-0.008846198069108576,-0.017587208682933876,,
1989-10-31,,,,0.010787035179160055,0.014993722701494338,0.017615413151757863,0.01981986935184775,0.02172887843393966,0.027726266799638865,0.04099855152740335,,
1989-11-30,,,,0.001303626184827985,-0.004654859458954502,-0.00478300913613099,-0.007239154507001984,-0.004529268675816319,-0.009033240350895422,-0.010212094422378212,,
1989-12-29,,,,0.008560410999386465,0.003818670209848342,0.013006074688312911,0.015183869990274816,0.015493482962008918,0.016513252787759312,0.015312354059154825,,
1990-01-31,,,,0.006931627543623399,0.014237253812593534,0.00558534150033313,0.001181339631600624,-0.0070459629816699695,-0.015361033716235931,-0.025091348087341547,,
1990-02-28,,,,-0.011622535584256865,-0.02086589334481889,-0.023798680561893538,-0.030011777855442165,-0.03062343058809904,-0.0333191709010034,-0.03825055158491606,,
1990-03-30,,,,-0.001286668768785162,-0.0016564449014641735,-0.008152037686811987,-0.010272766229945527,-0.01756042774409718,-0.020099760673285314,-0.028884811970444034,,
1990-04-30,,,,0.005498827749427496,-0.004179209622129791,-0.006692393460064524,-0.014189465189629316,-0.010326388715252943,-0.01741332688422031,-0.02128158083128213,,
1990-05-31,,,,0.024859361999296743,0.0280740665060559,0.03408720813543172,0.04222237229674484,0.043891917429058784,0.058290361073856246,0.07514518905666462,,
1990-06-29,,,,0.013824338879711191,0.015984386067704016,0.015548497823081339,0.017187232885403345,0.017121878792542268,0.015364206770544935,0.012685019100841919,,
1990-07-31,,,,0.01702563708555374,0.02223427490432383,0.0233309314637205,0.02620922101627964,0.021340477514887105,0.021935009706305946,0.006726458373714678,,
1990-08-31,,,,0.018975191276191447,0.015184909576939729,0.01237854995490794,0.010732921643545725,0.004548158289404587,-0.006838853616855506,-0.011698111502951171,,
1990-09-28,,,,0.003057956664413443,-0.0011240364604754136,-0.0007939820700713694,-0.007119547392227651,-0.014088712566708643,-0.01776935818303412,-0.029397878752709827,,
1990-10-31,,,,0.00815927035387443,0.01069301393267054,0.011466593583074874,0.015422538688773442,0.0179616914861291,0.018745456059067668,0.01302439916666103,,
1990-11-30,,,,0.017406681843708006,0.01845687371076837,0.024034122826603468,0.023361065475966634,0.033773847686143145,0.03650421860126416,0.03862865487653626,,0.009629892666822126
1990-12-31,,,,0.009782696825552767,0.008700430053131796,0.010494561226665025,0.019124103733183767,0.020902557020351747,0.02620436667301279,0.048136312756763805,,0.009524088209977633
1991-01-31,,,,0.01692844350516258,0.02585296859019672,0.020782575667756847,0.01999594051665632,0.020509005224697313,0.022747432931963456,0.022274498128653376,0.02006810221931264,0.008900294544691212
1991-02-28,,,,0.01743338063614758,0.021672799412252947,0.02317969666442074,0.026468109186458057,0.03246831545100514,0.03961116753092647,0.035131116036272655,0.03583083278459257,0.008734593823551906
1991-03-29,,,,0.009052351190009163,0.007774538552833989,0.010147574347980517,0.009254375674763494,0.011960310981818321,0.009155276950708297,0.014774865901875621,0.01485336879585184,0.007735581710329287
1991-04-30,,,,0.009053162341032489,0.011489731329128172,0.011515727812382812,0.009805171131697954,0.009393716833424562,0.00730154326967096,0.0012617149014707938,0.01278580807268821,0.007735581710329287
1991-05-31,,,,0.007446067052417989,0.007467459562887415,0.005555843093099976,0.006390120269960926,0.0040883095055015,0.0033469134754624927,0.003821341712729495,0.00351680020164213,0.007303527283165856
1991-06-28,,,,0.003927049724961945,-0.0012257699895959389,-0.0025703015466311233,-0.007088928062217303,-0.013877053051855581,-0.021264689816642098,-0.02275848534789571,-0.026175007121008374,0.007038529899236146
1991-07-31,,,,0.007851972573502753,0.00910334460693736,0.0099505901656646,0.011639873189447368,0.016399329908281707,0.019648071147348758,0.02219704681882417,0.022427856596559676,0.006870197574750492
1991-08-30,,,,0.012996219198671022,0.014283326946561616,0.017239015924717275,0.01660809222822746,0.01960805068576494,0.022370523052705316,0.023834127025167115,0.02627813499529016,0.006918103412868248
1991-09-30,,,,0.021475807354692414,0.026880541820383335,0.031180467275356404,0.03551148502611756,0.042113003171819714,0.04644882094974762,0.050796656152607415,0.05465560390112445,0.006785141593415034
1991-10-31,,,,0.02159711487156621,0.025123861371170824,0.029148308781206583,0.031108009492082107,0.03251490028862131,0.03375472789218032,0.03278337412070903,0.040047248654546404,0.006724781238391486
1991-11-29,,,,0.004770153799533022,0.00830230006816898,0.00805347077795951,0.013047153656653423,0.011387021097758286,0.018213394884312825,0.008352779016029675,0.005768600514788255,0.0063858701299703835
1991-12-31,,,,0.013373373375761685,0.01292047808432692,0.016010694036053794,0.020913029222363735,0.026535104346644356,0.03561590656184968,0.02418925747873136,0.026797097778605394,0.0059473820586881665
1992-01-31,,,,0.00032884404956709236,-0.0024292504537615626,-0.010323467213967681,-0.008849131142127637,-0.010415414423272613,-0.009622043401796674,-0.0010464668747982224,-0.0015119067221023774,0.00575199547340266
1992-02-28,,,,0.0015234069610947061,0.00362063208612873,0.005733148193708682,0.005628432025997732,0.0061439655566253824,0.007701319054224778,0.005456137683962816,0.005384899236227363,0.005739476505198571
1992-03-31,,,,-0.0008247328522555915,-0.006159431786321429,-0.005986858850890416,-0.01196166134133875,-0.01822129292297208,-0.019846438750939086,-0.020422381666646866,-0.014107629143778947,0.00575199547340266
1992-04-30,,,,0.011335868545549455,0.012303699633555883,0.008907871497010082,0.009784021055287445,0.009611425653279876,0.0009737109592216841,-0.0035847944552879862,-0.004526321481857182,0.005666676044459917
1992-05-29,,,,0.01975839893409648,0.023012986383134544,0.02442729672860603,0.030046211914441893,0.03241630139847921,0.03672401586613518,0.04274424563772974,0.047772409824104176,0.005335603818409584
1992-06-30,,,,0.015769661671599485,0.0193725828741239,0.02128323201255036,0.021065127154112188,0.030136432448681794,0.02149812821764039,0.038317924833595175,0.02320104607497841,0.004867550565343048
1992-07-31,,,,0.021236763777697516,0.030437670795773687,0.04127683308182534,0.04566444770477901,0.05520384298100388,0.061280566209338444,0.0731600265587927,0.059333461610036116,0.004471698917043021
1992-08-31,,,,0.005574206258930833,0.006515064440413948,0.0057936106495137685,0.00637361970934986,0.008934366811320553,0.014887045258129903,0.016067643201000535,0.021933863533997365,0.0043724673225018496
1992-09-30,,,,-0.021866101953376217,-0.02481488705334129,-0.030168654470516434,-0.028575200387319817,-0.03513390383332651,-0.033471677613570394,-0.033647531664006754,-0.02732260190234407,0.0038746849921291737
1992-10-30,,,,0.025866100460283245,0.029542554987055568,0.033808479620204106,0.03464650665418567,0.02668249091658526,0.02405875269607569,0.026501426161964357,0.023505064353809328,0.006894153627786004
1992-11-30,,,,-0.022333794565363916,-0.019512991385300858,-0.02863032852019349,-0.03192895960855786,-0.03499540140317307,-0.02355827227954404,-0.033812985352786915,-0.031140135088068416,0.005849740952645677
1992-12-31,,,,0.012977793141058517,0.00823990242343016,0.016562593913955335,0.01802123642743265,0.02014902553415966,0.02090106325843694,0.03151245728680616,0.03107595093658056,0.006676774080706771
1993-01-29,,,,0.00849875338454134,0.0061398138669202535,0.0017168441957845439,0.0064082212045533556,0.00474257650191946,-0.0010043774187536417,-0.002783058120774858,-0.003823403531941638,0.005458130456946764
1993-02-26,,,,0.012947572781300109,0.019510505008225792,0.028976968657570344,0.028724947871153705,0.04084376677967223,0.04688674704936562,0.054577703977374076,0.05370393061402718,0.005187724912590896
1993-03-31,,,,0.004838015106457199,0.0023561539691538944,0.002186301257744129,0.000525149996671376,-0.00032597911685306054,-0.0019890025603914127,-0.005311037432602577,-0.0029831588671776193,0.004669839200035719
1993-04-30,,,,0.003985133895527955,0.0038267165306042888,0.005562402619489174,0.0036509670834821745,0.004340219027807353,0.0033831795403603546,0.0038713761268110948,0.006286079217623127,0.003924984656578534
1993-05-31,,,,0.007060296800060478,0.007084724930661492,0.008371689349030757,0.008291974201779323,0.007354318446883609,0.01150627980370282,0.01786731598370232,0.014464661300870736,0.003936956682236481
1993-06-30,,,,0.014318352465131478,0.016748185730841244,0.01665377748969376,0.013450722223931079,0.02074183936730207,0.01569231344604732,0.022022601356498535,0.02338274962288319,0.0038746849921291737
1993-07-30,,,,0.01435623416141025,0.016192762314403183,0.018468435696111334,0.018038474084015193,0.02482050776454832,0.022256456683959033,0.030947434934573338,0.03500911308394077,0.003599542772643183
1993-08-31,,,,0.002175610413590705,0.00413843093758646,0.010916591434218732,0.015161228309350417,0.020623775579598328,0.03503553302583636,0.04335080271560863,0.05189586094440572,0.0032737397821989145
1993-09-30,,,,0.0011520708608563914,0.00021091077921482653,-0.004457721771367272,-0.007098296372251218,-0.009403505320559316,-0.017757713320344117,-0.01893127385099934,-0.005620401154067473,0.003774801921294202
1993-10-29,,,,0.016877538906337287,0.023773429569052904,0.028243408799375116,0.02793323577918769,0.03359946272339103,0.023937570646534668,0.03546600202660847,0.03237604782704123,0.003662002443503898
1993-11-30,,,,0.004541663281123176,0.006916843999402112,0.007469487080437168,0.0026598631718989505,0.005287544930639443,-2.6195312624683037e-05,0.0035323452457534407,-0.005379027014632292,0.003625172425791634
1993-12-31,,,,0.010867947920424482,0.012423987123750271,0.01580731036386265,0.016184961959710732,0.022563679554691983,0.02364887675926264,0.02787947775285911,0.030798335080395523,0.0032488153144234477
1994-01-31,,,,0.008756873667469318,0.010828026722763725,0.01527090425426514,0.013924824127274112,-0.0025699089503606323,0.020888933026494787,0.032210275727302264,0.034426165820651604,0.003072541703255549
1994-02-28,,,,-0.009708423111608973,-0.013058606614056195,-0.02458750539640384,-0.023600216720652874,-0.03274814327163776,-0.0329576417468738,-0.05020010004040489,-0.048541191206383554,0.003022575809444872
1994-03-31,,,,-0.02602292427577081,-0.039601921797429794,-0.04354430585171083,-0.050260988437739754,-0.05033583782281535,-0.06041815796610021,-0.0665394669645106,-0.06922312657594912,0.003072541703255549
1994-04-29,,,,-0.0011994948997301738,-0.006841617302488566,-0.005499321587343425,-0.00018444516618203307,-0.0035188742613632075,-0.009912744487851555,-0.004768839888959431,-0.009325467859373052,0.004211085071110787
1994-05-31,,,,-0.0024771545589702955,-0.007757109783340085,-0.014418449009473271,-0.018127123605650792,-0.021852404857012554,-0.02526889363736375,-0.027478027002310005,-0.0312875211165846,0.004657171089514467
1994-06-30,,,,-0.0077430726094711395,-0.010773122863077965,-0.012476848066121662,-0.01593368103983976,-0.021007070068913336,-0.02732041750262703,-0.040596241333618194,-0.047294669434432876,0.004768748376037024
1994-07-29,,,,0.013078652907765618,0.014620729626346297,0.013829570281370347,0.013513191722167509,0.01565370197039219,0.01380835601144031,0.014753369987391091,0.017952703227137427,0.004830413477620921
1994-08-31,,,,0.01526084196619036,0.019893140765995968,0.024911516714129524,0.024356783211200026,0.032938867118875316,0.03709528075845421,0.051621876792966884,0.05025991202029971,0.004471698917043021
1994-09-30,,,,0.008224283619913992,0.008939602701569342,0.004610810737212604,0.006991578419181145,0.0028646697262737528,0.0011004324418534084,-0.004929541242822195,-0.006640377446297889,0.004323208412223112
1994-10-31,,,,0.003242518779815988,0.002040694077718107,0.0028957386800756804,-0.001067681471334407,-0.00211005791454569,-0.009615278396099053,-0.01630827783431391,-0.019818408933587082,0.0040247035854266144
1994-11-30,,,,0.00011701834504361778,-0.007678729703614902,-0.004864342018204384,-0.0026537962610102845,-0.001322644611018461,0.002732285406088641,0.01334090033677013,0.014662983166790218,0.004124313689108261
1994-12-30,,,,-0.004535899502596319,-0.00219960567303065,-0.0019322580048952882,-0.0012584207435375713,-5.631140826252938e-05,0.008943824659838397,0.012308132624737213,0.015895843321634462,0.004471698917043021
1995-01-31,,,,0.00606456550642091,0.005410032943086537,0.0036585711289155143,0.00488018456231374,0.0037732894760985265,0.0022052653203219006,0.00018387514477710953,-0.0016461346453851952,0.004917306396427623
1995-02-28,,,,0.02613081114748059,0.03452514251578391,0.03955309918714094,0.04560544237838854,0.0514557304860334,0.05502486758925405,0.05995760956923466,0.06725770865902163,0.006494683374323129
1995-03-31,,,,0.0014275923305702158,0.003099700751639813,0.00294048160091487,0.002172431451161018,0.0030994667231994803,0.0015889370063161732,0.0042014767494905235,0.0017636883404055245,0.006191029716598573
1995-04-28,,,,0.01064561142560967,0.013773766778041908,0.01696074678679031,0.017826755654780903,0.022017520763724003,0.023236737123287592,0.030042275127449967,0.029983089783123626,0.006531049837342984
1995-05-31,,,,0.016088870358168444,0.02120050849859044,0.024181204442652114,0.028396001463527148,0.030468025845073163,0.03943642075327498,0.03944805436461633,0.04122107227058006,0.006324763689528057
1995-06-30,,,,0.007568946985912079,0.006546541415357055,0.004783033623171482,0.003037086318170929,0.002712864092654155,0.0033003565136830097,0.0031945549313104307,0.0019383935753441448,0.006044919024291717
1995-07-31,,,,-0.0017135887442234752,-0.005905964157801108,-0.007788570613259185,-0.011002973232972854,-0.017811372089770128,-0.02481383634732733,-0.038532012840696926,-0.0415866750262658,0.0056419106764529214
1995-08-31,,,,0.011979910338053774,0.016331227171069197,0.020158908315594692,0.021893303345163713,0.030687033636533585,0.03781867590186616,0.04986013046900694,0.05468840013484135,0.005409060977968894
1995-09-29,,,,0.008348345396332562,0.011609120229918453,0.01174302343099406,0.012606612986490807,0.01640119826003841,0.01878313260283348,0.025546449137256153,0.027044061799825596,0.005114089555819046
1995-10-31,,,,0.014874745318537018,0.015157876976386929,0.01745193194849178,0.018323216146159987,0.021242917099702274,0.024417284620729028,0.026706956426679883,0.029639001796877933,0.005064834949770836
1995-11-30,,,,0.011078196522994155,0.015465278642743456,0.020404232961474384,0.02199140278591516,0.02901826432775806,0.03245567528872726,0.047483574807506326,0.05265590555685258,0.005212519189508047
1995-12-29,,,,0.008312311134324221,0.010147260166440455,0.011464207108451193,0.0116616251992784,0.012129731677843987,0.010714739139739393,0.009146850731310371,0.008486546537467951,0.004768748376037024
1996-01-31,,,,0.012341288013265596,0.015650153487922914,0.01728810647857834,0.013254161520831672,0.015399708655377022,0.007127228453677958,0.003990441881285368,-0.0031456495244911818,0.00457082279482246
1996-02-29,,,,-0.0012839079288896797,-0.005804691701052022,-0.009684088943277266,-0.013974024073570634,-0.020176803426038153,-0.02604994438232106,-0.03615060218384775,-0.03704896017218257,0.004273127766158069
1996-03-29,,,,-0.0015380141342337175,-0.002071096487879912,-0.0029072315794450476,-0.0014197784027325509,-0.0023168573709329283,-0.0007702902810041173,-0.0033746910669660455,-0.0012695187795134625,0.004273127766158069
1996-04-30,,,,0.0054897237322683815,-0.0020853823118194225,-0.0013441159538340169,0.0019805435791888414,-0.015108873810432374,-0.004689562332292689,-0.007024759771103869,-0.009728626661945065,0.0040741237836483535
1996-05-31,,,,0.0049307279315307095,0.007242444129476843,0.0018470672782107025,0.006133902819082542,0.013621553278371895,0.012458362610373174,0.01949061335969711,0.025962849657806653,0.0038746849921291737
1996-06-28,,,,0.007436100850590776,0.00745212556432772,0.009368855090304806,0.009829083286100099,0.011382814221317842,0.006200762135853077,0.009444394591651764,0.007646958803563852,0.0038746849921291737
1996-07-31,,,,0.009312718930899723,0.009501587364301485,0.008949804720373683,0.009761032400095095,0.010241046995997958,0.01033132077617145,0.013429500397057982,0.014454394911574766,0.0038746849921291737
1996-08-30,,,,0.0149718824519597,0.015259685561687419,0.01473059413896435,0.01639148922074706,0.016739293737308255,0.018003609961336625,0.018507722120826575,0.019112956808782458,0.003724819357789677
1996-09-30,,,,0.005977648559885335,0.018009028961637502,0.021600040021239376,0.020098335370868997,0.026743188174353012,0.029532264677095802,0.034418245602190256,0.036218939909295506,0.0033176947666893053
1996-10-31,,,,0.019184208100875955,0.02660809684978335,0.03483658049886439,0.03804934926326548,0.0484990379285528,0.05969299263956219,0.08179886474574274,0.08923578552707614,0.0032611819178633983
1996-11-29,,,,0.013966756103909888,0.018933486976699075,0.022112937522712345,0.025412175440820237,0.02903844458526039,0.03684866038150297,0.04887856042871469,0.05513290358848106,0.0027193732719870134
1996-12-31,,,,-0.005017172329253992,-0.00946015150029107,-0.012147359036320603,-0.014439158969262476,-0.01815116239152096,-0.02432675766436748,-0.0353079693328251,-0.03877343627628775,0.0024662697723036864
1997-01-31,,,,0.005894823682545757,0.00621528844391709,0.0017463028984451737,-0.0002125860949361818,-0.0023923153544733776,-0.005545557743655683,-0.016231136674145587,-0.022674463684679923,0.0025042841880764666
1997-02-28,,,,0.001210723314041758,0.0020880759148034314,0.008118367047943767,0.00923470188241328,0.012814762988725392,0.016267049564940156,0.02865124731347599,0.03768908136079319,0.0025169467331154216
1997-03-31,,,,-0.012791214348835426,-0.017803578940395495,-0.01537062753245838,-0.017535528157005906,-0.01964837448806237,-0.020089961012286255,-0.02709853153072201,-0.029388887870215086,0.0025232773459524793
1997-04-30,,,,0.0063832206526445385,0.006010108040519802,0.006003842031469605,0.007820631315810608,0.010173874777801056,0.015594945421964929,0.02410336399124167,0.02839092547892439,0.0026182161981016527
1997-05-30,,,,0.009575204773179984,0.012985192526158236,0.008418004774099612,0.01504222669912545,0.014059882844813944,0.014078743174054588,0.021985565657060287,0.023435876670998012,0.0026182161981016527
1997-06-30,,,,0.0007787209650302233,0.0022334457883056197,0.005540402250009607,0.007598605170826619,0.011713044271312185,0.017739874913627864,0.022060535342276175,0.02357955791260611,0.0025675955308128717
1997-07-31,,,,0.007812924336563165,0.013642975353547427,0.019710146741671757,0.024995349238651904,0.03558972493378639,0.04884493351527241,0.07836475913181577,0.08795893065941351,0.002769909743706611
1997-08-29,0.0028976422698602003,0.0028720712435925766,0.00318066562175647,0.0008369453384187613,0.0012247405495113492,-0.0005501848056749758,-0.00778830719630258,-0.009359223855697207,-0.012210681478415761,-0.022909234648925123,-0.028112614825516382,0.002870898719076642
1997-09-30,0.0025813250320044687,0.0033700780557486625,0.00508385151809436,0.0054414911969160335,0.006416101404879915,0.010730723293008997,0.013905515878771962,0.01953536842077231,0.02432201866815938,0.03738425396887408,0.039334775355250665,0.002820418215263576
1997-10-31,0.00151333046245586,0.0018433883881436896,0.0017291896966898364,0.00564273559475924,0.007568078463570978,0.008685687982572233,0.013827917209466769,0.018637706423881104,0.024117578865882828,0.04215908307004315,0.04906621845858151,0.002870898719076642
1997-11-28,0.0026479302927815158,0.003320324401001859,0.0050938986809533965,-0.002922669892426437,-0.00656007120391879,-0.006938953909362798,-0.008506351640597671,-0.00851680113114063,-0.005553741652601736,0.000651877663342609,0.009183418376574102,0.0031228828526275176
1997-12-31,0.0030051465806793455,-0.00013681170668262694,-0.0038047235750396976,-0.0013935315577834153,-0.0015567013851009754,-0.0007766637237888072,0.001530399162368804,0.0010348362681287424,0.005247609657409105,0.006506755293273025,0.007212741196095881,0.0033239700257590155
1998-01-30,0.002603555682975504,0.005173140241465985,0.00395464586001671,0.00514194503532822,0.006752071680613063,0.009162334895045327,0.010813602639379655,0.01636413784111262,0.021773584427035638,0.03326532045239891,0.03931454535396529,0.0036748094004368514
1998-02-27,0.003403167167339885,0.001701830240359143,0.003943272686079602,0.0025696760093770555,0.003435986989779127,0.003018242622797338,0.0012864171047920995,0.0007883814069571752,-0.0019526104874616453,-0.002988249496495215,-0.004065778207682939,0.003718571611852406
1998-03-31,0.0037157449929608797,0.0042304477806048265,0.006347745036576783,0.007012449570818466,0.00546658634849175,0.007995697665054306,0.008724090868084474,0.007929776105248785,0.012251409280153136,-0.0004536590400245377,0.01504447084362244,0.003924585562008698
1998-04-30,0.0034918789803412634,0.0030072362767082166,0.0013551292001734005,0.002615843436010119,0.002352905844215475,0.0024008152906599806,0.0026232328147644097,0.0026090722829380172,0.0035345795861424266,0.009152931554794057,0.011265458246947082,0.0038746849921291737
1998-05-29,0.0038418719827694463,0.004292385798461658,0.004706878615304922,0.0024445473728339755,0.0037693645162654617,0.003981039175591596,0.004753136946510044,0.007274222256984426,0.009816105930489216,0.014937268762248334,0.01716258153086518,0.003999385297654756
1998-06-30,0.00359539302054529,0.0034194367932603316,0.003413988626908755,0.0017639351013234456,0.0008554147108348248,0.0006740700623133106,-8.252242320310214e-05,0.0006555528862478382,0.0011303714036025344,0.012619225757094987,0.01422303336116911,0.003986926919558043
1998-07-31,0.003678953634681697,0.003460801671569474,0.0033305452464097926,0.0027331515477763474,0.0006723533356943837,-0.000517606086375053,-0.0009220124707775181,-0.0019407966677103124,-0.003862055955231414,-0.0024015531324740203,-0.004287958111134851,0.003974458863138297
1998-08-31,0.0035169611143937374,0.004108286783812569,-0.0016245091430294397,-0.002168756374037925,-0.0032008024945200564,-0.003550570182366643,-0.0056250168353693085,-0.00811966544974151,-0.008311910984428785,-0.012024040599127515,-0.017156942422113373,0.004080347237284787
1998-09-30,0.003609583123414237,0.002247194650794008,0.008374853664631372,0.01885406532398727,0.029320073612658218,0.03559910164961624,0.04338068689887415,0.05017180621491971,0.05852455811862295,0.05435537095941569,0.06679656437975412,0.005009393733689915
1998-10-30,0.005921952022560566,0.007889175134041694,0.01106794783631936,0.007995800302203055,0.007226964078050961,0.004840201323398542,0.004506877245377076,-0.0016325198654048346,-0.0057692179407393416,-0.014886594915596747,-0.02000993058131286,0.004453099221473078
1998-11-30,0.003810962556383089,0.0037494354896468705,0.0026431510769279122,0.0010724555279659441,-0.00026523873025069335,0.0006970210320681821,0.0005616498201607127,0.007227279869677869,0.009578935708846072,0.022317921384391346,0.041737019834274205,0.004273127766158069
1998-12-31,0.004179115219670263,0.0039784475501516425,0.004041445681658873,0.00584545557918565,0.0064125487372155695,0.0076211413066392345,0.008256923365046938,0.010647290352665081,0.012688609722985805,0.0194954380565894,0.01992599133870771,0.0041736800021212606
1999-01-29,0.004175344781590741,0.0039784475501516425,0.00527459236779068,0.0031851778982533757,0.0033766140121037486,0.002444053691034758,0.0028737256533988794,0.0030306326955577443,0.005247833971894518,0.007087413913211582,-0.0044836015816457405,0.004086076264443905
1999-02-26,0.0035523764117437653,0.0039784475501516425,0.003930571797319926,-0.005494823369274588,-0.010397796644528832,-0.01559556190455511,-0.020492700759331187,-0.025679274872211704,-0.032152030983817075,-0.029023690609295123,-0.03551863129644879,0.004102345059848522
1999-03-31,0.002450666924424546,0.0039784475501516425,0.003930571797319926,0.012158992504646238,0.01530765677228247,0.018423969089000777,0.021040065167363797,0.02407752267088765,0.02768678918247614,0.021440597372779837,0.02338760142598608,0.004103508143759038
1999-04-30,0.00430095373867867,0.0039784475501516425,0.003930571797319926,0.005388356590658795,0.006193337691730842,0.004657599536239413,0.00288183322271049,-1.1085826922091184e-05,-0.0033529473235746447,-0.0062075701233555896,-0.005838295552234789,0.004034270873583212
1999-05-31,0.005745635553094775,0.0039784475501516425,0.005173799290539995,-0.003233946656312362,-0.006977985569411191,-0.008368855333657967,-0.01030270775662453,-0.011195470755143207,-0.013218476746488112,-0.00723324950977594,-0.009104970896616068,0.00390413362013442
1999-06-30,0.0036011448369106525,0.0039784475501516425,0.0038187639418887365,0.005128408368644479,0.005026538049333196,0.004016038524080909,0.003439798363765023,0.0003106733241371524,-0.00028206216454728365,-0.010411412548944888,-0.009171266837539873,0.00387934087130537
1999-07-30,0.0036011448369106525,0.004815475395309768,0.00025453101270754975,-0.0016538555998191783,-0.003862489173597046,-0.006079708218986591,-0.007692471794531446,-0.009755670062370284,-0.013764436452137735,-0.01836327070593772,-0.024161555107734493,0.0038746849921291737
1999-08-31,0.002590111794448052,0.003814768269600366,0.004141037527070512,0.0014334114216737878,0.0019049519652478573,0.0019473652802223951,0.0012841974996949813,0.0029682145182408875,0.004420672440433565,0.003123101326650308,0.0036160978283052907,0.00389598190068563
1999-09-30,0.00493861208629174,0.003167080527329786,0.0037343348858023414,0.0077622757418167165,0.006841784610634192,0.007000744783933014,0.00872666182919498,0.006829759397307889,0.004647668853389408,0.0002472290171280974,0.0002793349238485463,0.0038826709170549645
1999-10-29,0.00368521372948738,0.003355498273956793,0.001237247471541143,-0.001881242713549017,-0.005123342384751078,-0.0076915907925391,-0.010315878581052875,-0.013405006929777393,-0.01911201499247711,-0.0280973866900052,-0.032657250224895136,0.0038179328564631465
1999-11-30,0.00368521372948738,0.0038733442054186547,0.003553155363332915,0.0025141875607431396,0.001437708401886571,0.0008565405497836905,-0.0002518155618430165,-0.00024996243949986944,-0.0008791813842395126,0.0017547948646536846,-0.0006608505880473439,0.0038746849921291737
1999-12-31,0.00368521372948738,0.004267655106026151,0.004770248899403288,0.0038595461429334404,0.004458871192678712,0.0019126598103901668,0.0008970008870169147,-0.0015870943721639158,-0.004257934678183816,-0.005976912643792454,-0.007567615538415147,0.0044981398293537644
2000-01-31,0.002769033734481002,0.002580159547752863,0.001455237289583658,-0.0013051773272155097,-0.004043826982442308,-0.0059693739957052344,-0.009486596690290163,-0.011807523911898087,-0.015084244991263445,0.00011323532572695304,0.004033833537441213,0.004078108117815393
2000-02-29,0.004527905032778696,0.0043478411892747815,0.004775865704988558,0.010261030349810088,0.013719302644182092,0.0170344369564862,0.02011143917374643,0.02613053839820243,0.03614717425278462,0.06536268683334413,0.07851001784596472,0.0041249110217969065
2000-03-31,0.003213953504257938,0.0035642383593045704,0.004555978963786217,0.0057130215150795575,0.007635626208470239,0.009087034601277055,0.011897530353524458,0.016233926340483987,0.020245200398372947,0.010997785360916322,0.014453192044265062,0.004143163624088508
2000-04-28,0.004074506238695761,0.004293900557650086,0.005138898677375238,0.0012068885818030566,-0.000512971470910488,-0.002303194796017541,-0.004244577794867559,-0.00887281193679917,-0.013180530071239035,-0.021397657247971626,-0.020457706268227783,0.004324797824208915
2000-05-31,0.00396388146998583,0.003079574116719429,0.0010902702245211807,0.003980355986861741,0.0042608742033974625,0.007014649715774897,0.00850734801710481,0.010316710626464484,0.01532907143206216,0.016933411112920325,0.04829119075881976,0.004444750344655857
2000-06-30,0.004837970900301664,0.005383625048325827,0.006900096376931248,0.0095007754853977,0.011777657628530178,0.012101854537160735,0.013203147955128098,0.015987851147441917,0.018020948364166456,0.015877945962236583,0.017628630624951905,0.0047694047751434265
2000-07-31,0.00422146654846095,0.004844764075750478,0.006131850419019981,0.0037002014224048487,0.0035029202578165607,0.0030664643739357366,0.0022504577889661597,0.0024422612966870857,0.0023792013598099818,0.003595093776796047,0.008012185543391347,0.004735787912971023
2000-08-31,0.004622602393293545,0.004739034225722431,0.005434651295530759,0.008244780339109178,0.010249417616047689,0.013476523927155145,0.016522713861788798,0.01644155167910477,0.020535158278613984,0.017572655892655414,0.012743812284205357,0.004700180097623408
2000-09-29,0.004838384778130423,0.004888732256261459,0.005459737338774476,0.0070581424914231755,0.005894559397747332,0.005530580392844638,0.005106370410843792,0.004265588414714459,0.00021173949450295577,-0.006085196314065073,-0.022515134867655995,0.004701501791267937
2000-10-31,0.004526365238429955,0.004390429663624959,0.004121710133719752,0.002709806971775076,0.002793116734223505,0.0018214744604936387,0.0006345162482161481,0.0003549516272922605,-0.0007644343203909037,0.0013882415744638774,0.003595309509648613,0.004693587172424518
2000-11-30,0.004389443310960517,0.005049382831533029,0.005318843662134499,0.008501650847811133,0.012116442168557475,0.015305753139164343,0.01777664925926878,0.02331653507685369,0.028428849978798045,0.03256331683948254,0.030045785599894556,0.004714693936514358
2000-12-29,0.004562447657105837,0.004671749773581174,0.006780734161279304,0.010414583793613244,0.01320457753034661,0.013250070428208622,0.014187025531379757,0.015801059303032026,0.012417663752879943,0.002585977424673545,-0.007714761517778217,0.00471732897177124
2001-01-31,0.005612466266977337,0.007154235171153831,0.0102846065538471,0.011332326200103755,0.013049188354579225,0.013134236225956298,0.012143380007659854,0.009604011221770329,0.005152366059549543,-0.008412359006711913,-0.014426942227675587,0.004669839200035719
2001-02-28,0.0044006719519072415,0.004875632924245944,0.004590536380208489,0.004914654746600743,0.005203733363329523,0.006543662340134803,0.006341446092088865,0.007002455954149046,0.008050247189989281,0.0139674377360887,0.013015420396278185,0.004471698917043021
2001-03-30,0.0048040664886716145,0.004897301360759794,0.006587033925859,0.00603670766064077,0.00846987991403246,0.005433611349286487,0.004535507923286397,0.003918509936460205,-0.0007294327039813094,-0.005950878141411846,-0.013125762915326538,0.004214800865498303
2001-04-30,0.004417721344315159,0.00489886908023436,0.004482392652627755,0.0006977874240253789,-0.0023994522124996137,-0.004466257255646951,-0.007944422929931659,-0.018939725421197796,-0.023615120788287054,-0.025476761230206462,-0.02729241259513336,0.004010350772625237
2001-05-31,0.0037845012930218087,0.00351817628082301,0.002771638059538286,0.002984076616433902,0.002115268094236933,-0.0001613409562055928,-0.0020329028790802344,-0.0007433016514039793,0.002468207263147205,0.00826287181681369,0.01610844236031473,0.0038360791636575797
2001-06-29,0.0037429923516082877,0.004107450809378769,0.005671072646257839,0.002146103823049614,0.0020690739024092283,0.001092705654243879,0.0008019148292911248,0.00035254285707452833,-0.0014149642970402445,-0.0044049228252127275,-0.005444403778752477,0.00372281948566644
2001-07-31,0.00387081154785359,0.003496150155955835,0.0035650915847715847,0.011541123983337054,0.015503472137816074,0.018031009591027932,0.01985803390870675,0.021137907944786878,0.023089663331321113,0.021315390524723612,0.022015716453971945,0.0036868142902002354
2001-08-31,0.003548298500513878,0.003496150155955835,0.00729412147210282,0.012547604031357837,0.01633039584553228,0.018852672841784292,0.020382557521064167,0.023797299584007052,0.02768286602158575,0.030934230733298883,0.03382552361181852,0.0034638018787951363
2001-09-28,0.004324077545903064,0.003496150155955835,0.0032303185648439037,0.012326135438472476,0.00860007173560565,0.011451734995690454,0.014222211787160833,0.014889506057834045,0.006423900179136402,-0.005060619323375575,-0.010576365564612321,0.0033085663463625625
2001-10-31,0.002979935734269131,0.009357092299057219,0.0032303185648439037,0.016840775517670374,0.023707963283677424,0.02732984323938211,0.02928004045384793,0.034074639199715276,0.04236116521901869,0.05872837297353172,0.08238991229884735,0.0028143586760123185
2001-11-30,0.0032029205391239327,0.004780516766283407,0.0032303185648439037,-0.0021377189989912502,-0.006891692703338995,-0.009435639601517222,-0.014677986793580951,-0.019521976722990587,-0.023824599882573832,-0.022826688750256615,-0.023914290103539525,0.0022592152231402096
2001-12-31,0.002194568242698827,0.001875531631660321,0.0032303185648439037,0.0030504234387617206,0.0026825847003388074,0.00036145402235016023,-0.0014922232724742634,-0.0025952809565293593,-0.005510249482323116,-0.01164424189043272,-0.015312468696553097,0.0019348352304606742
2002-01-31,0.0017975526074498205,0.0028218229164665124,0.017557316517945266,-0.0007572686276000975,-0.0009861208171955877,-0.0025705880958192804,-0.002369469232264435,-0.0021932587821381156,-0.001839627441337017,-0.00042284716794993875,-0.00025457509256706365,0.0017660772833825167
2002-02-28,0.001529123732644039,0.0015357150689849263,0.0017408450865204843,0.003066831659950967,0.004948779419515029,0.00735502326688754,0.00947117881201637,0.012043511145190847,0.011772272334380883,0.00825982187362781,-6.880582588178434e-05,0.0017183908436992912
2002-03-29,0.0011720231550809966,0.0002130757607086776,0.001976700700137002,-0.018388914386941985,-0.029631761652554517,-0.022390988667832134,-0.02366878407832998,-0.027015705092773623,-0.02812318971566484,-0.023955223294452477,-0.030383592511056958,0.0017183908436992912
2002-04-30,0.0019791469472474343,0.00201746291099969,-0.005250878028367049,0.009323715576791574,0.012372821959903248,0.014967965043778158,0.015401352088911965,0.01925721801635693,0.017591977116280563,0.019672148270045615,0.01641448906492605,0.0017892288611083274
2002-05-31,0.0017000249151252157,0.00201746291099969,0.0007857190631630339,0.0041691280514303646,0.006384655685226617,0.0070646222506458535,0.00973407265757937,0.011491932933375148,0.013310683177388873,0.01504490680496869,0.019800234041806797,0.0019171550955763283
2002-06-28,0.001862614689398282,0.00028934948786229223,0.003941654766805298,0.007330267789131937,0.00868272247413884,0.01033175903476248,0.010657915974242536,0.01171614900169342,0.009726693439096162,0.005213177952311477,0.0016055281728010874,0.00212634712792803
2002-07-31,0.0021183269678052936,0.0021749672022062486,0.0038130130619946534,0.014458357889550336,0.018107999544409288,0.022816458161806972,0.023490621183424036,0.02349736723573497,0.020749311988728508,0.018185907256069545,0.0169320679920433,0.0022077195990259924
2002-08-30,0.002016106813775931,0.0014363690726377112,0.0025999959964435604,-0.0003015273910219833,0.002931772768625345,-0.0071790792994212895,-0.002541475754425645,0.0022999203226750785,0.015436797618282401,0.03216936733632361,0.036419769594794094,0.002289019459146946
2002-09-30,0.0026838962049295497,0.003532900779350945,0.002160998690770337,0.0056642777586942755,0.012959712140969937,0.014837118925491386,0.01690692971758111,0.016860646101446036,0.018021959300592458,0.01569010956655241,0.014391871761725294,0.0024365234633370036
2002-10-31,0.0023464761903378363,0.0029390096489319444,0.0030342484232450447,0.003732646864479025,0.002682839210637747,0.0032478002144946494,0.0008829946392789201,-0.0003156508395639994,-0.00660337407490187,-0.012611497334422099,-0.011750927836962636,0.002317457280904378
2002-11-29,0.002439160718788777,0.0023633017378654414,0.003771596595429748,-0.00020811881401335775,-0.0005873880915077118,-0.002152023613659047,-0.003203702384456827,-0.003028840683013389,-0.002793494368717676,0.004277076416939011,0.007431884524412574,0.0023133952782865563
2002-12-31,0.002418737223500083,0.002049242949365101,0.0036943339618367337,0.009219399724494797,0.013244009332766406,0.016664034030485116,0.020952535120014035,0.025660540160392833,0.030621930456889743,0.027951201668308907,0.031247953896271094,0.0023039138595752906
2003-01-31,0.0018882859248680194,0.0016309315397622234,-0.0009863233031381633,-0.0056283708602390455,-0.007323825576409179,-0.008936285412320485,-0.011507207877853668,-0.011749196085455863,-0.012862580875254175,-0.007341800193316106,-0.010837786028318233,0.002287662346924124
2003-02-28,0.0019302774422607445,0.002113109775134596,0.0024374580626746996,0.003915082486485339,0.004802232126827838,0.006152310472922576,0.007705695438012289,0.00838284421273206,0.009852670434562416,0.007589827199161782,0.00783223986531303,0.0023039138595752906
2003-03-31,0.002390482562595155,0.0015471793869407527,0.0007651926651286189,-0.00209215949370507,-0.0036397331827207296,-0.004556470373349337,-0.005357193957813005,-0.005857224015740772,-0.00685424882593159,-0.00826594731078208,-0.01119692560151693,0.0024284098858389225
2003-04-30,0.0024496704172967294,0.0026638838226863168,0.0029601435964381408,0.0045279455873369085,0.001394570895650183,0.00017607406946686395,0.012759000220012244,0.015342284496051633,0.01794294099208423,0.02240213634122445,0.024846577703548586,0.0025716462189622202
2003-05-30,0.002601114973025167,0.0030537945166870697,0.005612984644075068,0.012482527420091063,0.018718556481930073,0.003492942309567759,0.027915501981266213,0.03559016040117256,0.044168182617546445,0.06003466657350595,0.0698763198398196,0.0027267897370883976
2003-06-30,0.0028343399410273827,0.003341329179496409,0.0045434198118423025,0.0053611340548714885,0.0050335112516244505,0.003492942309567759,0.0051024948088305285,0.004903184674194447,0.0005124958463034596,-0.0056083193290322785,-0.00787746241772638,0.0026964568688887525
2003-07-31,0.0029670139954638447,0.0037799622033086134,0.004239871915438346,0.00372150714019339,-0.00031443139595188705,0.003492942309567759,-0.007236175595192274,-0.015323580619892795,-0.026230649205778382,-0.035155784093818955,-0.04318831578392586,0.00268836639904535
2003-08-29,0.0025618409589606055,0.0022842085181299706,0.0015897828860183768,-0.00035737931708057133,0.0001915666297606341,0.017026357513978713,-0.010659338260018098,-0.009845277357174099,0.0014599310873439234,0.011110184971184779,0.014419953768736666,0.0025095131731243114
2003-09-30,0.0024579784542943903,0.0030497487267511733,0.004518469767881508,0.005087467653717094,0.012009076869234537,0.016686149977489167,0.020702407112234828,0.024541194546526177,0.02908587107766045,0.03357616949879874,0.03715218278843583,0.0023567112667428614
2003-10-31,0.0020811695365447317,0.001918056096792984,0.0023160727250377496,-0.001207877992633936,-0.0038552345069465172,-0.007390536666876115,-0.010394738060145237,-0.01338058077172582,-0.018282685668349483,-0.02183737909657268,-0.026358485197740835,0.0022659864439975586
2003-11-28,0.0019867494954743646,0.001989980364013685,0.0004915615926509431,0.0019898007389500872,0.0024181036549572508,0.0017232650181516092,0.001930271551007774,0.0017129365274679584,0.004577365180917148,0.006649356379605575,0.007487112113550602,0.0023039138595752906
2003-12-31,0.0023381701242887044,0.002089883504048041,0.0040343583897227905,0.0068728050175721755,0.009327922576530541,0.01101302613845694,0.012458423206835989,0.015253173246928996,0.0183928755331186,0.02296649429266645,0.02486110713994002,0.0023039138595752906
2004-01-30,0.0026828003542982617,0.003924726589431256,0.004879483877722622,0.009268987807533886,0.012401063734091089,0.015396211705360669,0.015204423018348666,0.016822745659306266,0.014239191269964728,0.012570699159275505,0.00894496337840649,0.0022632796417700884
2004-02-27,0.002190964166945106,0.0026995318873010094,0.0034345215995130866,0.006213345413787191,0.009258933527611512,0.010845189462631638,0.012327985187100453,0.014108684150796956,0.01550040030472325,0.02040226787630614,0.021599464915963876,0.0021087041279623797
2004-03-31,0.002033920544311132,0.002461357117504064,0.0032554004677019283,0.0009970440866537424,0.005167176206431613,0.006063710399865356,0.006561467011851624,0.007916106882073668,0.007826396657967317,0.00795333347353377,0.007976412647104459,0.0019089951311190845
2004-04-30,0.0017994030426116178,0.0015795608269885742,0.00019741564159746742,-0.0031343092347553172,-0.009478883419400327,-0.010094353732501709,-0.012836909790819945,-0.01611664599799044,-0.019923749718014153,-0.024694421003999115,-0.02738479189971167,0.0018069338440696026
2004-05-31,0.0014631947403453028,0.0016933072231470891,-0.001120056066954976,-0.004809060594224659,-0.007110074329074231,-0.008517028118922422,-0.008656027021035382,-0.010195229380654232,-0.007723489488535238,-0.006035033132869754,-0.004025763721230662,0.0017033922089055853
2004-06-30,0.0017253810425628582,0.0010832016720046973,0.0008250407011222038,-8.830204370956076e-05,-0.0010204393132836782,-0.0012606708429653416,-0.002114526057583947,-0.00140337253341208,-0.001004863384965802,-2.8854317581462882e-06,2.0865256737595834e-05,0.0017265679027949066
2004-07-30,0.0015641545049643382,0.0015339519649789299,0.0020519444157015955,0.003749353677359559,0.004836219819621837,0.005654804744546136,0.007206352601186709,0.008635916558270557,0.010394297201179044,0.012458390287306696,0.012617052486179114,0.0017047580537850049
2004-08-31,0.0016527066258140717,0.0012808730008867758,0.0018565652435549953,0.007047227635119718,0.002489671073471951,0.0012586177175417479,0.004520282340126469,0.008463623580195619,0.01603954704667734,0.027190550990311733,0.029582538480318468,0.0017020345224356692
2004-09-30,0.001371529480339457,0.0011801703870918034,0.0005596644458465328,-0.00396843289498935,-0.00040812822572217116,0.0009044692061011867,0.0008743871909488373,0.0019871022509368222,0.0024197269118234124,0.0066042589401765885,0.006459915483723992,0.0017851432355366903
2004-10-29,0.0018806536194370643,0.0018992356116162385,0.002513462693496329,0.0033643588775472805,0.004769142562315644,0.006955401327861088,0.008100905387037121,0.012156705725297996,0.015280038439731164,0.021620079320681676,0.025717921894191628,0.0019565819029403464
2004-11-30,0.00224535747973054,0.0025492582337172955,0.0037071310432885505,0.007027913173080619,0.008994744340302048,0.008816506596798453,0.010364158479115135,0.008578029811046101,0.005566473261300764,0.0028356245026319544,-0.00026540091468199014,0.002123628032702385
2004-12-31,0.0021411443988988885,0.002207362280579754,0.002189861096321795,0.00281378783328454,0.003656952965392699,0.006361003211719171,0.00697464936486026,0.00961290065679226,0.015564850851397386,0.024100625159983315,0.02837762038084613,0.0021778887523098422
2005-01-31,0.0021133832459630146,0.0022941059326400362,0.002598814217146477,0.0042083513605072715,0.005405002269317659,0.006364598780091353,0.008355909572704963,0.010403635907480476,0.011109221273988674,0.009666157601374225,0.024501816952248578,0.002153476648397934
2005-02-28,0.0020186341185584743,0.001866188879036058,0.0012632073582878212,0.0018720001931002304,0.001832327542821688,0.001291130395046054,6.539814628270952e-05,-0.0006490437032158703,-0.001510331730823921,-0.00407022751602641,-0.0020053963063138783,0.002139233233033
2005-03-31,0.0020514552539331837,0.0017259872780219915,0.00021300995033837175,-0.0038471926966700386,-0.003033762666862957,-0.003400253694855858,-0.0025322634209486855,-0.0023102886746319577,-0.00017682826024566616,0.00579388632183559,0.00980234975806884,0.0021412681429993086
2005-04-29,0.0022001499723928006,0.0024858612528913214,0.004126579420299295,0.006299798076415793,0.008233347870907771,0.010599458531037442,0.012841674689822669,0.015070678532244447,0.0181740656793105,0.023704299554931127,0.02623337848976194,0.0021412681429993086
2005-05-31,0.0018778762390323,0.0023490373587601128,0.0032584158337805157,0.005554043928375978,0.007391039826570403,0.009908527314954271,0.011213469049629665,0.01648223107540391,0.02117205246348841,0.031704994341267334,0.03930238540062561,0.0021276985043467977
2005-06-30,0.002148772324474614,0.0019639994417316184,0.002130954077288441,0.003845357796013904,0.005081201481744062,0.007814086525411974,0.010967270003959449,0.014162882685509701,0.017547801463628214,0.02655490423977024,0.030273002436261943,0.0021168462230236607
2005-07-29,0.0018452578965619621,0.0011995360961267372,3.618873867202876e-05,-0.0015357677391049126,-0.003078707756440124,-0.004404546965133667,-0.005548239289739324,-0.006054333062879292,-0.006514113974068112,-0.006748945752773248,-0.006559400964166292,0.002112099470058526
2005-08-31,0.0019578647771810033,0.002173258967622431,0.0022354581583227864,0.0032089091444983476,0.0005578511947153574,0.0004399521055258749,0.0018941578631782503,0.003922345353967693,0.009755833675919305,0.024134495919567008,0.029963030751498032,0.0021338038708293983
2005-09-30,0.0019443171852713827,0.0010812662601290073,-0.00016546872723108806,-0.003924576642383732,-0.005368813434248797,-0.006815319288933099,-0.008902098639719996,-0.008697431455756698,-0.011328428163626893,-0.010532834543491371,-0.013162798954426168,0.0022470208793048396
2005-10-31,0.0020750472652254926,0.00165014822123286,0.0006219757078574055,-0.0022549656942386477,-0.004717973093297596,-0.006940173862719988,-0.008393595307853741,-0.010689638744930572,-0.012630221375517232,-0.015951331252123755,-0.01737417607029262,0.0023864836353395535
2005-11-30,0.0021273211235294256,0.001851187789162658,0.00045125423844726465,0.0003632445701770061,0.0003846680347644323,0.0009854859391478857,0.00282890112883389,0.006827442291124025,0.01211582399748925,0.023893403645076885,0.03175910694090063,0.002516273927668067
2005-12-30,0.002609472804055869,0.002505677970260349,0.0020007495925591606,0.001612949306664871,0.0007662364513720383,0.0015378868117161158,0.002038444266778178,0.004554249842261087,0.009931414914272341,0.0220748147367405,0.027995749002487445,0.0026647623952971156
2006-01-31,0.002664117313374869,0.0027911596169545552,0.003832296999190516,0.0031412085613350543,0.0023903933023734308,-3.506570703237046e-05,-0.002031260907504405,-0.006230011511820208,-0.011673232140220844,-0.021897127953057212,-0.029436581580236827,0.002728132238790426
2006-02-28,0.002506576958472764,0.002144855635986937,0.001685263838713257,0.0014798581562408338,0.0009447229073174549,0.0016511056475185832,0.0023356546676742305,0.003103200711735364,0.006641781685679737,0.013476107564049307,0.020554502441651978,0.0029193337207231718
2006-03-31,0.0030130989519304074,0.0029786303372406624,0.003066143926128036,0.002485350610130624,0.002073807586779387,0.0004034224704806781,-0.0008069172256369143,-0.004055117475241,-0.007460373779894612,-0.011905066963928977,-0.015691330697102487,0.0030873086357925406
2006-04-28,0.0027870800340057686,0.002465183424048903,0.0020133989505558983,0.0006806319640874796,-0.00046355911804192974,-0.0017273566156637262,-0.003244560970600458,-0.0070085604376600025,-0.01271450246723218,-0.026250577874570098,-0.03734700296702252,0.0031463685654540274
2006-05-31,0.0031838066768301062,0.0032296042207423906,0.0025689474980043745,0.0025065570306288063,0.0009790779743824463,0.003874088013966696,0.0034340486114554096,0.002525936265785512,0.0054796095632215075,0.006857335540784688,0.007132957284870485,0.003344721105059012
2006-06-30,0.003268888110926716,0.002645777587420334,0.0017994975234416643,-0.0006255368101672424,-0.0016354025250433332,0.003472088558100772,-0.0035266567440653245,-0.004469917458947259,-0.007274528827294458,-0.01222002373592207,-0.014950129349018265,0.003498555966724881
2006-07-31,0.003776171587434076,0.004425831979359104,0.005681419258905135,0.00872504976965306,0.011595822301997129,0.003472088558100772,0.0164262324692228,0.020492449759714686,0.025617549918531476,0.036987363295873245,0.04418733409420265,0.003527957867458076
2006-08-31,0.0034402684281208892,0.003758097458514188,0.00431772735177629,0.006139449082916305,0.008032245912606675,0.012464185902206836,0.011061918381894851,0.016502048429906525,0.02024765819716489,0.02999519597212534,0.035463790465449785,0.003498555966724881
2006-09-29,0.003452735312002134,0.0031695969642228047,0.004442394703061805,0.004497908966711854,0.0059284813981305235,0.00706090907308737,0.008220797154763645,0.010429720165600564,0.012175969411430197,0.018173448542135588,0.022222257981408745,0.003510584068987077
2006-10-31,0.0033725358186523723,0.0035350783171857903,0.00267785512916831,0.0019195746166266686,0.0012072253116679952,0.0015347448962628797,0.0013363869038123134,0.0009450764191719116,0.0012494714599677911,0.0013477426852427892,0.0033420461438717908,0.003498555966724881
2006-11-30,0.0034526569712828633,0.0035224035240802136,0.004467338203150703,0.005141870076499097,0.006652279722402881,0.007562899714392076,0.008981436140654504,0.010995310984920322,0.01338815295976949,0.0183590951153619,0.01967964057994374,0.0035119230996025763
2006-12-29,0.003568128956922936,0.003172878355463487,0.002341762511008328,0.0003450249498526636,-0.0009522553135489523,-0.002993613156513694,-0.004714203108368891,-0.007910383491134591,-0.011473548080179528,-0.01763169291739331,-0.0212182560866812,0.0034825160297176083
2007-01-31,0.003129370166127071,0.003423068441465431,0.0030083073937472653,0.0017828603848438645,0.000775574883482954,-0.00013391911572434387,-0.0010896407564005832,-0.0030577835569762287,-0.003952360772824782,-0.007957217315310692,-0.010176257786355492,0.0034898706909376465
2007-02-28,0.003385767146009508,0.003472933393945509,0.0032935416471195204,0.005614330294045341,0.007345656626184431,0.008391913442095443,0.009570620349852708,0.01321263949956682,0.015419197999765304,0.020650915840279022,0.02540092731392905,0.003493880616307843
2007-03-30,0.0035733457557890146,0.003341464983550567,0.003458450834976645,0.0033737739628704887,0.0017349889474550344,0.0015783955753457624,0.00040994389417319676,-0.001042627943743439,-0.0033789072594512842,-0.00959445441254469,-0.014549453636413235,0.0034851868749299353
2007-04-30,0.003483375179981035,0.0032709173218620886,0.0025431330392997067,0.00030930995973710014,7.226643811710862e-05,0.003266504348050203,-0.0008058898990118004,-0.001565732399348092,6.619111863877261e-05,0.003732957953056161,0.004452441611291065,0.0034825160297176083
2007-05-31,0.003173614696811526,0.002613832260995401,0.0011312488435175798,-0.004502131055274765,-0.008722050031435452,0.003266504348050203,-0.015739668868788297,-0.019035391359547932,-0.022831928325322156,-0.02372035585609441,-0.02782502380828759,0.003481176567392108
2007-06-29,0.003373296998563997,0.003360554145363946,0.002898968947958021,0.0035944347024066186,0.0030861172549473586,-0.0174778325246985,0.003411244753214716,0.0006369605755201005,-0.00145778700190689,-0.009264936880318217,-0.012917211860782887,0.003492541320837983
2007-07-31,0.0031704105467412315,0.0031046045857770514,0.0032160224129528787,0.0031294227623743245,0.0034022779390539756,0.0037412166561094917,0.003155541835115802,0.0049629703944129595,0.005382872266269926,0.006455003867338865,0.008280908413123655,0.0036561346558994234
2007-08-31,0.004588926250107417,0.005612333531193061,0.00786193709366743,0.008757761877069182,0.010541935837322911,0.011764676159279928,0.012228815493057923,0.012920358416200147,0.012420244850291343,0.008813213169860102,0.003643589292995797,0.0036988176007033413
2007-09-28,0.0033878106154542212,0.003672955536237855,0.004587359780451925,0.00848150423649085,0.008912452469716822,0.009666116009063752,0.010956482816718842,0.010557593091771532,0.010109865601501105,0.0073441815036966365,0.006447489018975357,0.004193578223375516
2007-10-31,0.0032787266743177883,0.0030361925207657648,0.0027481078571137,0.0019173310069094589,0.002103608301440958,0.002674863333662404,0.0029164044670161823,0.005455627868018169,0.006515800501930666,0.01092041731309665,0.014494388334034356,0.004010350772625237
2007-11-30,0.0033549538483365186,0.004664440801071908,0.006426270756001221,0.012405661473106094,0.01583004454202546,0.019956292382801118,0.02223737137997796,0.025332144589696785,0.030344598986890885,0.03454419532905061,0.04055416770491926,0.0038627047943036175
2007-12-31,0.0031861357053052015,0.003235001627779022,0.004134403732283707,0.0015805142293911954,0.0013360559610834336,2.0094521078896097e-05,0.00014932562325265279,0.000898230402926944,0.0026095983818004704,0.010327404459046525,0.014287282131610266,0.0040767773695467024
2008-01-31,0.0039462730610711014,0.005626656783046256,0.00867709677002637,0.01366047974993731,0.018058004140994656,0.019566198801521786,0.020047635523154316,0.018491443197702646,0.012462776254614257,-0.003971776924920467,-0.009433256116017866,0.0037108193323807104
2008-02-29,0.0031993995561003267,0.004268154449587655,0.005320494247576052,0.009987263723437655,0.013350734411536539,0.016688470834394228,0.01926059651406978,0.022966102662683365,0.023064717774331205,0.019729716798734576,0.019036690503969073,0.0033540948994528197
2008-03-31,0.004422486539968564,0.005679894750494964,0.00642038736673918,0.005248951143169873,0.009451677132546178,0.011338210674034049,0.013016482569355262,0.017770877621212457,0.019829946168873822,0.02235797936595283,0.030230048013149134,0.0031530742084739938
2008-04-30,0.00023934998424314857,6.981174168033325e-05,8.372892688612666e-05,-9.869900564948174e-05,-0.0009491723548878709,-0.003243450990950819,-0.004241743408405248,-0.00534932698902998,-0.009348213112418652,-0.016712619648544303,-0.02141568809575058,0.003032248764614831
2008-05-30,0.0022766811082794145,0.002170084971252258,0.00149335793971864,-0.0027707684530300456,-0.008514409344824485,-0.010117974739874106,-0.010036599761875164,-0.008399473097182569,-0.007125404408417752,-0.006959847114885186,-0.004136984318750368,0.0026998222928611426
2008-06-30,0.0023550463646065584,0.0009470388116322444,-0.0005380774655838511,-0.0016742425561411278,-0.0031385430951732384,-0.0029621927010368026,-0.0024901942184846503,-0.0037492502047280158,0.0011515734518942882,0.005962453483537085,0.01167458829486233,0.002587847171547919
2008-07-31,0.002191168049228067,0.00352162111791156,0.004896745038531364,0.008310365562548364,0.010277084217644955,0.010594389219803725,0.012360757941045592,0.0073601783107621445,0.0057823805572174165,0.0013643739167067707,0.0005995217577689984,0.002628336958784505
2008-08-29,0.002008496789525971,0.0026594569330866025,0.004086029347579629,0.006735093194652021,0.009782562885704274,0.012209639236420633,0.012750737307126777,0.015469073051577334,0.017013245344615822,0.014731304800282735,0.01734118878988488,0.0025851499127567124
2008-09-30,0.003127763124392213,0.003938176762560856,0.0023273877893588532,0.0009702083505731808,-9.793348774687686e-05,-0.002820377745246317,-0.003324717774229089,-0.010774835753406159,-0.01522531636759589,-0.02751684554311526,-0.03222871741521501,0.0025473393892132545
2008-10-31,0.001230632133959108,0.0033176496421076784,0.00847648298306601,0.01657471919932778,0.023642457909784375,0.019994742702120646,0.01852123101703923,0.015601182118661029,0.002913904849033903,-0.010311012009855106,-0.00421795507019506,0.003271062738461783
2008-11-28,0.001886442095734206,0.00245909314019789,0.005299654616865172,0.007643311230009392,0.011672523928684828,0.017106515599221387,0.019428109519511946,0.029403878504547093,0.04034436806071714,0.050918657183312975,0.07274192542399975,0.002501406091553804
2008-12-31,0.0027878491969782772,0.004511713561136871,0.007556897837630102,0.012992795524685357,0.019595848139736395,0.030107199679436793,0.03785404980479881,0.05017206625464019,0.05987340299831385,0.07973553246830133,0.09077093286006269,0.0020747681816206676
2009-01-30,0.0007669385501628573,0.000683862360081326,-0.0008835923845117168,-0.005005715804559097,-0.011656108854650326,-0.013282434200828619,-0.017403774157663383,-0.020963350946674324,-0.02835122823058558,-0.044745594249537814,-0.05089986128481719,0.0016897653532566004
2009-02-27,0.0009966725481708346,0.0016815052573665172,0.0033837881468815343,0.005868740463282477,0.0017174175629013644,0.0019815917945206853,0.0037856477015656737,0.0015365548021713524,-0.0043255353083833355,0.013507711622959218,0.014693093007276638,0.0011592468385308585
2009-03-31,0.0010629732370147761,0.0014445860243803429,0.002364892360740716,0.0025540606758709503,0.00990386877124054,0.012056937615719396,0.01626711500502667,0.019835190846397795,0.033152418358612816,0.03508141119303982,0.029688181678168217,0.0009945418011427787
2009-04-30,0.00042178938005978583,0.0007677631273957544,0.0018005176761647292,0.0026003680306771622,-0.0003289536044232811,-0.006015169621714009,-0.011130315183741659,-0.017708044908988807,-0.024343399487755036,-0.033860182299368595,-0.044929681868366954,0.0006063073939419628
2009-05-29,0.0004261031415718552,0.0004367355355509591,0.0001384381117402173,-0.003924507130194879,-0.009963894354455567,-0.013634741918055106,-0.01853087551639088,-0.02090225285831236,-0.020879535773754652,-0.01992637892557467,-0.022935638847536292,0.00037422877886217343
2009-06-30,0.00027217947740239073,0.00024459524560981803,-0.00013021240270527653,0.001556582867682801,0.00010550051763223547,-0.0001451426051416601,0.0019869148547800196,0.0021336783717825405,0.004538111703045074,0.016847455310297806,0.026939168071864313,0.0003327237794097382
2009-07-31,0.00017396230857066826,0.00037767649012839796,2.0055715052123998e-05,-0.0028114939263248983,0.00042862747140404785,-0.0009151476144858717,-0.004771856179995072,-0.0048386381480847625,-0.00512031140428651,-0.009800892266598,-0.01271425715882569,0.00026488874578789456
2009-08-31,0.00025220192095169627,0.0005616897655384396,0.0011838614076155848,0.003723677851157344,0.005135831085564828,0.0063839782024653225,0.00220096118179414,0.010931890065109686,0.009895995427045102,0.011133970601067428,0.01440084488000217,0.0002510447473795807
2009-09-30,0.00011653759461805596,-2.1464964344950248e-05,5.396824783008198e-05,0.0012681268587109624,-0.002261809432646806,0.003442844491859973,0.0038082140063973448,0.006251071718497605,0.007905024904438595,0.01168394850653448,0.011726568414668377,0.0002510447473795807
2009-10-30,0.000254640103753986,0.000591651999892678,0.0009571175346037371,-0.0012260350419803525,0.002782718550504572,0.0004952976653845103,-0.002622536304089943,-0.005599022369221604,-0.006331783574153464,-0.007182886536718168,-0.01090080940178471,0.00024965690741618474
2009-11-30,0.0002554710929786824,0.00029874758477533057,0.0008501625312223244,0.00663620999396717,0.009520346814204885,0.013553031097473677,0.016774002306067657,0.018370560408190652,0.01983404731387672,0.014476049754992356,0.018046867779861548,0.00024965690741618474
2009-12-31,0.00020969288140420254,0.00011155548886590387,-0.001810687525804162,-0.006097996573908823,-0.008493939595904205,-0.012031171154420525,-0.01598925606373965,-0.022340930728816374,-0.02900873490690721,-0.028956918952064217,-0.036597520245482545,0.00024550157129366035
2010-01-29,0.00047365903844143295,0.0006009845714257426,0.0022303942584825593,0.006681438953352056,0.009768991643178722,0.013394295538441127,0.016668499556826637,0.021170273742417787,0.025018460146146174,0.03020944432574795,0.026579309976460443,0.0002482690462708437
2010-02-26,0.0002147906980709026,-0.0001420590724227694,-0.0001556888090725106,-0.0008447266418524619,0.0024886879630989026,0.0015895129982950035,0.000508720326399929,-0.0006806117548080899,-0.0004195842994250633,-0.002153319161076987,-0.00861913010727879,0.00024965690741618474
2010-03-31,2.086627037379569e-05,-0.000336963884453144,-0.002532033713136431,-0.007393587659281656,-0.010905044879179234,-0.024803326922160873,-0.01632052467611077,-0.013452595977108253,-0.011846838310061843,-0.0019681742612344525,-0.005268625851819487,0.00025519983020783066
2010-04-30,-3.8059822568135983e-05,-0.0007056893669905277,-0.0020762789062095752,-0.0017606871302996603,-0.009142447169133129,-0.002590058558680584,-0.002278794520540149,-0.012146494647774043,-0.0039809102920891105,0.0089289674267096,0.01309924420123427,0.0002731974565992612
2010-05-31,0.00034923088638506644,0.00039127070905292747,0.0018220869876298743,0.003171783763232207,0.006046556330582021,0.012500199349581647,0.014385318143541435,0.022423221114146588,0.029017887576474923,0.047214955043871305,0.056412410867253585,0.0002842800950892954
2010-06-30,0.00022534658367825928,0.0005255944108655926,0.0022723214833700383,0.009653101022803968,0.014294424025363467,0.017525999391783963,0.021784808998234248,0.02103222852890746,0.02562175858732483,0.019307134768439576,0.01732173661935981,0.00037699233914723074
2010-07-30,0.00037309959448788335,0.00023623669581209253,-0.0006362212421336893,-0.0002763875288232917,0.003590222544218295,0.003606960707503182,0.002888586556299179,0.0044566804683389746,-0.0004291238962938586,-0.0052810580024904566,-0.006135990660547229,0.00057732993003623
2010-08-31,0.0005914962118282169,0.0009267896642661012,0.0025192886614625876,0.006199878707589165,0.009635241202205125,0.012181562049621997,0.014133923622805062,0.027233555250050955,0.0323475606846758,0.04309147351778328,0.05397409857172746,0.0007049023547776034
2010-09-30,-3.3572816734862087e-06,-5.1604456705757836e-05,-0.0011628043388818754,-0.002236342784229353,-0.0012405443071643394,0.0015057996461020906,0.002525502307955137,0.0031247374628004324,0.003838211332146491,0.015204458430203452,0.017230101876368708,0.0007331448393967932
2010-10-29,0.0008710110213857973,0.0011939723516795869,0.0013985138693728054,0.0004630650052401869,0.0019234677800908477,0.0033161209915776074,0.004006921200865903,0.0025364698267271797,-0.0021921323304395996,-0.0020357465254379715,-0.013594788688718391,0.000934077935097033
2010-11-30,0.0007921992888858959,0.00059561201261247,-0.00036657647003831607,-0.0025986504709151425,-0.006433053018984995,-0.011850562235855124,-0.015200636092031533,-0.018492782455522782,-0.018755014439575043,-0.014920094295976885,-0.003983167738726428,0.0009196424620563359
2010-12-31,0.0007780024073287547,0.0007114182955443915,0.0005837277713135822,0.00011597002294282664,-0.00027292172402269886,-0.0005884680235152755,-0.0016100767909956477,-0.0027806776008825643,-0.0026369176084707307,-0.0007097900957945617,-0.0053714323870762025,0.0009031419738814161
2011-01-31,0.0009281353933323222,0.0012798606623354437,0.0020868337949271733,0.0016336001259482055,-0.0020439570979313908,0.0003210637750008491,-0.0016315592317096826,-0.0039409169638804755,-0.010205276213470251,-0.025716504332349482,-0.03227131335653105,0.000912077359674468
2011-02-28,0.0008294712691586091,0.0007288459293908125,0.00016273528007348438,-0.001932577455348999,-0.003549317925347792,-0.0034199764963324824,-0.00401596548481678,-0.003530703966367183,0.0006755188957967674,0.0069749063963795285,0.008476726393954378,0.0008983232668529073
2011-03-31,0.0009548902560778291,0.0013206791401739033,0.0018453250450949205,0.0017676186074422578,0.001982116067569699,3.096464200876573e-05,-0.00429319696948478,-0.0005989290347065081,-0.001554088187115189,-0.011587422368097467,-0.00708799536583973,0.0008962603861808471
2011-04-29,0.0007433657796351399,0.0008325310360109601,0.0009777904268482647,0.0038450684122918882,0.0059320216760339215,0.008929742199933923,0.011185905769899562,0.013371332763918609,0.015071166259082369,0.01224001442548029,0.01525444785982928,0.0008940654297904249
2011-05-31,0.0008495436098876593,0.0011119566379603596,0.002319216495135024,0.0045599113051320575,0.0071335635850792905,0.009716950585481434,0.012951602214427338,0.0059211777500276465,0.013828159383829182,0.035788414659641506,0.0399076368250167,0.0008976383956558198
2011-06-30,0.0009136413235673288,0.0009072729810639469,0.0010489513652074643,0.0002596482792178963,0.002947641225964999,0.004311382915796089,0.0026754158695652796,0.0032348726296526123,-0.0005201416025864701,-0.0035039390276847588,-0.0067929736617403655,0.0009045116282755394
2011-07-29,0.0007070498592724952,0.0008144218180395145,0.0014390682894234355,0.005078389344721135,0.006671172270656012,0.008582539403085085,0.015479169629129047,0.023867868693188982,0.03108554018640119,0.04284544287488707,0.053382106555921925,0.0008914495667449174
2011-08-31,0.0007335315497136733,0.00134889514552527,0.003319584847097066,0.007060639134792938,0.011478073710573942,0.014587235320741222,0.01857425425351281,0.024190868856473174,0.028358011406358016,0.03161117797720968,0.03901472987672077,0.0008955754994564025
2011-09-30,0.0009977930382802935,0.0011278242955657751,0.0018785072987544474,0.004662519690320558,0.008044964901359579,0.007421342701243453,0.015282957660343318,0.02351436799433713,0.032315696429595614,0.05159169400311905,0.07310079237839565,0.0008790706459502751
2011-10-31,0.0005171778191719686,0.0005089043293558525,-0.0003604972486579403,-0.001345102482732369,-0.0026313777537046294,-0.0030367871382037544,-0.004069796533983923,-0.006089340711269913,-0.009451480044332402,-0.017937541716465295,-0.027672523228973088,0.000931322998780626
2011-11-30,0.0008224977505152262,0.0007385428101940718,0.0009637631964255502,0.0005990418721033152,0.0023268501812451522,0.0030881965739951783,0.003472049493010815,0.007156821546049078,0.01369159285557059,0.03376553009157288,0.05173505415715345,0.0009546960676840577
2011-12-30,0.0008393349559707386,0.0008190116150314134,0.000775021165910994,0.0018220183957547748,0.004015042870720233,0.006962904021308323,0.009993220242557084,0.014999431446559141,0.02083373057369665,0.03452508557682773,0.04487286112652658,0.0009588191336509233
2012-01-31,0.0005537420155533272,0.0007684283192451712,0.0003563990376276868,0.0008121448675533923,0.000564901898976648,0.002239329700657715,0.0022941242070451517,0.003872123281772934,0.006297879622517403,0.002212794675407738,-3.8970847856211937e-05,0.0009780548903548514
2012-02-29,0.0005975542509575109,0.0004773399983724506,0.0001764091238977904,-0.0018890283258757416,-0.005346443609218035,-0.004740742836838532,-0.007766492885295304,-0.005616798373556184,-0.0071776664204731945,-0.011467588793658735,-0.01716301882973114,0.0009879473952696394
2012-03-30,0.0008331466482181095,0.0008121586412367551,0.0005161530995504821,-0.000977398672354444,-0.0022350036860000837,-0.0042979144284732715,-0.005150949999111453,-0.00819757873528509,-0.009333384075768796,-0.005395931650721761,-0.00969008377112833,0.00098465001312098
2012-04-30,0.0005003865714819179,0.00019250913733780486,-0.0008297557889504588,-0.0016252810955432538,-0.002049977694554004,-0.0018718786809492198,-0.00020515715578410952,0.0007714555490469668,0.008381098068346344,0.007444325228023564,0.012176628380093462,0.0009632141162625452
2012-05-31,0.0010809854507911438,0.0014828748762367979,0.0033395212275316847,0.006289461448880842,0.010808369957654735,0.013005752181003416,0.018560372138001557,0.01876523702651131,0.028933335018043592,0.0562401306598268,0.07317484754295771,0.0009458968201441209
2012-06-29,0.0008963011354398331,0.0010319583347278738,0.0012549659128501824,0.0015823190880424292,0.0017503548032119806,0.0010442197182226082,0.0009840802331880197,0.0012790864785420582,0.001620853960697106,-0.0033605291429940937,-0.006010621530014417,0.0009228019642033569
2012-07-31,0.0005834124265790133,0.0007201595776681535,0.00018139137358878665,-0.0001133155793769127,-0.00039108593620953974,0.0004335602949533012,-5.980067678300559e-05,0.0022627280353691086,0.006914229664123507,0.014485438309338773,0.015004058944849326,0.0009186772658953402
2012-08-31,0.0006943448526137991,0.0005004653669031066,3.071044322808452e-05,-0.00029705017085621826,-0.0018053651229802035,-0.0006187108139363895,-0.0029223046570612823,-0.0023934315317812554,-0.007174307784996395,-0.009389191393987244,-0.01236470169119693,0.0009071271158367367
2012-09-28,0.0009506691500474657,0.001040816092764903,0.001316403324561079,0.0024034882597473418,0.0033321900184186083,0.0037274817886633433,0.003926686612329098,0.0049912863691714245,0.005651808102650666,0.0068546831692860655,0.005587415647145554,0.0009030017069060481
2012-10-31,0.0007806531871334595,0.0008269495614491876,0.0013563653009575705,0.0006734484576662209,0.00014483429675853313,-0.0005278952368430219,-0.0012015450980245245,-0.0027855942437309995,-0.003715982268213513,-0.010091066247274742,-0.010983959022704227,0.0008951629146041196
2012-11-30,0.000879424496187983,0.0009314432302018517,0.0007798308273519476,0.0010041637196903316,0.0018268355322852167,0.0027085995535895487,0.0037275963482823055,0.005192043988947617,0.009235336429693002,0.015778643050660412,0.020716853466413738,0.0008864982005201139
2012-12-31,0.0008447001441269273,0.0009082914683847769,0.0006525245872349443,-0.0004932080198498942,-0.001111342280676923,-0.0026173280537841242,-0.0034230604176104336,-0.005442207594651136,-0.007415534197036765,-0.009955082037741968,-0.013128191948270154,0.0008807212660313368
2013-01-31,0.0007634175173619758,0.0008618961902471774,0.0012380446381516613,0.0006435277016875512,-0.00011010166411933546,-0.0016622893270039703,-0.004410863923160082,-0.00815804384876181,-0.01555058050127936,-0.029379739982039337,-0.03951110013003661,0.0008741186060376993
2013-02-28,0.0007285159627323228,0.0008428460016396134,0.0013815086608564672,0.004910298026545579,0.0052533163940785554,0.009650450689961402,0.009920419106604475,0.014793360209498424,0.015562344029964066,0.012167277356223487,0.011794546216450114,0.0008691662965960578
2013-03-29,0.000762452606132259,0.0007143021875213164,0.0005351017804171998,-0.0002156006356144407,0.0011427924431850654,-0.0025912290235668915,0.0019943369086447963,-0.00326010137510123,-0.001630676694237524,0.007233824884592653,0.007130054370816105,0.0008708170963593886
2013-04-30,0.000797245013247799,0.0008427685862969533,0.0010263968521240984,0.002311030748812382,0.003059777657186914,0.005275205513149053,0.0075322608787725944,0.011999140368516752,0.01759738125326844,0.027395958854580786,0.030060756200045655,0.0008691662965960578
2013-05-31,0.0007764446556668707,0.0007714455728159317,0.0003384635914577557,-0.002197921531058061,-0.004028310916578891,-0.008629708129650403,-0.013887385514895314,-0.022694895073246023,-0.030756038721024694,-0.042183563368399894,-0.04982908119996235,0.0008691662965960578
2013-06-28,0.0008361150500334894,0.0007432047365983078,0.0004030523403099689,-0.0017433753432755054,-0.0033643236017114244,-0.006095384759773986,-0.01354811535433689,-0.021396529167242623,-0.030541403531582603,-0.03995646897556357,-0.04881894148568108,0.0008724678661728991
2013-07-31,0.0008618478316328379,0.0009512683583860436,0.0011385973300728988,0.002241431454707775,0.003055408075419172,0.004260022833215956,0.003977176133834262,0.003043541928011599,0.000872611018625659,-0.0043912533697325505,-0.012272705381749544,0.0008724678661728991
2013-08-30,0.0008577501358636053,0.0009189983799340541,0.0009930961743793106,0.000297254025896912,-0.0034857451808364436,-0.00873358044135197,-0.008117028674010235,-0.006815345130787391,-0.01210764982932645,-0.014987046575355009,-0.01678694507261612,0.0008724678661728991
2013-09-30,0.0008578213132647265,0.0009979032998400665,0.0012322307727791366,0.0009493368792154432,0.001985808331867106,0.00481986040605629,0.005879240200476606,0.007498976215263993,0.008540243575596882,0.004123797924870542,0.0023291019233861966,0.0008724678661728991
2013-10-31,0.0009069676126183168,0.0010047361502573218,0.0015314416192779476,0.002522121814840505,0.006668387271359771,0.008191702682928983,0.008135253659092494,0.011803004600510454,0.012590141906196077,0.01718343088005949,0.013989400922980467,0.0008724678661728991
2013-11-29,0.0007036888226294953,0.0007136226027601088,0.0007625244348701861,0.0012057573875555727,0.0016073167873234566,0.0017255481221085354,0.0007661552560271856,-0.0006508057892028786,-0.009425488495847857,-0.017545692885994547,-0.023294406158914618,0.0008724678661728991
2013-12-31,0.0008223481588996661,0.000779943336633038,0.0008684252574535355,0.00015371581435789415,0.0002756772221665845,-0.004803450918287926,-0.008220650068337991,-0.008592952703777176,-0.015226864252126887,-0.013073910312703812,-0.012343424530198861,0.0008724678661728991
2014-01-31,0.0008116673109425886,0.0009517443867769666,0.0013023742711686485,0.004551182434096651,0.0031583016697756005,0.014392563130915177,0.02018809493857619,0.027484628874751078,0.040021676366347826,0.05758880187542798,0.06534824471822118,0.0008724678661728991
2014-02-28,0.0008143155626743877,0.0008655755635977865,0.0008221861788439195,-0.0002361777458134544,-5.16220186120551e-05,-0.0035838505434565523,-0.002237926187920629,-0.00613766812245326,-0.0055793358081926885,-0.009806811752379645,-0.0007569813739643915,0.0008724678661728991
2014-03-31,0.000601799267159658,0.0006407532436182557,0.0006094932553724208,-0.0004363827937025263,-0.000819991215689936,-0.0012860310625127764,-0.0023093837922668983,-0.004865760300406607,-0.0008851106964141438,-0.005683117960591206,-0.0021100473276477556,0.0008724678661728991
2014-04-30,0.0006398140777355626,0.000560252302458879,0.00044326977610364607,0.0010181482415604107,0.002574088052904222,0.0034328817426667216,0.002869116140899802,0.004384709631063935,0.006777649050959392,0.00891575127958017,0.009813416602539723,0.0008724678661728991
2014-05-30,0.0008164681788220919,0.0008189154048129693,0.0009396073547726666,0.001107042760938196,0.002530995169601428,0.005184851813258397,0.008397280531136017,0.011331203217577582,0.01606749682161699,0.0251131251297458,0.032701771641770336,0.0008724678661728991
2014-06-30,0.0007675226392475304,0.0007558802652857168,0.0006566443988774308,-0.00018845201539787008,-0.0003453641039825959,0.00014404905863661476,0.0012164894428699613,0.002234843201421085,0.0026494939415630117,0.0025685297522289093,0.002287662346924124,0.0008724678661728991
2014-07-31,0.0007566946394653686,0.0006836952120719373,0.0006624322785005993,0.0010486189023309286,0.0023230098404313348,0.0014952483540387517,0.001783915604877305,0.004825150565125621,0.008801780349654465,0.015436635487154913,0.02007237043528112,0.0008724678661728991
2014-08-29,0.000838858038286329,0.0009175486204481061,0.0009602297643366603,0.0007969532572786809,-0.001543359589207977,-0.00010888284589474487,0.001349882576887449,0.010637051159558795,0.016591452241921142,0.026722318083811862,0.031476393843039116,0.0008724678661728991
2014-09-30,0.0008157100384752897,0.0008977364403310309,0.0009594360478458544,0.0005372846359829552,-0.0008995811672670814,-0.002538476458909041,-0.003955464125448719,-0.007286511519836318,-0.011675133400412478,-0.01654195489874637,-0.021128407701204728,0.0008724678661728991
2014-10-31,0.0008058446116718438,0.0008322673741363769,0.0010215642029655968,0.0028463317280398607,0.004935440642528586,0.004716204391430205,0.00545898382523017,0.005634909393712658,0.010568460301218744,0.013896803046986036,0.01916961805283157,0.0008724678661728991
2014-11-28,0.0007070893134008791,0.0008049292790080746,0.000867646478266018,0.0013979411128461762,0.003622479233856829,0.007260396226803244,0.008886516353716845,0.013929529789493314,0.01898934753153293,0.027541619178188752,0.038083265734856486,0.0008724678661728991
2014-12-31,0.0007294402385342676,0.000673029704574012,0.0006260406231039442,0.00048383458055933015,0.0005337991571397837,0.002342126173313987,0.003183945537356723,0.004673274071355702,0.007892781168581041,0.01672937696125904,0.021308124398155763,0.0008724678661728991
2015-01-30,0.0013196116479611416,0.0024055046852202973,0.00538959712004901,0.012716048295106749,0.02078726877654685,0.028766571762765827,0.037211530301425516,0.040081023862292016,0.05277395498380356,0.09594529322935724,0.12479346657543242,0.0008724678661728991
2015-02-27,0.0005169530653126568,0.00034582807446720384,-0.0002446233778505588,-0.0011573743968164112,-0.0012364088936385942,-0.002428047750610976,-0.005504052358467361,-0.0028520881164502366,-0.0035893626711338664,-0.014140715735891228,-0.01753922504068628,0.0008724678661728991
2015-03-31,0.0005311445463443797,0.00048373325032973873,0.00036256507111019555,-0.0002549516960609069,-0.0009305078769821143,-0.00043615300440726486,-0.0010306624681069437,-0.003727001203850265,-0.004087052346442971,-0.00974681105699416,-0.012897926819770405,0.0008724678661728991
2015-04-30,0.0002593708200834876,8.788955925382048e-06,-0.000675271761358383,-0.002804594256893497,-0.005224046145253039,-0.007234293691253039,-0.009556233984191018,-0.014862350430518426,-0.019129742205212158,-0.029957787384378768,-0.03973480406358109,0.0008724678661728991
2015-05-29,0.0005990642573450532,0.0007203028013454093,0.0009249181345208073,0.002601028497260882,0.0036656925403164764,0.005167394511742916,0.004948119219073942,0.00031983100473171493,-0.0026073084739403527,-0.0046556485504241985,-0.0057953873411872615,0.0008724678661728991
2015-06-30,0.0006199755332480982,0.0007686822676986571,0.0011867505577774081,0.002094275602261047,0.0036990624737644074,0.005043177054163963,0.004305654365559484,0.0009226962350289386,-0.004008639096133194,-0.013230891017421132,-0.017321996281611622,0.0008724678661728991
2015-07-31,0.0007718404247262189,0.0011928703603495633,0.0022475772960789857,0.0018341576966776903,0.0027684574743150506,0.0018412338311425106,0.0030412049586702994,0.01594765899450489,0.02395232226509548,0.032600126789448576,0.0418641156543676,0.0008724678661728991
2015-08-31,0.0003918180839990074,0.00042835636036587756,0.0003501665387391568,-0.00023156008844762223,-0.0024802404346853267,-0.003556261549252466,-3.5965770835578567e-05,-0.0021111592728466516,-0.003571055153130677,-0.016087725281389093,-0.021585947068548165,0.0008724678661728991
2015-09-30,0.00018718596289198853,0.0001672540020292048,-0.000399311518868208,-0.0011571990555796746,-0.0012152464775592245,-0.001119204127424257,-0.00021636302943393293,0.0009104273083184733,0.006873646883247865,0.006656638189766402,0.009742830415290223,0.0008724678661728991
2015-10-30,0.000371752039025572,0.0003293379968538909,0.00022477175612046937,-0.0006527198899404415,-0.001570129530015555,-0.002389029529046816,-0.0031687259711138437,-0.003913239119747519,-0.008837834018463634,-0.016810625599575454,-0.020476445179622958,0.0008724678661728991
2015-11-30,0.000276095815959507,0.00016226501802388962,5.886975255442299e-05,-0.0005857318587999204,-0.0014522438672730997,-0.0010940909450920968,-0.0008991439751981387,-0.002132652250880981,-0.0012824046613817918,0.005080154735403045,0.005794340052969526,0.0008724678661728991
2015-12-31,0.00037497429463540037,0.00038744638488161573,0.0008591992701205291,0.00340780265199904,0.00557981454830358,0.006918868272417357,0.009623731334797426,0.013479212995482912,0.017691650145716685,0.023801536135993825,0.03255943788967594,0.0008724678661728991
2016-01-29,0.0005047287493783051,0.0006219739161846164,0.0009325961321021205,0.0015258425778096351,0.0023318568632497293,0.003681862466571021,0.0030724401109623154,0.01231766843893258,0.01702527993166821,0.021937346027399267,0.027618155027389523,0.0008724678661728991
2016-02-29,0.00038501697666859513,0.00024535817763195704,-7.320040827000329e-05,-0.0014944203729220396,-0.0021181278143719926,-0.0016142482789178766,0.0009995770083778973,0.0011177179383451352,0.004191907502141029,0.01041056599195273,0.015295521383508528,0.0008724678661728991
2016-03-31,0.00039999476508653686,0.00044732647665390374,-5.063206434394137e-05,-6.365563789858114e-06,-0.00014213255782653212,-0.0007587779995571567,0.00021958736243167583,0.0005095346264771302,-0.0023584453376850763,-0.005074370941751354,-0.005730176015452652,0.0008724678661728991
2016-04-29,0.00020127290653547164,2.0278047328527024e-05,-3.552048828403979e-05,-0.0023954310318492033,-0.0036887206301115132,-0.006398273416589753,-0.009083273181924202,-0.022212463878966804,-0.024849009528527845,-0.011414212948268321,-0.015023591395912618,0.0008724678661728991
2016-05-31,0.0004854374977971859,0.0005119854471714408,0.00047456365382267683,0.002060212275741581,0.003144895706811803,0.005024231280034657,0.007454375395286592,0.016339720170153633,0.01940673119860795,0.023358772099437566,0.02992327720205185,0.0008724678661728991
2016-06-30,0.0005487215866921434,0.0007091123848343893,0.0013452444832758612,0.0023408862964141458,0.003394684107279751,0.0057607807822737615,0.008785408351874606,0.015522526784804641,0.025635131229580485,0.04202319836215058,0.06069445438004111,0.0008724678661728991
2016-07-29,0.000337549448977636,0.00026277671101144497,-7.378651431333265e-05,1.182645111235117e-05,0.00018359110155334346,9.985746687644933e-05,-0.000732428405715694,0.001240866204876425,0.004083304042458576,0.015945317936684078,0.01927734385740489,0.0008724678661728991
2016-08-31,0.00046304588073408986,0.0004945907866227389,0.00047376356288175714,-0.0002360374713664404,-0.001827929786456717,-0.0017061821195604961,-0.002780840889867699,-0.0007825789287657123,0.0011340819517136828,0.0023620369947236256,0.004431973359517898,0.0008724678661728991
2016-09-30,0.00042231205282750544,0.0005287038895346902,0.0009214329829218559,0.0015269946898140501,0.002193384383048695,0.0024774804523251485,0.0028287452332237785,0.0016545229589015498,0.0034908248822160025,-0.00018605821182734938,-0.0063730882589849115,0.0008724678661728991
2016-10-31,0.0005371238430255151,0.0004589044230769152,0.00023227087180608365,-6.1768735747732e-05,-0.0008038777880733909,-0.0015862758043336076,-0.0030015264442959126,-0.007498808576423321,-0.017634129422441403,-0.027976985689127855,-0.040566679663291846,0.0008724678661728991
2016-11-30,0.0003317569187498555,0.0002793895248416705,2.2480516199734987e-05,-0.002504519457951361,-0.005293487095891039,-0.010562604935444126,-0.014511435099103532,-0.024833305552164942,-0.03387851059967174,-0.05205974228016417,-0.06503319584644167,0.0008724678661728991
2016-12-30,0.0005213719645094901,0.00043390474125107705,0.0001710023888977965,-0.0002513800425729458,-0.0013135806020159308,-0.003079916692554732,-0.004110807908042752,-0.006728235382584575,-0.010954184011565381,-0.021601498721311438,-0.029002588345956416,0.0008724678661728991
2017-01-31,0.0003658957121285046,0.0006675521226792177,0.0007475839938595005,0.00016476381388270747,0.0009832994233062344,0.00044321169235724515,0.0008282065079993203,0.0010245464273196242,-0.002014583899449715,-0.01141482851752504,-0.018219284902248688,0.0008724678661728991
2017-02-28,0.0003143112285785761,0.00042318032723165366,0.0005442727554783621,0.0008871804731548305,-0.0003179592059588355,0.0003367363015145167,0.0008775665066550479,0.006577930242609594,0.012833772711345483,0.014618665149622161,0.016248021830703775,0.0008724678661728991
2017-03-31,0.0003466702903839755,0.00021127371565362343,-7.173935669423022e-06,0.0008194523840627342,0.0006588586183421775,0.0011134070828442877,0.0008306888608952466,0.0014857110423184185,0.002265332551600144,0.007824068135903658,0.010591887842100967,0.0008724678661728991
2017-04-28,0.0004987732190250609,0.000428072230260263,0.0006313188651780577,0.001134395891777134,0.0030523736098218204,0.004880042182255422,0.006110136755012823,0.004924653376217797,0.008517651918198674,0.02902339688744772,0.03320131724284329,0.0008724678661728991
2017-05-31,0.00042063898423364156,0.0004687787648082272,0.0004222904373868715,0.0011122129431895686,0.0016306465581481,0.002869449453317654,0.004200467050409361,0.00896672887704126,0.013440342181882971,0.02247411614179595,0.026650854221049573,0.0008724678661728991
2017-06-30,0.0001589154433023314,-0.0005628188863856684,-0.0023559359938303413,-0.007121372455542525,-0.01169233668086873,-0.016142887013586803,-0.02036904504293634,-0.02689717066805862,-0.02963790166123808,-0.017288796723968252,-0.019140054727671406,0.0008724678661728991
2017-07-31,0.0005490106180589625,0.0002453339846232157,-0.0008652148413913475,-0.003093607485486784,-0.004471616666788389,-0.0070693275839697044,-0.010853134888330998,-0.01687549650541717,-0.02449712663588824,-0.04712889483286066,-0.06223306023003072,0.0008724678661728991
2017-08-31,0.0005456103286613089,0.0006846180768142498,0.0005939578580242962,0.0018643618880921798,0.0018809711605033259,0.004562577849182178,0.0069502148428729335,0.01358212909270074,0.0206610200488582,0.03652690875958314,0.046946705588575964,0.0008724678661728991
2017-09-29,0.00027587558783261404,-4.411829782535689e-05,-0.0008224059548621525,-0.003485036694847988,-0.005527844469171454,-0.007126642439555002,-0.009038788744076742,-0.014285979726713442,-0.020471000597396212,-0.031917973011683726,-0.04092320612485438,0.0008724678661728991
2017-10-31,0.0010439801169721443,0.0010860190557934661,0.002000387902357252,0.0035771935322174517,0.005104560769043575,0.006188231083480148,0.007684953140578288,0.011820765280231788,0.015116442654656637,0.029254956466879554,0.03948163467640275,0.0008724678661728991
2017-11-30,0.0007196032639798443,0.0011625456446082958,0.0010150050997604976,0.0004387312320538165,0.0004343900709612143,8.679667408888564e-05,0.0008703957941081678,0.002879421648332609,0.007211669023242777,0.01417408720083959,0.017706525370266034,0.0008724678661728991
2017-12-29,0.0004382551045337808,0.00019095173141027964,-0.0008444209125485451,-0.0036265534342231624,-0.005910958916895816,-0.007817647827427289,-0.009573639412989906,-0.012373951232236948,-0.01226885355324835,-0.005696912993938624,-0.0059136035991080435,0.0008724678661728991
2018-01-31,0.000645948101211633,0.000484582975204813,0.00044441004660307633,-0.0013918409819184253,-0.0031873983818388003,-0.005908114547101376,-0.008308671926049921,-0.013524382256040003,-0.0195880200968963,-0.019094431019757396,-0.017968358970518076,0.0008724678661728991
2018-02-28,0.0010767468782118504,0.001359263505909011,0.0014785510021250222,0.00247624920045424,0.0016511769788866949,0.0026226863728897793,0.003206983468957283,0.00610414051384951,0.00667987776624838,0.0003668917082650986,-0.0012471739074758619,0.0008724678661728991
2018-03-30,0.000945853203253742,0.0009171534856986394,0.0010847889268166188,0.0017022902927494412,0.0016769768181875743,0.002489162356938945,0.005335724464982556,0.0077434665372490726,0.01477228421047408,0.0296848650868199,0.03456338885963359,0.0008724678661728991
2018-04-30,0.0008860800750104541,0.0010544588764218662,0.00126922976581288,-0.0007404941611412238,-0.0013388163422763876,-0.0034313852431604964,-0.0055904306460250386,-0.011987410558973158,-0.017118581061680543,-0.027474633167219095,-0.03408787313102948,0.0008724678661728991
2018-05-31,0.0008328140960702599,0.0006076822148605971,0.0006693607610768693,0.0010958506578264595,0.0013913165382936122,0.002241323736473055,0.0023115900245557794,0.004471187883009659,0.007493241944701039,0.02001010681814691,0.03217931249412712,0.0008724678661728991
2018-06-29,0.0011151715853190758,0.0010456120640166481,0.0012378095224710325,0.0016593820469981736,0.0022449146365627155,0.0032432790808664073,0.003839966843269235,0.005985203026360933,0.008625412309568653,0.012693093385913892,0.014842510136752163,0.0008724678661728991
2018-07-31,0.0007389658111333902,0.0008536756048215457,-2.026596558075138e-05,-0.0013115065898997634,-0.0018197214306719374,-0.003579389577899992,-0.005124413781464366,-0.007166987700057356,-0.01064377375462429,-0.021419680552201562,-0.024350492539219275,0.0008724678661728991
2018-08-31,0.001047061023908985,0.0007684339631856415,0.000987221958896473,0.0016893329371450805,0.0019047471960757423,0.0030968257108149994,0.00405814443533786,0.006678905542375723,0.009194453159185307,0.01576944979104484,0.01878752783216363,0.0008724678661728991
2018-09-28,0.0011964670450311783,0.00125605741660812,0.0007864430836386149,-0.0009742742201145771,-0.0027767974364637763,-0.004734616300945112,-0.006165207714988955,-0.010270474065450163,-0.015435667052451531,-0.025432242350510587,-0.03336235445649366,0.0008724678661728991
2018-10-31,0.0010504894450177218,0.0007847109801619332,0.0005821573708878456,-0.0004810777479058038,-0.001270047641726566,-0.0020652600199129556,-0.0021613273359554134,-0.002566645100869366,-0.0038344438932803367,-0.012470219208404468,-0.020848851888853014,0.0008724678661728991
2018-11-30,0.001507341316999793,0.001655536721345809,0.002415024515275907,0.005259258206126239,0.007141643645206797,0.01001469538363966,0.01268300606290292,0.017208882355245862,0.02224851230436616,0.0297073262077809,0.03310422450191825,0.0008724678661728991
2018-12-31,0.0014853218074189012,0.002050249095408196,0.003645840602279556,0.007368767691924061,0.010837760425940254,0.01338957312168531,0.01656778949849022,0.022452061781021066,0.029275226730487217,0.03920221402637948,0.04829312344135036,0.0008724678661728991
2019-01-31,0.0013613791695767407,0.001664880554777259,0.00214928884861768,0.0031922383569704,0.004009152926195705,0.005679449923693244,0.006353525290251113,0.007947091639541983,0.009587547112103162,0.009258918114601337,0.011992460042385156,0.0008724678661728991
2019-02-28,0.0013389824073178984,0.0014154660447375262,0.0017148844841769597,0.001373466092649725,0.0011044549719761417,0.00030851687360594334,7.242453211782643e-05,-0.001208380969950026,-0.004087544610703859,-0.006135515406467236,-0.009524728080713906,0.0008724678661728991
2019-03-29,0.001390219106578165,0.001675167989414889,0.0025114933077092,0.005829222766959309,0.008759798570131346,0.012554460603565373,0.015630879728364504,0.022224902007718796,0.03175715747918398,0.05370957069477998,0.07241179689445132,0.0008724678661728991
2019-04-30,0.0013670471906780779,0.0013050104528930962,0.0011036992481788439,0.0010184611605019208,0.0008475320776062402,5.156228669448247e-05,0.00026694547991941116,-0.005209374273955964,-0.007251859842084974,-0.016043044139981727,-0.020156464228316757,0.0008724678661728991
2019-05-31,0.001380242697281995,0.001466131688140943,0.0019083776336310781,0.003821900830715183,0.005769556596881785,0.007771164778672463,0.009607478582288604,0.015514878928714332,0.022229582867625015,0.043613802911363034,0.05487470101690622,0.0008724678661728991
2019-06-28,0.0014266228596941208,0.001387661641096567,0.0009481889617561268,0.00033620457714777293,0.00027472551022226626,0.00016182892237723105,-0.0001946912019497109,0.0013168478556032312,0.003257486306806775,0.012483508748957385,0.020885341247481426,0.0008724678661728991
2019-07-31,0.0013853586799618784,0.0014132918034229197,0.0013934070136497865,-0.00011455957796910918,-0.0013437955426561959,-0.0011024564821590804,-0.0014437847923978132,-0.000911466643709313,0.00020285080874100006,-0.001340054333802986,-0.0011752179993353153,0.0008724678661728991
2019-08-30,0.0014086345919940278,0.0016326009483164001,0.0028466712243926514,0.004888420613062727,0.007699916316639262,0.009874515301139482,0.013568912012089419,0.021036306946175205,0.0309223217703929,0.04886827519111526,0.06891607802588859,0.0008724678661728991
2019-09-30,0.0012944634369513376,0.0011003193641248982,-0.00036438286905439286,-0.0031173573921809586,-0.005273045799925217,-0.006522566396244216,-0.008809064286154375,-0.012095123653725252,-0.017070467185146022,-0.018182958953288003,-0.02265235525481766,0.0008724678661728991
2019-10-31,0.0013555548655073992,0.0014125034790261116,0.0019198151783722652,0.0024749453392621753,0.001965888497570724,0.0011979093066354363,6.97623579609592e-05,-0.001950131453896065,-0.003564642503034264,-0.008924603031002752,-0.009838062689502618,0.0008724678661728991
2019-11-29,0.0013886418800324674,0.0013414223406109263,0.0010321147740368515,-2.1414292465805336e-05,-0.000893374873085586,-0.0017140300979244449,-0.0021709730497675222,-0.003403933412780154,-0.0035106084624043164,0.0028338397728470293,0.005846117722974727,0.0008724678661728991
2019-12-31,0.001362184462971445,0.0012339076379057933,0.0010543447771468018,-0.0007696673342155771,-0.0022677809803572876,-0.0050938146302862575,-0.007881331747673555,-0.012194290481132868,-0.02025182770089558,-0.03376071032959705,-0.045089786590574686,0.0008724678661728991
2020-01-31,0.0014019366228426836,0.0017821064624491739,0.0027095576590140257,0.006430612787854982,0.01056685281584559,0.015707629942687772,0.021086338292849914,0.02920198785155521,0.042122391018680275,0.06844039792112974,0.08578228412434304,0.0008724678661728991
2020-02-28,0.0016145142648458306,0.002158650550514648,0.0035892612409350166,0.006418993554331019,0.008349358196596584,0.009118436150027972,0.010710076117296501,0.014111221734812086,0.014340318875501593,0.0208129959808481,0.027943807999881512,0.0008724678661728991
