Dates,1Y,2Y,3Y,4Y,5Y,6Y,7Y,8Y,9Y,10Y,15Y,20Y,30Y
1960-01-29,,,,,,,,,,,,,
1960-02-29,,,,,,,,,,,,,
1960-03-31,,,,,,,,,,,,,
1960-04-29,,,,,,,,,,,,,
1960-05-31,,,,,,,,,,,,,
1960-06-30,,,,,,,,,,,,,
1960-07-29,,,,,,,,,,,,,
1960-08-31,,,,,,,,,,,,,
1960-09-30,,,,,,,,,,,,,
1960-10-31,,,,,,,,,,,,,
1960-11-30,,,,,,,,,,,,,
1960-12-30,,,,,,,,,,,,,
1961-01-31,,,,,,,,,,,,,
1961-02-28,,,,,,,,,,,,,
1961-03-31,,,,,,,,,,,,,
1961-04-28,,,,,,,,,,,,,
1961-05-31,,,,,,,,,,,,,
1961-06-30,,,,,,,,,,,,,
1961-07-31,,,,,,,,,,,,,
1961-08-31,,,,,,,,,,,,,
1961-09-29,,,,,,,,,,,,,
1961-10-31,,,,,,,,,,,,,
1961-11-30,,,,,,,,,,,,,
1961-12-29,,,,,,,,,,,,,
1962-01-31,,,,,,,,,,,,,
1962-02-28,,,,,,,,,,,,,
1962-03-30,,,,,,,,,,,,,
1962-04-30,,,,,,,,,,,,,
1962-05-31,,,,,,,,,,,,,
1962-06-29,,,,,,,,,,,,,
1962-07-31,,,,,,,,,,,,,
1962-08-31,,,,,,,,,,,,,
1962-09-28,,,,,,,,,,,,,
1962-10-31,,,,,,,,,,,,,
1962-11-30,,,,,,,,,,,,,
1962-12-31,,,,,,,,,,,,,
1963-01-31,,,,,,,,,,,,,
1963-02-28,,,,,,,,,,,,,
1963-03-29,,,,,,,,,,,,,
1963-04-30,,,,,,,,,,,,,
1963-05-31,,,,,,,,,,,,,
1963-06-28,,,,,,,,,,,,,
1963-07-31,,,,,,,,,,,,,
1963-08-30,,,,,,,,,,,,,
1963-09-30,,,,,,,,,,,,,
1963-10-31,,,,,,,,,,,,,
1963-11-29,,,,,,,,,,,,,
1963-12-31,,,,,,,,,,,,,
1964-01-31,,,,,,,,,,,,,
1964-02-28,,,,,,,,,,,,,
1964-03-31,,,,,,,,,,,,,
1964-04-30,,,,,,,,,,,,,
1964-05-29,,,,,,,,,,,,,
1964-06-30,,,,,,,,,,,,,
1964-07-31,,,,,,,,,,,,,
1964-08-31,,,,,,,,,,,,,
1964-09-30,,,,,,,,,,,,,
1964-10-30,,,,,,,,,,,,,
1964-11-30,,,,,,,,,,,,,
1964-12-31,,,,,,,,,,,,,
1965-01-29,,,,,,,,,,,,,
1965-02-26,,,,,,,,,,,,,
1965-03-31,,,,,,,,,,,,,
1965-04-30,,,,,,,,,,,,,
1965-05-31,,,,,,,,,,,,,
1965-06-30,,,,,,,,,,,,,
1965-07-30,,,,,,,,,,,,,
1965-08-31,,,,,,,,,,,,,
1965-09-30,,,,,,,,,,,,,
1965-10-29,,,,,,,,,,,,,
1965-11-30,,,,,,,,,,,,,
1965-12-31,,,,,,,,,,,,,
1966-01-31,,,,,,,,,,,,,
1966-02-28,,,,,,,,,,,,,
1966-03-31,,,,,,,,,,,,,
1966-04-29,,,,,,,,,,,,,
1966-05-31,,,,,,,,,,,,,
1966-06-30,,,,,,,,,,,,,
1966-07-29,,,,,,,,,,,,,
1966-08-31,,,,,,,,,,,,,
1966-09-30,,,,,,,,,,,,,
1966-10-31,,,,,,,,,,,,,
1966-11-30,,,,,,,,,,,,,
1966-12-30,,,,,,,,,,,,,
1967-01-31,,,,,,,,,,,,,
1967-02-28,,,,,,,,,,,,,
1967-03-31,,,,,,,,,,,,,
1967-04-28,,,,,,,,,,,,,
1967-05-31,,,,,,,,,,,,,
1967-06-30,,,,,,,,,,,,,
1967-07-31,,,,,,,,,,,,,
1967-08-31,,,,,,,,,,,,,
1967-09-29,,,,,,,,,,,,,
1967-10-31,,,,,,,,,,,,,
1967-11-30,,,,,,,,,,,,,
1967-12-29,,,,,,,,,,,,,
1968-01-31,,,,,,,,,,,,,
1968-02-29,,,,,,,,,,,,,
1968-03-29,,,,,,,,,,,,,
1968-04-30,,,,,,,,,,,,,
1968-05-31,,,,,,,,,,,,,
1968-06-28,,,,,,,,,,,,,
1968-07-31,,,,,,,,,,,,,
1968-08-30,,,,,,,,,,,,,
1968-09-30,,,,,,,,,,,,,
1968-10-31,,,,,,,,,,,,,
1968-11-29,,,,,,,,,,,,,
1968-12-31,,,,,,,,,,,,,
1969-01-31,,,,,,,,,,,,,
1969-02-28,,,,,,,,,,,,,
1969-03-31,,,,,,,,,,,,,
1969-04-30,,,,,,,,,,,,,
1969-05-30,,,,,,,,,,,,,
1969-06-30,,,,,,,,,,,,,
1969-07-31,,,,,,,,,,,,,
1969-08-29,,,,,,,,,,,,,
1969-09-30,,,,,,,,,,,,,
1969-10-31,,,,,,,,,,,,,
1969-11-28,,,,,,,,,,,,,
1969-12-31,,,,,,,,,,,,,
1970-01-30,,,,,,,,,,,,,
1970-02-27,,,,,,,,,,,,,
1970-03-31,,,,,,,,,,,,,
1970-04-30,,,,,,,,,,,,,
1970-05-29,,,,,,,,,,,,,
1970-06-30,,,,,,,,,,,,,
1970-07-31,,,,,,,,,,,,,
1970-08-31,,,,,,,,,,,,,
1970-09-30,,,,,,,,,,,,,
1970-10-30,,,,,,,,,,,,,
1970-11-30,,,,,,,,,,,,,
1970-12-31,,,,,,,,,,,,,
1971-01-29,,,,,,,,,,,,,
1971-02-26,,,,,,,,,,,,,
1971-03-31,,,,,,,,,,,,,
1971-04-30,,,,,,,,,,,,,
1971-05-31,,,,,,,,,,,,,
1971-06-30,,,,,,,,,,,,,
1971-07-30,,,,,,,,,,,,,
1971-08-31,,,,,,,,,,,,,
1971-09-30,,,,,,,,,,,,,
1971-10-29,,,,,,,,,,,,,
1971-11-30,,,,,,,,,,,,,
1971-12-31,,,,,,,,,,,,,
1972-01-31,,,,,,,,,,,,,
1972-02-29,,,,,,,,,,,,,
1972-03-31,,,,,,,,,,,,,
1972-04-28,,,,,,,,,,,,,
1972-05-31,,,,,,,,,,,,,
1972-06-30,,,,,,,,,,,,,
1972-07-31,,,,,,,,,,,,,
1972-08-31,,,,,,,,,,,,,
1972-09-29,,,,,,,,,,,,,
1972-10-31,,,,,,,,,,,,,
1972-11-30,,,,,,,,,,,,,
1972-12-29,,,,,,,,,,,,,
1973-01-31,,,,,,,,,,,,,
1973-02-28,,,,,,,,,,,,,
1973-03-30,,,,,,,,,,,,,
1973-04-30,,,,,,,,,,,,,
1973-05-31,,,,,,,,,,,,,
1973-06-29,,,,,,,,,,,,,
1973-07-31,,,,,,,,,,,,,
1973-08-31,,,,,,,,,,,,,
1973-09-28,,,,,,,,,,,,,
1973-10-31,,,,,,,,,,,,,
1973-11-30,,,,,,,,,,,,,
1973-12-31,,,,,,,,,,,,,
1974-01-31,,,,,,,,,,,,,
1974-02-28,,,,,,,,,,,,,
1974-03-29,,,,,,,,,,,,,
1974-04-30,,,,,,,,,,,,,
1974-05-31,,,,,,,,,,,,,
1974-06-28,,,,,,,,,,,,,
1974-07-31,,,,,,,,,,,,,
1974-08-30,,,,,,,,,,,,,
1974-09-30,,,,,,,,,,,,,
1974-10-31,,,,,,,,,,,,,
1974-11-29,,,,,,,,,,,,,
1974-12-31,,,,,,,,,,,,,
1975-01-31,,,,,,,,,,,,,
1975-02-28,,,,,,,,,,,,,
1975-03-31,,,,,,,,,,,,,
1975-04-30,,,,,,,,,,,,,
1975-05-30,,,,,,,,,,,,,
1975-06-30,,,,,,,,,,,,,
1975-07-31,,,,,,,,,,,,,
1975-08-29,,,,,,,,,,,,,
1975-09-30,,,,,,,,,,,,,
1975-10-31,,,,,,,,,,,,,
1975-11-28,,,,,,,,,,,,,
1975-12-31,,,,,,,,,,,,,
1976-01-30,,,,,,,,,,,,,
1976-02-27,,,,,,,,,,,,,
1976-03-31,,,,,,,,,,,,,
1976-04-30,,,,,,,,,,,,,
1976-05-31,,,,,,,,,,,,,
1976-06-30,,,,,,,,,,,,,
1976-07-30,,,,,,,,,,,,,
1976-08-31,,,,,,,,,,,,,
1976-09-30,,,,,,,,,,,,,
1976-10-29,,,,,,,,,,,,,
1976-11-30,,,,,,,,,,,,,
1976-12-31,,,,,,,,,,,,,
1977-01-31,,,,,,,,,,,,,
1977-02-28,,,,,,,,,,,,,
1977-03-31,,,,,,,,,,,,,
1977-04-29,,,,,,,,,,,,,
1977-05-31,,,,,,,,,,,,,
1977-06-30,,,,,,,,,,,,,
1977-07-29,,,,,,,,,,,,,
1977-08-31,,,,,,,,,,,,,
1977-09-30,,,,,,,,,,,,,
1977-10-31,,,,,,,,,,,,,
1977-11-30,,,,,,,,,,,,,
1977-12-30,,,,,,,,,,,,,
1978-01-31,,,,,,,,,,,,,
1978-02-28,,,,,,,,,,,,,
1978-03-31,,,,,,,,,,,,,
1978-04-28,,,,,,,,,,,,,
1978-05-31,,,,,,,,,,,,,
1978-06-30,,,,,,,,,,,,,
1978-07-31,,,,,,,,,,,,,
1978-08-31,,,,,,,,,,,,,
1978-09-29,,,,,,,,,,,,,
1978-10-31,,,,,,,,,,,,,
1978-11-30,,,,,,,,,,,,,
1978-12-29,,,,,,,,,,,,,
1979-01-31,,,,,,,,,,,,,
1979-02-28,,,,,,,,,,,,,
1979-03-30,,,,,,,,,,,,,
1979-04-30,,,,,,,,,,,,,
1979-05-31,,,,,,,,,,,,,
1979-06-29,,,,,,,,,,,,,
1979-07-31,,,,,,,,,,,,,
1979-08-31,,,,,,,,,,,,,
1979-09-28,,,,,,,,,,,,,
1979-10-31,,,,,,,,,,,,,
1979-11-30,,,,,,,,,,,,,
1979-12-31,,,,,,,,,,,,,
1980-01-31,,,,,,,,,,,,,
1980-02-29,,,,,,,,,,,,,
1980-03-31,,,,,,,,,,,,,
1980-04-30,,,,,,,,,,,,,
1980-05-30,,,,,,,,,,,,,
1980-06-30,,,,,,,,,,,,,
1980-07-31,,,,,,,,,,,,,
1980-08-29,,,,,,,,,,,,,
1980-09-30,,,,,,,,,,,,,
1980-10-31,,,,,,,,,,,,,
1980-11-28,,,,,,,,,,,,,
1980-12-31,,,,,,,,,,,,,
1981-01-30,,,,,,,,,,,,,
1981-02-27,,,,,,,,,,,,,
1981-03-31,,,,,,,,,,,,,
1981-04-30,,,,,,,,,,,,,
1981-05-29,,,,,,,,,,,,,
1981-06-30,,,,,,,,,,,,,
1981-07-31,,,,,,,,,,,,,
1981-08-31,,,,,,,,,,,,,
1981-09-30,,,,,,,,,,,,,
1981-10-30,,,,,,,,,,,,,
1981-11-30,,,,,,,,,,,,,
1981-12-31,,,,,,,,,,,,,
1982-01-29,,,,,,,,,,,,,
1982-02-26,,,,,,,,,,,,,
1982-03-31,,,,,,,,,,,,,
1982-04-30,,,,,,,,,,,,,
1982-05-31,,,,,,,,,,,,,
1982-06-30,,,,,,,,,,,,,
1982-07-30,,,,,,,,,,,,,
1982-08-31,,,,,,,,,,,,,
1982-09-30,,,,,,,,,,,,,
1982-10-29,,,,,,,,,,,,,
1982-11-30,,,,,,,,,,,,,
1982-12-31,,,,,,,,,,,,,
1983-01-31,,,,,,,,,,,,,
1983-02-28,,,,,,,,,,,,,
1983-03-31,,,,,,,,,,,,,
1983-04-29,,,,,,,,,,,,,
1983-05-31,,,,,,,,,,,,,
1983-06-30,,,,,,,,,,,,,
1983-07-29,,,,,,,,,,,,,
1983-08-31,,,,,,,,,,,,,
1983-09-30,,,,,,,,,,,,,
1983-10-31,,,,,,,,,,,,,
1983-11-30,,,,,,,,,,,,,
1983-12-30,,,,,,,,,,,,,
1984-01-31,,,,,,,,,,,,,
1984-02-29,,,,,,,,,,,,,
1984-03-30,,,,,,,,,,,,,
1984-04-30,,,,,,,,,,,,,
1984-05-31,,,,,,,,,,,,,
1984-06-29,,,,,,,,,,,,,
1984-07-31,,,,,,,,,,,,,
1984-08-31,,,,,,,,,,,,,
1984-09-28,,,,,,,,,,,,,
1984-10-31,,,,,,,,,,,,,
1984-11-30,,,,,,,,,,,,,
1984-12-31,,,,,,,,,,,,,
1985-01-31,,,,,,,,,,,,,
1985-02-28,,,,,,,,,,,,,
1985-03-29,,,,,,,,,,,,,
1985-04-30,,,,,,,,,,,,,
1985-05-31,,,,,,,,,,,,,
1985-06-28,,,,,,,,,,,,,
1985-07-31,,,,,,,,,,,,,
1985-08-30,,,,,,,,,,,,,
1985-09-30,,,,,,,,,,,,,
1985-10-31,,,,,,,,,,,,,
1985-11-29,,,,,,,,,,,,,
1985-12-31,,,,,,,,,,,,,
1986-01-31,,,,,,,,,,,,,
1986-02-28,,,,,,,,,,,,,
1986-03-31,,,,,,,,,,,,,
1986-04-30,,,,,,,,,,,,,
1986-05-30,,,,,,,,,,,,,
1986-06-30,,,,,,,,,,,,,
1986-07-31,,,,,,,,,,,,,
1986-08-29,,,,,,,,,,,,,
1986-09-30,,,,,,,,,,,,,
1986-10-31,,,,,,,,,,,,,
1986-11-28,,,,,,,,,,,,,
1986-12-31,,,,,,,,,,,,,
1987-01-30,,,,,,,,,,,,,
1987-02-27,,,,,,,,,,,,,
1987-03-31,,,,,,,,,,,,,
1987-04-30,,,,,,,,,,,,,
1987-05-29,,,,,,,,,,,,,
1987-06-30,,,,,,,,,,,,,
1987-07-31,,,,,,,,,,,,,
1987-08-31,,,,,,,,,,,,,
1987-09-30,,,,,,,,,,,,,
1987-10-30,,,,,,,,,,,,,
1987-11-30,,,,,,,,,,,,,
1987-12-31,,,,,,,,,,,,,
1988-01-29,,,,,,,,,,,,,
1988-02-29,,,,,,,,,,,,,
1988-03-31,,,,,,,,,,,,,
1988-04-29,,,,,,,,,,,,,
1988-05-31,,,,,,,,,,,,,
1988-06-30,,,,,,,,,,,,,
1988-07-29,,,,,,,,,,,,,
1988-08-31,,,,,,,,,,,,,
1988-09-30,,,,,,,,,,,,,
1988-10-31,,,,,,,,,,,,,
1988-11-30,,,,,,,,,,,,,
1988-12-30,,,,,,,,,,,,,
1989-01-31,,,,,,,,,,6.724,,,
1989-02-28,,,,,,,,,,6.941,,,
1989-03-31,,,,,,,,,,6.979,,,
1989-04-28,,,,,,,,,,6.897,,,
1989-05-31,,,,,,,,,,7.005,,,
1989-06-30,,,,,,,,,,6.718,,,
1989-07-31,,,,,,,,,,6.61,,,
1989-08-31,,,,,,,,,,6.842,,,
1989-09-29,,,,,,,,,,7.02,,,
1989-10-31,,,,,,,,,,7.128,,,
1989-11-30,,,,,,,,,,7.338,,,
1989-12-29,,,,,,,,,,7.306,,,
1990-01-31,,,,,,,,,,7.648,,,
1990-02-28,,,,,,,,,,8.625,,,
1990-03-30,,,,,,,,,,8.405,,,
1990-04-30,,,,,,,,,,8.813,,,
1990-05-31,,,,,,,,,,8.791,,,
1990-06-29,,,,,,,,,,8.715,,,
1990-07-31,,,,,,,,,,8.5,,,
1990-08-31,,,9.009,9.055,9.002,,9.106,,,8.941,,,
1990-09-28,,9.033,9.17,9.203,9.132,,9.272,,,9.129,,,
1990-10-31,,8.834,8.957,9.035,9.04,,9.083,,,8.996,,,
1990-11-30,,8.995,8.983,9.052,9.048,,9.032,,,8.818,,,
1990-12-31,,9.159,9.092,9.099,9.063,,9.166,,,8.992,,,
1991-01-31,,9.037,9.035,8.933,9.063,,8.838,,,8.615,,,
1991-02-28,,8.676,8.667,8.558,8.572,,8.531,,,8.329,,,
1991-03-29,,8.795,8.784,8.631,8.631,,8.667,,,8.484,,,
1991-04-30,,8.816,8.747,8.588,8.589,,8.51,,,8.341,,,
1991-05-31,,8.692,8.633,8.485,8.489,,8.445,,,8.266,,,
1991-06-28,,8.938,8.885,8.698,8.738,,8.699,,,8.492,,,
1991-07-31,,9.11,9.081,8.945,8.991,,8.864,,,8.669,,,
1991-08-30,,8.991,8.949,8.829,8.844,,8.69,,,8.464,,,
1991-09-30,,9.007,8.96,8.786,8.809,,8.64,,,8.397,,,
1991-10-31,,9.043,8.999,8.768,8.853,,8.633,,,8.36,,,
1991-11-29,,9.092,9.045,8.708,8.812,,8.577,,,8.328,,,
1991-12-31,,9.042,9.022,8.776,8.554,,8.325,,,8.009,,,
1992-01-31,,8.621,8.429,8.232,8.21,,7.961,,,7.886,,,
1992-02-28,,8.585,8.458,8.231,8.156,,7.955,,,7.843,,,
1992-03-31,,8.903,8.752,8.514,8.28,,8.155,,,8.001,,,
1992-04-30,,8.97,8.727,8.556000000000001,8.363,,8.195,,,7.995,,,
1992-05-29,,8.898,8.592,8.429,8.255,,8.154,,,7.929,,,
1992-06-30,,9.034,8.797,8.602,8.416,,8.272,,,8.034,,,
1992-07-31,,9.207,8.951,8.731,8.533,,8.41,,,8.156,,,
1992-08-31,,9.154,8.825,8.632,8.367,,8.214,,,7.89,,,
1992-09-30,,8.212,7.973,7.9030000000000005,7.71,,7.699,,,7.4719999999999995,,,
1992-10-30,,7.469,7.3,7.296,7.199,,7.317,,,7.352,,,
1992-11-30,,7.422,7.273,7.22,7.162,,7.204,,,7.355,,,
1992-12-31,,7.249,7.118,7.026,6.943,,6.96,,,7.198,,,
1993-01-29,,6.995,6.895,6.854,6.783,,6.868,,,7.069,,,
1993-02-26,,6.344,6.288,6.3629999999999995,6.302,6.319,6.346,6.64,6.743,6.71,,,
1993-03-31,,6.23,6.226,6.271,6.286,6.36,6.34,6.66,6.763,6.673,,,
1993-04-30,,6.3,6.31,6.312,6.283,6.437,6.5,6.825,6.846,6.791,,,
1993-05-31,,6.423,6.429,6.463,6.424,6.563,6.631,6.8469999999999995,6.915,6.861,,,
1993-06-30,,6.139,6.149,6.217,6.186,6.332,6.404,6.651,6.691,6.617,,,
1993-07-30,,5.896,5.914,6.068,6.024,6.164,6.267,6.53,6.6,6.547,,,
1993-08-31,,5.712,5.74,5.784,5.713,5.946,5.941,6.208,6.273,6.175,,,
1993-09-30,,5.719,5.654,5.658,5.651,5.809,5.979,6.114,6.167,6.097,,,
1993-10-29,,5.42,5.281,5.322,5.364,5.467,5.703,5.84,5.924,5.891,,,
1993-11-30,,5.199,5.132,5.173,5.213,5.364,5.577,5.743,5.909,5.878,,,
1993-12-31,,5.049,4.924,4.937,5.005,5.161,5.362,5.521,5.655,5.532,,6.206,
1994-01-31,,5.022,5.01,5.071,5.07,5.289,5.6129999999999995,5.766,5.809,5.694,,6.233,6.234
1994-02-28,,5.487,5.571,5.615,5.572,5.843,6.191,6.359,6.287,6.106,,6.7620000000000005,6.734
1994-03-31,,5.47,5.596,5.7219999999999995,5.6899999999999995,6.048,6.308,6.449,6.355,6.328,,6.986,6.967
1994-04-29,,5.521,5.705,5.851,5.805,6.362,6.583,6.711,6.605,6.551,,7.158,7.232
1994-05-31,,5.65,5.927,6.159,6.114,6.646,6.966,7.111,7.061,6.952,,7.562,7.607
1994-06-30,,5.671,6.095,6.43,6.46,6.841,7.082,7.192,7.115,7.082,,7.566,7.603
1994-07-29,,5.711,6.101,6.205,6.337,6.622,6.859,6.978,6.914,6.823,,7.456,7.392
1994-08-31,,5.999,6.436,6.582,6.654,7,7.206,7.346,7.276,7.225,,7.723,7.695
1994-09-30,,6.442,6.842,7.002,7.124,7.477,7.591,7.659,7.652,7.598,,8.011,8.009
1994-10-31,,6.229,6.737,6.991,7.123,7.482,7.588,7.668,7.679,7.632,,7.999,8.02
1994-11-30,,6.116,6.602,6.817,6.939,7.21,7.346,7.421,7.404,7.319,,7.826,7.777
1994-12-30,,6.495,6.913,7.168,7.307,7.5600000000000005,7.641,7.658,7.681,7.621,,7.991,7.959
1995-01-31,5.7,6.384,6.772,7.019,7.036,7.306,7.408,7.469,7.485,7.438,,7.8469999999999995,7.834
1995-02-28,5.63,6.249,6.631,6.856,6.8469999999999995,7.121,7.275,7.393,7.415,7.362,,7.758,7.755
1995-03-31,5.03,5.58,5.982,6.306,6.348,6.823,7.024,7.161,7.222,7.189,,7.809,7.855
1995-04-28,4.78,5.346,5.811,6.141,6.22,6.622,6.842,6.986,7.077,7.039,,7.6129999999999995,7.645
1995-05-31,4.47,5.032,5.315,5.599,5.748,6.252,6.492,6.587,6.701,6.647,,7.216,7.281
1995-06-30,4.6,5.319,5.635,5.933,6.07,6.65,6.894,7.015,7.047,6.9399999999999995,,7.552,7.587
1995-07-31,4.5,5.045,5.394,5.814,5.88,6.392,6.629,6.774,6.849,6.785,,7.421,7.434
1995-08-31,4.25,4.7059999999999995,5.169,5.595,5.697,6.158,6.464,6.611,6.757,6.715,,7.362,7.397
1995-09-29,3.98,4.526,4.929,5.389,5.516,6.127,6.33,6.489,6.657,6.603,,7.341,7.406
1995-10-31,3.98,4.372,4.776,5.168,5.332,5.881,6.107,6.293,6.476,6.44,,7.171,7.227
1995-11-30,3.76,3.949,4.293,4.672,4.958,5.456,5.751,5.9,6.161,6.169,,6.878,6.92
1995-12-29,3.62,3.816,4.169,4.556,4.806,5.312,5.659,5.8469999999999995,5.987,6.031,,6.721,6.804
1996-01-31,3.22,3.6710000000000003,4.036,4.5440000000000005,4.678,5.32,5.5440000000000005,5.77,5.83,5.896,,6.602,6.701
1996-02-29,3.34,4.017,4.355,4.984,5.15,5.8,6.065,6.274,6.379,6.388,,7.123,7.231
1996-03-29,3.31,3.92,4.322,5.002,5.148,5.755,6.085,6.255,6.397,6.438,,7.094,7.185
1996-04-30,3.11,3.668,4.079,4.837,5.033,5.577,5.921,6.119,6.26,6.339,,6.985,7.102
1996-05-31,3.29,3.9210000000000003,4.395,4.973,5.199,5.792,6.034,6.283,6.449,6.496,,7.108,7.286
1996-06-28,3.67,4.133,4.6530000000000005,5.172,5.414,5.904,6.181,6.334,6.449,6.505,,7.1,7.211
1996-07-31,3.4699999999999998,3.928,4.441,5.006,5.2620000000000005,5.769,6.046,6.235,6.334,6.373,,6.937,7.092
1996-08-30,3.29,3.805,4.364,4.939,5.141,5.676,5.998,6.182,6.379,6.386,,6.995,7.155
1996-09-30,3.22,3.633,4.169,4.6690000000000005,4.87,5.381,5.611,5.879,6.085,6.096,,6.742,6.902
1996-10-31,3.2800000000000002,3.664,4.093,4.593,4.743,5.377,5.546,5.867,6.002,6,,6.664,6.833
1996-11-29,3.22,3.455,3.82,4.299,4.487,5,5.287,5.509,5.636,5.644,,6.394,6.553
1996-12-31,3.27,3.512,3.92,4.3629999999999995,4.505,5.16,5.409,5.612,5.769,5.779,,6.493,6.673
1997-01-31,3.15,3.412,3.815,4.295,4.413,4.973,5.329,5.505,5.679,5.74,,6.416,6.595
1997-02-28,3.26,3.476,3.899,4.239,4.604,4.819,5.107,5.283,5.443,5.518,,6.125,6.317
1997-03-31,3.39,3.653,4.124,4.506,4.899,5.242,5.484,5.672,5.852,5.931,,6.502,6.709
1997-04-30,3.2800000000000002,3.626,3.979,4.362,4.746,5.13,5.402,5.607,5.729,5.841,,6.431,6.61
1997-05-30,3.31,3.652,4.119,4.443,4.796,5.197,5.483,5.687,5.819,5.928,,6.52,6.715
1997-06-30,3.19,3.501,3.93,4.225,4.57,4.95,5.242,5.454,5.611,5.707,,6.316,6.511
1997-07-31,3.32,3.767,4.093,4.333,4.729,4.909,5.158,5.332,5.464,5.535,,6.059,6.205
1997-08-29,3.4699999999999998,3.894,4.253,4.54,4.902,5.057,5.297,5.466,5.603,5.6899999999999995,,6.214,6.395
1997-09-30,3.6,4.039,4.401,4.674,4.937,5.011,5.189,5.331,5.428,5.52,,5.9879999999999995,6.156
1997-10-31,3.96,4.2379999999999995,4.575,4.824,5.057,5.142,5.284,5.462,5.508,5.575,,6.002,6.201
1997-11-28,4.01,4.195,4.546,4.797,5.041,5.177,5.292,5.379,5.4,5.454,,5.819,6.038
1997-12-31,3.92,4.19,4.458,4.7219999999999995,4.876,5.034,5.171,5.295,5.364,5.368,,5.712,5.95
1998-01-30,3.673,3.835,4.126,4.365,4.538,4.6690000000000005,4.85,4.961,5.04,5.057,,5.415,5.66
1998-02-27,3.6550000000000002,3.876,4.162,4.352,4.508,4.608,4.748,4.857,4.9190000000000005,4.9559999999999995,,5.298,5.517
1998-03-31,3.798,4.06,4.261,4.412,4.538,4.655,4.758,4.837,4.9030000000000005,4.915,,5.251,5.491
1998-04-30,3.874,4.168,4.357,4.525,4.667,4.745,4.842,4.9350000000000005,4.9879999999999995,4.986,,5.293,5.54
1998-05-29,3.734,4.001,4.243,4.386,4.497,4.6,4.716,4.793,4.848,4.865,,5.188,5.433
1998-06-30,3.797,3.973,4.155,4.302,4.407,4.511,4.636,4.714,4.766,4.779,,5.123,5.362
1998-07-31,3.7439999999999998,3.918,4.088,4.22,4.357,4.454,4.555,4.627,4.662,4.631,,5.025,5.263
1998-08-31,3.5,3.457,3.588,3.6630000000000003,3.902,3.996,4.105,4.197,4.157,4.233,,4.78,5.049
1998-09-30,3.471,3.37,3.456,3.5709999999999997,3.67,3.742,3.886,3.95,4.012,3.898,,4.532,4.878
1998-10-30,3.425,3.273,3.498,3.618,3.711,3.822,4.037,4.099,4.22,4.133,,4.695,5.186
1998-11-30,3.347,3.265,3.385,3.461,3.515,3.7279999999999998,3.851,3.892,3.993,3.998,,4.414,4.825
1998-12-31,2.959,3.12,3.179,3.349,3.325,3.575,3.706,3.891,3.859,3.866,,4.422,4.776
1999-01-29,2.883,2.844,2.955,3.113,3.127,3.338,3.5220000000000002,3.637,3.659,3.632,,4.167,4.583
1999-02-26,3.016,3.128,3.292,3.423,3.406,3.7359999999999998,3.877,3.991,4.037,4.011,,4.497,4.943
1999-03-31,2.871,2.878,3.056,3.222,3.228,3.584,3.784,3.931,4.002,4.001,,4.535,4.973
1999-04-30,2.616,2.694,2.863,3.03,3.089,3.394,3.578,3.734,3.819,3.868,,4.431,4.867
1999-05-31,2.667,2.789,3.045,3.2640000000000002,3.317,3.642,3.809,3.941,4.052,4.116,,4.694,5.103
1999-06-30,2.8890000000000002,3.169,3.498,3.7800000000000002,3.847,4.14,4.285,4.427,4.546,4.511,,5.012,5.394
1999-07-30,2.9859999999999998,3.3890000000000002,3.787,4.102,4.186,4.454,4.566,4.755,4.801,4.811,,5.239,5.571
1999-08-31,3.088,3.462,3.892,4.188,4.307,4.5280000000000005,4.682,4.852,4.865,4.891,,5.351,5.656
1999-09-30,3.151,3.662,4.008,4.288,4.424,4.752,4.834,5.031,5.095,5.08,,5.416,5.74
1999-10-29,3.426,3.907,4.22,4.486,4.641,4.897,5.101,5.132,5.165,5.157,,5.46,5.748
1999-11-30,3.502,3.983,4.351,4.495,4.632,4.85,5.042,5.071,5.126,5.125,,5.361,5.753
1999-12-31,3.661,4.208,4.556,4.725,4.803,5.094,5.222,5.338,5.335,5.358,,5.57,5.966
2000-01-31,3.888,4.385,4.72,4.914,5.052,5.334,5.453,5.529,5.53,5.541,,5.684,5.996
2000-02-29,3.891,4.439,4.797,4.959,5.088,5.286,5.398,5.474,5.496,5.5,,5.618,5.866
2000-03-31,4.139,4.423,4.6370000000000005,4.759,4.854,5.044,5.142,5.192,5.198,5.216,,5.326,5.588
2000-04-28,4.346,4.594,4.7940000000000005,4.91,4.998,5.178,5.232,5.283,5.281,5.298,,5.411,5.607
2000-05-31,4.7379999999999995,4.942,5.044,5.083,5.046,5.205,5.258,5.257,5.24,5.191,,5.277,5.382
2000-06-30,4.871,4.95,4.999,5.056,5.022,5.183,5.247,5.25,5.245,5.221,,5.301,5.442
2000-07-31,5.035,5.106,5.151,5.163,5.141,5.229,5.263,5.254,5.246,5.206,,5.253,5.392
2000-08-31,5.139,5.211,5.248,5.282,5.237,5.341,5.365,5.353,5.33,5.298,,5.315,5.43
2000-09-29,5.093,5.043,5.069,5.106,5.057,5.188,5.226,5.227,5.244,5.23,,5.317,5.5649999999999995
2000-10-31,5.172,5.082,5.092,5.107,5.073,5.146,5.201,5.199,5.223,5.215,,5.335,5.593
2000-11-30,4.948,4.8309999999999995,4.852,4.8469999999999995,4.828,4.929,4.976,4.995,4.966,5,,5.123,5.409
2000-12-29,4.63,4.446,4.471,4.497,4.508,4.6530000000000005,4.735,4.82,4.836,4.851,,5.026,5.35
2001-01-31,4.465,4.386,4.448,4.469,4.495,4.5969999999999995,4.686,4.76,4.763,4.797,,5.022,5.323
2001-02-28,4.525,4.374,4.415,4.449,4.482,4.531,4.6370000000000005,4.721,4.727,4.754,4.9719999999999995,5.012,5.308
2001-03-30,4.288,4.138,4.213,4.277,4.334,4.37,4.53,4.628,4.673,4.705,4.986,5.012,5.34
2001-04-30,4.747,4.626,4.64,4.7059999999999995,4.748,4.77,4.904,4.979,5.019,5.032,5.321,5.012,5.574
2001-05-31,4.394,4.386,4.469,4.607,4.731,4.889,5.023,5.125,5.144,5.173,5.442,5.012,5.711
2001-06-29,4.265,4.281,4.336,4.508,4.59,4.7620000000000005,4.91,5.035,5.071,5.103,5.4,5.012,5.6899999999999995
2001-07-31,4.175,4.134,4.154,4.332,4.413,4.562,4.6899999999999995,4.797,4.832,4.88,5.197,5.012,5.462
2001-08-31,3.996,3.947,4.009,4.173,4.201,4.4,4.563,4.688,4.736,4.788,5.155,5.012,5.423
2001-09-28,3.456,3.481,3.6710000000000003,3.942,4.062,4.261,4.457,4.6530000000000005,4.729,4.791,5.215,5.012,5.53
2001-10-31,3.207,3.14,3.326,3.593,3.741,3.89,4.088,4.251,4.344,4.397,4.752,5.012,5.022
2001-11-30,3.163,3.387,3.582,3.865,4.026,4.147,4.329,4.464,4.54,4.555,4.858,5.012,5.115
2001-12-31,3.309,3.649,3.903,4.334,4.397,4.625,4.797,4.942,4.985,4.998,5.213,5.012,5.394
2002-01-31,3.504,3.902,4.091,4.443,4.505,4.663,4.783,4.8629999999999995,4.892,4.905,5.101,5.012,5.198
2002-02-28,3.489,3.872,4.151,4.429,4.546,4.672,4.795,4.898,4.939,4.964,5.177,5.012,5.323
2002-03-29,3.908,4.334,4.572,4.813,4.913,5.012,5.13,5.209,5.248,5.255,5.453,5.012,5.585
2002-04-30,3.678,4.07,4.31,4.576,4.71,4.823,4.96,5.051,5.106,5.122,5.357,5.012,5.5
2002-05-31,3.973,4.247,4.4879999999999995,4.662,4.8,4.952,5.061,5.131,5.155,5.168,5.384,5.012,5.5120000000000005
2002-06-28,3.681,3.925,4.1370000000000005,4.416,4.491,4.668,4.803,4.889,4.922,4.942,5.173,5.012,5.271
2002-07-31,3.408,3.618,3.802,4.111,4.196,4.397,4.547,4.654,4.714,4.752,5.018,5.012,5.177
2002-08-30,3.33,3.477,3.715,3.898,4.049,4.181,4.348,4.466,4.535,4.568,4.827,5.012,5.013
2002-09-30,3.043,3.071,3.268,3.461,3.601,3.777,3.9779999999999998,4.118,4.218,4.272,4.615,5.012,4.884
2002-10-31,3.027,3.081,3.318,3.574,3.784,3.949,4.154,4.304,4.43,4.511,4.83,5.012,5.083
2002-11-29,2.95,3.1,3.35,3.59,3.8,4.05,4.22,4.36,4.45,4.49,4.79,5.03,5.07
2002-12-31,2.654,2.721,2.907,3.175,3.395,3.681,3.871,4.039,4.156,4.204,4.514,4.806,4.843
2003-01-31,2.567,2.596,2.89,3.148,3.266,3.525,3.718,3.888,4.002,4.072,4.362,4.668,4.676
2003-02-28,2.293,2.295,2.574,2.849,3.055,3.259,3.489,3.678,3.824,3.918,4.26,4.624,4.691
2003-03-31,2.331,2.407,2.725,3.009,3.24,3.411,3.644,3.824,3.964,4.044,4.382,4.747,4.802
2003-04-30,2.327,2.427,2.723,3.019,3.273,3.416,3.664,3.849,3.991,4.092,4.412,4.783,4.842
2003-05-30,2.092,2.116,2.366,2.625,2.879,3.167,3.371,3.5460000000000003,3.672,3.721,4.095,4.485,4.576
2003-06-30,1.986,2.125,2.49,2.791,2.949,3.223,3.426,3.609,3.747,3.802,4.142,4.573,4.717
2003-07-31,2.129,2.456,2.887,3.206,3.363,3.6310000000000002,3.816,3.971,4.084,4.19,4.459,4.851,4.984
2003-08-29,2.2359999999999998,2.593,3.011,3.323,3.463,3.69,3.865,4.01,4.119,4.197,4.411,4.776,4.88
2003-09-30,2.048,2.297,2.623,2.943,3.097,3.365,3.574,3.746,3.88,3.995,4.252,4.688,4.813
2003-10-31,2.292,2.686,3.009,3.351,3.601,3.759,3.952,4.099,4.22,4.331,4.497,4.882,4.983
2003-11-28,2.355,2.8120000000000003,3.1390000000000002,3.493,3.743,3.996,4.161,4.291,4.384,4.457,4.618,4.948,5.047
2003-12-31,2.208,2.605,2.8609999999999998,3.23,3.504,3.773,3.958,4.106,4.21,4.292,4.618,4.816,4.9399999999999995
2004-01-30,2.155,2.524,2.956,3.262,3.402,3.685,3.88,4.04,4.149,4.24,4.618,4.811,4.9350000000000005
2004-02-27,2.003,2.215,2.6470000000000002,2.9539999999999997,3.2439999999999998,3.412,3.626,3.805,3.942,4.051,4.618,4.689,4.836
2004-03-31,1.9020000000000001,2.134,2.48,2.795,3.093,3.257,3.482,3.672,3.82,3.931,4.618,4.609,4.752
2004-04-30,2.125,2.439,2.794,3.116,3.411,3.5620000000000003,3.763,3.9379999999999997,4.084,4.175,4.618,4.758,4.894
2004-05-31,2.299,2.578,2.949,3.311,3.578,3.841,4.023,4.176,4.298,4.374,4.618,4.897,5.022
2004-06-30,2.313,2.723,3.145,3.324,3.572,3.81,3.981,4.127,4.241,4.318,4.618,4.7940000000000005,4.916
2004-07-30,2.243,2.626,3.028,3.21,3.458,3.698,3.871,4.016,4.1370000000000005,4.216,4.618,4.699,4.826
2004-08-31,2.231,2.415,2.8040000000000003,3.108,3.32,3.462,3.649,3.806,3.935,4.023,4.618,4.541,4.682
2004-09-30,2.315,2.583,2.824,3.121,3.317,3.453,3.628,3.776,3.906,3.991,4.618,4.5,4.638
2004-10-29,2.239,2.429,2.667,2.956,3.164,3.306,3.485,3.641,3.781,3.873,4.618,4.404,4.5600000000000005
2004-11-30,2.245,2.351,2.556,2.826,3.043,3.17,3.346,3.501,3.643,3.793,4.618,4.236,4.404
2004-12-31,2.285,2.481,2.6189999999999998,2.8449999999999998,3.031,3.21,3.359,3.488,3.59,3.683,4.618,4.115,4.283
2005-01-31,2.212,2.398,2.531,2.742,2.927,3.093,3.226,3.348,3.457,3.547,4.618,3.898,4.04
2005-02-28,2.231,2.491,2.638,2.878,3.076,3.251,3.3890000000000002,3.516,3.627,3.715,4.618,4.042,4.195
2005-03-31,2.261,2.492,2.698,2.895,3.061,3.161,3.297,3.422,3.534,3.622,4.618,3.998,4.101
2005-04-29,2.115,2.248,2.43,2.634,2.79,2.8970000000000002,3.044,3.183,3.301,3.396,4.618,3.811,3.948
2005-05-31,2.071,2.141,2.292,2.492,2.638,2.823,2.96,3.082,3.181,3.274,4.618,3.664,3.805
2005-06-30,2.003,2.023,2.116,2.32,2.481,2.67,2.8129999999999997,2.9379999999999997,3.043,3.134,4.618,3.515,3.653
2005-07-29,2.146,2.25,2.319,2.497,2.6470000000000002,2.817,2.949,3.065,3.169,3.243,4.618,3.607,3.738
2005-08-31,2.132,2.199,2.259,2.415,2.539,2.695,2.8120000000000003,2.923,3.02,3.102,4.618,3.453,3.582
2005-09-30,2.2640000000000002,2.394,2.504,2.625,2.732,2.805,2.901,2.991,3.078,3.148,4.618,3.472,3.59
2005-10-31,2.467,2.629,2.767,2.899,3.007,3.077,3.165,3.2439999999999998,3.327,3.391,4.618,3.682,3.782
2005-11-30,2.637,2.76,2.884,2.998,3.093,3.2,3.274,3.348,3.409,3.455,4.618,3.7560000000000002,3.782
2005-12-30,2.724,2.862,2.92,2.998,3.068,3.14,3.181,3.23,3.271,3.309,4.618,3.559,3.5709999999999997
2006-01-31,2.763,2.955,3.043,3.135,3.22,3.3,3.3529999999999998,3.401,3.436,3.467,4.618,3.722,3.7279999999999998
2006-02-28,2.8209999999999997,3.021,3.094,3.198,3.262,3.34,3.38,3.424,3.455,3.489,4.618,3.722,3.716
2006-03-31,3.117,3.29,3.419,3.516,3.585,3.63,3.676,3.7199999999999998,3.748,3.771,4.618,3.998,3.9859999999999998
2006-04-28,3.13,3.379,3.532,3.652,3.735,3.7880000000000003,3.844,3.898,3.9290000000000003,3.951,4.618,4.184,4.186
2006-05-31,3.178,3.355,3.505,3.616,3.697,3.795,3.849,3.901,3.936,3.982,4.618,4.255,4.269
2006-06-30,3.372,3.574,3.665,3.775,3.84,3.9210000000000003,3.963,4.006,4.031,4.071,4.618,4.302,4.308
2006-07-31,3.37,3.512,3.577,3.652,3.695,3.773,3.814,3.865,3.883,3.9210000000000003,4.618,4.179,4.193
2006-08-31,3.469,3.5220000000000002,3.536,3.567,3.588,3.644,3.672,3.711,3.726,3.76,4.618,4.006,4.015
2006-09-29,3.608,3.585,3.59,3.602,3.628,3.641,3.652,3.673,3.6790000000000003,3.709,4.618,3.9130000000000003,3.901
2006-10-31,3.686,3.678,3.664,3.6710000000000003,3.683,3.7,3.707,3.719,3.717,3.741,4.618,3.871,3.844
2006-11-30,3.6959999999999997,3.658,3.626,3.627,3.635,3.651,3.664,3.66,3.6630000000000003,3.695,4.618,3.857,3.836
2006-12-29,3.878,3.903,3.888,3.904,3.9210000000000003,3.93,3.947,3.948,3.942,3.948,4.618,4.102,4.052
2007-01-31,3.957,3.968,3.991,4.014,4.036,4.068,4.087,4.089,4.086,4.1,4.618,4.236,4.223
2007-02-28,3.943,3.876,3.8810000000000002,3.888,3.892,3.9210000000000003,3.943,3.948,3.941,3.957,4.618,4.109,4.075
2007-03-30,4.072,4.016,4.014,4.02,4.018,4.033,4.043,4.042,4.033,4.057,4.618,4.251,4.223
2007-04-30,4.16,4.128,4.123,4.129,4.134,4.139,4.15,4.152,4.14,4.154,4.618,4.334,4.298
2007-05-31,4.325,4.394,4.406,4.419,4.412,4.421,4.424,4.413,4.407,4.422,4.618,4.572,4.519
2007-06-29,4.406,4.462,4.497,4.527,4.527,4.548,4.563,4.554,4.554,4.574,4.618,4.7219999999999995,4.674
2007-07-31,4.381,4.299,4.325,4.337,4.319,4.345,4.355,4.338,4.327,4.3469999999999995,4.618,4.517,4.459
2007-08-31,4.095,4.013,4.061,4.106,4.115,4.166,4.198,4.207,4.211,4.242,4.618,4.533,4.484
2007-09-28,4.034,4.028,4.111,4.155,4.163,4.204,4.254,4.279,4.299,4.329,4.618,4.594,4.57
2007-10-31,4.16,4.056,4.119,4.141,4.132,4.156,4.188,4.203,4.218,4.239,4.618,4.5,4.491
2007-11-30,4.019,3.831,3.841,3.93,3.911,3.972,4.03,4.067,4.096,4.126,4.618,4.55,4.553
2007-12-31,4.066,3.964,4.038,4.102,4.119,4.16,4.219,4.266,4.298,4.307,4.618,4.615,4.601
2008-01-31,3.699,3.373,3.472,3.5380000000000003,3.552,3.65,3.746,3.833,3.884,3.93,4.618,4.417,4.443
2008-02-29,3.651,3.16,3.218,3.334,3.368,3.471,3.605,3.73,3.832,3.891,4.618,4.431,4.453
2008-03-31,3.77,3.431,3.5220000000000002,3.6029999999999998,3.6,3.685,3.761,3.856,3.906,3.899,4.618,4.529,4.545
2008-04-30,4.027,3.757,3.785,3.919,3.877,3.952,4.038,4.094,4.145,4.123,4.618,4.633,4.618
2008-05-30,4.27,4.316,4.259,4.359,4.303,4.341,4.357,4.417,4.414,4.405,4.727,4.838,4.809
2008-06-30,4.679,4.5969999999999995,4.609,4.677,4.636,4.632,4.632,4.66,4.615,4.621,4.891,4.949,4.853
2008-07-31,4.45,4.26,4.23,4.271,4.272,4.271,4.306,4.359,4.339,4.355,4.654,4.733,4.6530000000000005
2008-08-29,4.321,4.111,4.049,4.105,4.095,4.076,4.107,4.199,4.154,4.176,4.52,4.607,4.554
2008-09-30,3.335,3.476,3.592,3.737,3.768,3.828,3.9210000000000003,3.98,3.988,4.015,4.51,4.627,4.594
2008-10-31,2.501,2.542,2.856,3.142,3.196,3.489,3.681,3.85,3.884,3.9,4.459,4.616,4.439
2008-11-28,1.999,2.188,2.203,2.574,2.651,2.835,3.045,3.174,3.228,3.258,3.763,3.915,3.716
2008-12-31,1.714,1.755,1.85,2.232,2.318,2.567,2.754,2.89,2.911,2.951,3.542,3.747,3.535
2009-01-30,1.161,1.532,2.026,2.351,2.4939999999999998,2.7640000000000002,3.007,3.132,3.184,3.296,3.965,4.105,3.878
2009-02-27,1.029,1.311,1.7109999999999999,2.075,2.234,2.511,2.763,2.914,2.963,3.112,3.854,4.037,3.783
2009-03-31,0.855,1.2349999999999999,1.645,2.037,2.233,2.426,2.634,2.794,2.871,2.9939999999999998,3.761,3.977,3.857
2009-04-30,0.897,1.337,1.716,2.122,2.354,2.548,2.795,2.999,3.092,3.178,3.8209999999999997,4.037,3.902
2009-05-29,0.944,1.419,1.749,2.303,2.632,2.985,3.214,3.398,3.479,3.589,4.174,4.384,4.362
2009-06-30,0.832,1.365,1.7269999999999999,2.203,2.493,2.826,3.048,3.206,3.2720000000000002,3.386,3.973,4.239,4.195
2009-07-31,0.622,1.263,1.635,2.089,2.406,2.691,2.911,3.092,3.195,3.3,3.784,4.02,4.018
2009-08-31,0.599,1.244,1.681,2.096,2.375,2.661,2.875,3.051,3.163,3.257,3.713,3.9699999999999998,3.983
2009-09-30,0.682,1.2650000000000001,1.8010000000000002,2.166,2.401,2.576,2.786,2.9859999999999998,3.123,3.22,3.708,3.96,3.947
2009-10-30,0.723,1.288,1.7610000000000001,2.158,2.411,2.5949999999999998,2.8,2.985,3.143,3.231,3.734,4.016,3.9779999999999998
2009-11-30,0.81,1.2570000000000001,1.589,1.966,2.233,2.541,2.731,2.922,3.041,3.159,3.63,3.919,3.88
2009-12-31,0.796,1.331,1.6280000000000001,2.085,2.423,2.752,2.99,3.174,3.287,3.387,3.81,4.105,4.112
2010-01-29,0.611,1.119,1.615,1.955,2.276,2.5060000000000002,2.75,2.953,3.089,3.196,3.609,3.878,3.925
2010-02-26,0.536,0.955,1.366,1.7429999999999999,2.127,2.365,2.6029999999999998,2.8369999999999997,3.006,3.101,3.505,3.783,3.846
2010-03-31,0.504,0.958,1.333,1.745,2.136,2.362,2.612,2.825,2.991,3.092,3.473,3.722,3.825
2010-04-30,0.453,0.771,1.111,1.537,1.968,2.328,2.56,2.771,2.92,3.017,3.32,3.599,3.694
2010-05-31,0.263,0.514,0.683,1.056,1.557,1.896,2.149,2.385,2.539,2.66,2.949,3.245,3.362
2010-06-30,0.432,0.6,0.686,0.932,1.458,1.8,2.07,2.304,2.463,2.577,2.878,3.186,3.287
2010-07-30,0.506,0.784,0.913,1.185,1.653,1.9809999999999999,2.218,2.418,2.569,2.669,2.957,3.286,3.371
2010-08-31,0.476,0.59,0.627,0.841,1.199,1.495,1.678,1.861,2.007,2.116,2.329,2.608,2.644
2010-09-30,0.708,0.834,0.985,1.224,1.483,1.682,1.874,2.051,2.183,2.278,2.535,2.833,2.868
2010-10-29,0.865,0.989,1.17,1.45,1.712,1.891,2.093,2.279,2.417,2.518,2.754,3.028,2.997
2010-11-30,0.695,0.856,1.039,1.371,1.674,2.051,2.3,2.508,2.634,2.67,2.9050000000000002,3.168,3.107
2010-12-31,0.603,0.864,1.039,1.456,1.838,2.2560000000000002,2.515,2.73,2.896,2.963,3.214,3.467,3.415
2011-01-31,0.98,1.3719999999999999,1.7389999999999999,2.103,2.3890000000000002,2.614,2.807,2.965,3.101,3.155,3.398,3.654,3.58
2011-02-28,1.127,1.517,1.772,2.101,2.3890000000000002,2.581,2.786,2.957,3.083,3.17,3.41,3.664,3.5869999999999997
2011-03-31,1.283,1.79,2.06,2.376,2.672,2.849,3.021,3.157,3.273,3.354,3.5869999999999997,3.84,3.798
2011-04-29,1.3719999999999999,1.771,2.032,2.36,2.602,2.825,2.96,3.066,3.171,3.239,3.465,3.729,3.697
2011-05-31,1.379,1.605,1.7730000000000001,2.054,2.2800000000000002,2.511,2.682,2.816,2.935,3.02,3.245,3.551,3.534
2011-06-30,1.449,1.609,1.728,2.026,2.279,2.498,2.661,2.799,2.916,3.025,3.2800000000000002,3.649,3.765
2011-07-29,1.135,1.162,1.256,1.502,1.721,1.954,2.14,2.293,2.425,2.5380000000000003,2.822,3.226,3.281
2011-08-31,0.652,0.72,0.746,1.049,1.311,1.5470000000000002,1.7189999999999999,1.915,2.092,2.219,2.524,2.953,3.08
2011-09-30,0.388,0.55,0.708,0.927,1.17,1.29,1.425,1.6019999999999999,1.774,1.887,2.433,2.642,2.643
2011-10-31,0.401,0.539,0.686,0.902,1.162,1.326,1.5190000000000001,1.712,1.905,2.025,2.664,2.855,2.785
2011-11-30,-0.01,0.337,0.532,0.838,1.162,1.491,1.766,1.958,2.117,2.2800000000000002,2.911,3.073,2.918
2011-12-30,-0.065,0.144,0.278,0.503,0.758,1.07,1.328,1.526,1.675,1.829,2.332,2.492,2.3689999999999998
2012-01-31,0.093,0.158,0.333,0.53,0.738,0.971,1.204,1.433,1.62,1.787,2.358,2.537,2.448
2012-02-29,0.126,0.191,0.326,0.552,0.815,1.005,1.218,1.437,1.63,1.818,2.3609999999999998,2.511,2.434
2012-03-30,0.128,0.206,0.327,0.531,0.796,1.005,1.218,1.42,1.617,1.794,2.377,2.528,2.45
2012-04-30,0.034,0.08,0.166,0.344,0.6,0.896,1.106,1.297,1.471,1.663,2.23,2.423,2.3609999999999998
2012-05-31,0.012,0.002,0.047,0.143,0.337,0.556,0.738,0.895,1.028,1.2,1.6720000000000002,1.8199999999999998,1.738
2012-06-29,0.081,0.124,0.206,0.37,0.611,0.846,1.065,1.237,1.401,1.583,2.091,2.307,2.33
2012-07-31,-0.015,-0.091,-0.032,0.09,0.305,0.529,0.735,0.924,1.094,1.285,1.734,2.004,2.13
2012-08-31,0.015,-0.035,-0.027,0.114,0.334,0.567,0.778,0.975,1.149,1.334,1.779,2.037,2.116
2012-09-28,0.01,0.021,0.093,0.271,0.51,0.651,0.859,1.051,1.225,1.442,1.893,2.18,2.257
2012-10-31,0.01,0.038,0.106,0.259,0.492,0.756,0.96,1.152,1.342,1.462,1.9689999999999999,2.205,2.305
2012-11-30,0.015,0.01,0.055,0.193,0.406,0.662,0.868,1.066,1.26,1.3860000000000001,1.921,2.186,2.291
2012-12-31,0.126,-0.015,-0.015,0.115,0.297,0.532,0.756,0.984,1.185,1.316,1.826,2.075,2.177
2013-01-31,0.151,0.269,0.374,0.567,0.763,0.913,1.11,1.302,1.514,1.6800000000000002,2.07,2.291,2.3810000000000002
2013-02-28,0.015,0.04,0.098,0.254,0.435,0.59,0.797,1.034,1.258,1.454,1.952,2.217,2.315
2013-03-29,0.019,-0.023,0.022,0.138,0.312,0.448,0.619,0.842,1.079,1.289,1.817,2.103,2.218
2013-04-30,0.012,0.012,0.058,0.189,0.334,0.501,0.672,0.874,1.102,1.216,1.717,2.001,2.104
2013-05-31,0.013,0.069,0.138,0.301,0.489,0.696,0.886,1.1179999999999999,1.353,1.505,1.964,2.253,2.364
2013-06-28,0.095,0.188,0.282,0.5,0.735,0.949,1.115,1.318,1.565,1.728,2.127,2.404,2.483
2013-07-31,0.062,0.152,0.226,0.415,0.652,0.855,1.051,1.2610000000000001,1.496,1.67,2.167,2.4,2.4699999999999998
2013-08-30,0.108,0.238,0.407,0.653,0.819,1.05,1.276,1.486,1.7149999999999999,1.8559999999999999,2.344,2.584,2.6470000000000002
2013-09-30,0.1,0.167,0.296,0.499,0.792,0.865,1.1219999999999999,1.331,1.5739999999999998,1.779,2.26,2.532,2.59
2013-10-31,0.071,0.115,0.212,0.387,0.659,0.751,1.029,1.232,1.467,1.674,2.214,2.503,2.589
2013-11-29,0.092,0.117,0.192,0.389,0.652,0.761,1.026,1.268,1.509,1.693,2.252,2.5380000000000003,2.615
2013-12-31,0.183,0.213,0.329,0.608,0.922,1.174,1.392,1.6019999999999999,1.846,1.929,2.456,2.703,2.76
2014-01-31,0.066,0.068,0.189,0.396,0.65,0.787,1.015,1.238,1.479,1.659,2.109,2.394,2.4859999999999998
2014-02-28,0.121,0.128,0.222,0.422,0.668,0.783,1.011,1.222,1.449,1.624,2.082,2.3810000000000002,2.498
2014-03-31,0.149,0.159,0.213,0.395,0.629,0.734,0.955,1.161,1.389,1.5659999999999998,2.028,2.337,2.449
2014-04-30,0.157,0.141,0.195,0.342,0.552,0.67,0.874,1.083,1.303,1.4689999999999999,1.932,2.242,2.362
2014-05-30,0.081,0.064,0.1,0.238,0.429,0.596,0.792,1.002,1.181,1.358,1.798,2.133,2.265
2014-06-30,0.024,0.028,0.056,0.172,0.342,0.495,0.686,0.896,1.07,1.245,1.7,2.048,2.187
2014-07-31,0.031,0.025,0.041,0.145,0.302,0.44,0.617,0.821,0.992,1.155,1.5659999999999998,1.9220000000000002,2.07
2014-08-29,-0.017,-0.029,-0.013,0.046,0.174,0.283,0.418,0.59,0.733,0.89,1.266,1.605,1.749
2014-09-30,-0.059,-0.082,-0.056,0.022,0.148,0.255,0.417,0.613,0.771,0.947,1.411,1.674,1.8719999999999999
2014-10-31,-0.061,-0.056,-0.035,0.013,0.127,0.224,0.36,0.545,0.68,0.841,1.258,1.5230000000000001,1.759
2014-11-28,-0.066,-0.032,-0.027,0.014,0.113,0.165,0.266,0.41,0.536,0.7,1.101,1.371,1.5939999999999999
2014-12-31,-0.064,-0.098,-0.079,-0.069,0.017,0.054,0.151,0.273,0.385,0.541,0.898,1.153,1.389
2015-01-30,-0.142,-0.184,-0.164,-0.141,-0.048,-0.023,0.038,0.112,0.208,0.302,0.494,0.693,0.951
2015-02-27,-0.185,-0.227,-0.206,-0.169,-0.086,-0.052,0.019,0.112,0.215,0.328,0.587,0.798,1.008
2015-03-31,-0.211,-0.252,-0.221,-0.169,-0.1,-0.076,-0.028,0.029,0.1,0.18,0.339,0.474,0.605
2015-04-30,-0.258,-0.221,-0.159,-0.069,0.008,0.042,0.12,0.2,0.274,0.366,0.526,0.689,0.867
2015-05-29,-0.217,-0.225,-0.195,-0.106,-0.002,0.044,0.141,0.257,0.37,0.487,0.763,0.947,1.107
2015-06-30,-0.236,-0.227,-0.199,-0.077,0.075,0.174,0.308,0.484,0.612,0.764,1.141,1.392,1.572
2015-07-31,-0.223,-0.232,-0.204,-0.103,0.046,0.125,0.26,0.378,0.537,0.644,0.871,1.113,1.316
2015-08-31,-0.234,-0.203,-0.116,-0.019,0.127,0.236,0.378,0.499,0.669,0.798,1.056,1.294,1.516
2015-09-30,-0.269,-0.252,-0.207,-0.131,-0.006,0.073,0.194,0.297,0.448,0.587,0.854,1.092,1.33
2015-10-30,-0.35,-0.315,-0.279,-0.204,-0.078,-0.011,0.101,0.222,0.374,0.517,0.765,1.018,1.255
2015-11-30,-0.379,-0.415,-0.384,-0.308,-0.182,-0.118,-0.006,0.139,0.305,0.473,0.768,1.056,1.33
2015-12-31,-0.378,-0.345,-0.303,-0.208,-0.045,0.044,0.166,0.301,0.466,0.629,0.946,1.229,1.487
2016-01-29,-0.445,-0.487,-0.461,-0.422,-0.312,-0.205,-0.084,0.033,0.192,0.325,0.557,0.81,1.056
2016-02-29,-0.484,-0.571,-0.536,-0.493,-0.407,-0.369,-0.268,-0.162,-0.013,0.107,0.325,0.584,0.841
2016-03-31,-0.453,-0.487,-0.48,-0.422,-0.328,-0.298,-0.209,-0.111,0.028,0.153,0.338,0.583,0.829
2016-04-29,-0.493,-0.484,-0.474,-0.4,-0.288,-0.23,-0.125,-0.011,0.133,0.271,0.464,0.727,1.009
2016-05-31,-0.533,-0.514,-0.528,-0.473,-0.377,-0.331,-0.236,-0.14,-0.006,0.139,0.293,0.562,0.85
2016-06-30,-0.619,-0.661,-0.66,-0.633,-0.567,-0.535,-0.454,-0.382,-0.261,-0.13,-0.078,0.118,0.38
2016-07-29,-0.602,-0.625,-0.663,-0.619,-0.528,-0.517,-0.461,-0.362,-0.243,-0.119,-0.017,0.159,0.341
2016-08-31,-0.602,-0.618,-0.64,-0.594,-0.502,-0.477,-0.417,-0.326,-0.2,-0.065,0.07,0.269,0.458
2016-09-30,-0.649,-0.683,-0.697,-0.665,-0.576,-0.535,-0.478,-0.384,-0.271,-0.119,0.016,0.238,0.447
2016-10-31,-0.685,-0.618,-0.598,-0.504,-0.401,-0.329,-0.26,-0.132,0.001,0.163,0.334,0.57,0.792
2016-11-30,-0.803,-0.727,-0.711,-0.584,-0.429,-0.318,-0.185,-0.05,0.104,0.275,0.517,0.738,0.946
2016-12-30,-0.801,-0.766,-0.781,-0.677,-0.532,-0.39,-0.274,-0.137,0.014,0.208,0.455,0.699,0.943
2017-01-31,-0.66,-0.699,-0.696,-0.552,-0.403,-0.178,-0.049,0.107,0.272,0.436,0.646,0.904,1.154
2017-02-28,-0.876,-0.899,-0.812,-0.709,-0.57,-0.438,-0.302,-0.139,0.027,0.208,0.43,0.724,0.993
2017-03-31,-0.722,-0.74,-0.656,-0.537,-0.381,-0.28,-0.151,0.007,0.16,0.328,0.549,0.834,1.109
2017-04-28,-0.727,-0.733,-0.674,-0.542,-0.386,-0.265,-0.142,0.002,0.147,0.317,0.531,0.817,1.102
2017-05-31,-0.753,-0.713,-0.69,-0.573,-0.431,-0.302,-0.173,-0.018,0.132,0.304,0.563,0.862,1.158
2017-06-30,-0.654,-0.572,-0.524,-0.381,-0.224,-0.105,0.007,0.16,0.307,0.466,0.729,0.991,1.2469999999999999
2017-07-31,-0.667,-0.68,-0.534,-0.356,-0.178,-0.06,0.081,0.233,0.403,0.543,0.749,1.027,1.3
2017-08-31,-0.731,-0.727,-0.645,-0.505,-0.342,-0.242,-0.106,0.039,0.207,0.361,0.543,0.828,1.119
2017-09-29,-0.717,-0.692,-0.594,-0.445,-0.267,-0.148,-0.01,0.132,0.305,0.464,0.668,0.964,1.295
2017-10-31,-0.748,-0.75,-0.657,-0.517,-0.349,-0.229,-0.093,0.041,0.202,0.363,0.596,0.896,1.229
2017-11-30,-0.717,-0.684,-0.613,-0.471,-0.308,-0.19,-0.052,0.068,0.212,0.367,0.587,0.879,1.189
2017-12-29,-0.638,-0.627,-0.543,-0.379,-0.202,-0.094,0.041,0.146,0.284,0.427,0.651,0.942,1.263
2018-01-31,-0.563,-0.526,-0.295,-0.089,0.104,0.21,0.349,0.455,0.576,0.697,0.842,1.063,1.33
2018-02-28,-0.654,-0.54,-0.376,-0.178,0.024,0.157,0.296,0.419,0.54,0.656,0.808,1.053,1.303
2018-03-30,-0.646,-0.602,-0.456,-0.287,-0.102,0.008,0.14,0.255,0.374,0.497,0.641,0.907,1.158
2018-04-30,-0.625,-0.586,-0.435,-0.255,-0.058,0.058,0.188,0.309,0.427,0.559,0.696,0.97,1.2349999999999999
2018-05-31,-0.648,-0.656,-0.59,-0.448,-0.27,-0.155,-0.023,0.094,0.214,0.341,0.489,0.751,1.034
2018-06-29,-0.638,-0.665,-0.593,-0.469,-0.301,-0.2,-0.065,0.053,0.18,0.302,0.437,0.729,1.02
2018-07-31,-0.628,-0.57,-0.437,-0.292,-0.126,-0.042,0.074,0.202,0.321,0.443,0.714,0.867,1.09
2018-08-31,-0.622,-0.605,-0.507,-0.377,-0.23,-0.146,-0.033,0.095,0.208,0.326,0.614,0.773,1.007
2018-09-28,-0.591,-0.523,-0.409,-0.251,-0.09,0.015,0.124,0.243,0.353,0.47,0.725,0.873,1.078
2018-10-31,-0.663,-0.618,-0.51,-0.356,-0.192,-0.09,0.022,0.15,0.264,0.385,0.66,0.814,1.02
2018-11-30,-0.634,-0.596,-0.535,-0.414,-0.268,-0.175,-0.06,0.068,0.186,0.313,0.607,0.779,0.987
2018-12-31,-0.568,-0.61,-0.568,-0.451,-0.312,-0.219,-0.111,0.008,0.112,0.242,0.515,0.678,0.875
2019-01-31,-0.513,-0.564,-0.507,-0.423,-0.316,-0.253,-0.16,-0.065,0.036,0.149,0.376,0.543,0.746
2019-02-28,-0.529,-0.519,-0.471,-0.382,-0.277,-0.221,-0.13,-0.034,0.073,0.183,0.427,0.605,0.808
2019-03-29,-0.554,-0.602,-0.598,-0.537,-0.45,-0.414,-0.34,-0.261,-0.172,-0.07,0.166,0.357,0.574
2019-04-30,-0.53,-0.584,-0.568,-0.51,-0.414,-0.367,-0.282,-0.194,-0.096,0.013,0.254,0.444,0.655
2019-05-31,-0.615,-0.659,-0.68,-0.653,-0.58,-0.542,-0.471,-0.391,-0.308,-0.202,0.033,0.22,0.427
2019-06-28,-0.653,-0.75,-0.761,-0.73,-0.663,-0.629,-0.571,-0.498,-0.42,-0.327,-0.121,0.054,0.265
2019-07-31,-0.693,-0.778,-0.815,-0.788,-0.715,-0.706,-0.658,-0.595,-0.52,-0.44,-0.262,-0.099,0.123
2019-08-30,-0.847,-0.927,-0.956,-0.961,-0.923,-0.912,-0.88,-0.827,-0.761,-0.7,-0.548,-0.405,-0.177
2019-09-30,-0.681,-0.766,-0.814,-0.815,-0.773,-0.769,-0.74,-0.694,-0.632,-0.571,-0.45,-0.305,-0.068
2019-10-31,-0.632,-0.66,-0.697,-0.68,-0.626,-0.611,-0.578,-0.539,-0.477,-0.407,-0.271,-0.123,0.109
2019-11-29,-0.619,-0.627,-0.651,-0.638,-0.582,-0.564,-0.53,-0.492,-0.432,-0.36,-0.223,-0.082,0.148
2019-12-31,-0.635,-0.601,-0.579,-0.54,-0.473,-0.434,-0.381,-0.335,-0.266,-0.185,-0.033,0.118,0.349
2020-01-31,-0.6,-0.67,-0.696,-0.683,-0.642,-0.629,-0.592,-0.553,-0.501,-0.434,-0.313,-0.16,0.07
2020-02-28,-0.72,-0.769,-0.795,-0.787,-0.764,-0.762,-0.736,-0.702,-0.662,-0.607,-0.498,-0.359,-0.15
