Dates,3M,6M,1Y,2Y,3Y,4Y,5Y,7Y,8Y,10Y,15Y,20Y,30Y
1980-02-29,,,,,,,,,,,,,
1980-03-31,,,,,,,,,,,,,
1980-04-30,,,,,,,,,,,,,
1980-05-30,,,,,,,,,,,,,
1980-06-30,,,,,,,,,,,,,
1980-07-31,,,,,,,,,,,,,
1980-08-29,,,,,,,,,,,,,
1980-09-30,,,,,,,,,,,,,
1980-10-31,,,,,,,,,,,,,
1980-11-28,,,,,,,,,,,,,
1980-12-31,,,,,,,,,,,,,
1981-01-30,,,,,,,,,,,,,
1981-02-27,,,,,,,,,,,,,
1981-03-31,,,,,,,,,,,,,
1981-04-30,,,,,,,,,,,,,
1981-05-29,,,,,,,,,,,,,
1981-06-30,,,,,,,,,,,,,
1981-07-31,,,,,,,,,,,,,
1981-08-31,,,,,,,,,,,,,
1981-09-30,,,,,,,,,,,,,
1981-10-30,,,,,,,,,,,,,
1981-11-30,,,,,,,,,,,,,
1981-12-31,,,,,,,,,,,,,
1982-01-29,,,,,,,,,,,,,
1982-02-26,,,,,,,,,,,,,
1982-03-31,,,,,,,,,,,,,
1982-04-30,,,,,,,,,,,,,
1982-05-31,,,,,,,,,,,,,
1982-06-30,,,,,,,,,,,,,
1982-07-30,,,,,,,,,,,,,
1982-08-31,,,,,,,,,,,,,
1982-09-30,,,,,,,,,,,,,
1982-10-29,,,,,,,,,,,,,
1982-11-30,,,,,,,,,,,,,
1982-12-31,,,,,,,,,,,,,
1983-01-31,,,,,,,,,,,,,
1983-02-28,,,,,,,,,,,,,
1983-03-31,,,,,,,,,,,,,
1983-04-29,,,,,,,,,,,,,
1983-05-31,,,,,,,,,,,,,
1983-06-30,,,,,,,,,,,,,
1983-07-29,,,,,,,,,,,,,
1983-08-31,,,,,,,,,,,,,
1983-09-30,,,,,,,,,,,,,
1983-10-31,,,,,,,,,,,,,
1983-11-30,,,,,,,,,,,,,
1983-12-30,,,,,,,,,,,,,
1984-01-31,,,,,,,,,,,,,
1984-02-29,,,,,,,,,,,,,
1984-03-30,,,,,,,,,,,,,
1984-04-30,,,,,,,,,,,,,
1984-05-31,,,,,,,,,,,,,
1984-06-29,,,,,,,,,,,,,
1984-07-31,,,,,,,,,,,,,
1984-08-31,,,,,,,,,,,,,
1984-09-28,,,,,,,,,,,,,
1984-10-31,,,,,,,,,,,,,
1984-11-30,,,,,,,,,,,,,
1984-12-31,,,,,,,,,,,,,
1985-01-31,,,,,,,,,,,,,
1985-02-28,,,,,,,,,,,,,
1985-03-29,,,,,,,,,,,,,
1985-04-30,,,,,,,,,,,,,
1985-05-31,,,,,,,,,,,,,
1985-06-28,,,,,,,,,,,,,
1985-07-31,,,,,,,,,,,,,
1985-08-30,,,,,,,,,,,,,
1985-09-30,,,,,,,,,,,,,
1985-10-31,,,,,,,,,,,,,
1985-11-29,,,,,,,,,,,,,
1985-12-31,,,,,,,,,,,,,
1986-01-31,,,,,,,,,,,,,
1986-02-28,,,,,,,,,,,,,
1986-03-31,,,,,,,,,,,,,
1986-04-30,,,,,,,,,,,,,
1986-05-30,,,,,,,,,,,,,
1986-06-30,,,,,,,,,,,,,
1986-07-31,,,,,,,,,,,,,
1986-08-29,,,,,,,,,,,,,
1986-09-30,,,,,,,,,,,,,
1986-10-31,,,,,,,,,,,,,
1986-11-28,,,,,,,,,,,,,
1986-12-31,,,,,,,,,,,,,
1987-01-30,,,,,,,,,,,,,
1987-02-27,,,,,,,,,,,,,
1987-03-31,,,,,,,,,,,,,
1987-04-30,,,,,,,,,,,,,
1987-05-29,,,,,,,,,,,,,
1987-06-30,,,,,,,,,,,,,
1987-07-31,,,,,,,,,,,,,
1987-08-31,,,,,,,,,,,,,
1987-09-30,,,,,,,,,,,,,
1987-10-30,,,,,,,,,,,,,
1987-11-30,,,,,,,,,,,,,
1987-12-31,,,,,,,,,,,,,
1988-01-29,,,,,,,,,,,,,
1988-02-29,,,,,,,,,,,,,
1988-03-31,,,,,,,,,,,,,
1988-04-29,,,,,,,,,,,,,
1988-05-31,,,,,,,,,,,,,
1988-06-30,,,,,,,,,,,,,
1988-07-29,,,,,,,,,,,,,
1988-08-31,,,,,,,,,,,,,
1988-09-30,,,,,,,,,,,,,
1988-10-31,,,,,,,,,,,,,
1988-11-30,,,,,,,,,,,,,
1988-12-30,,,,,,,,,,,,,
1989-01-31,,,,,,,,,,,,,
1989-02-28,,,,,,,,,,,,,
1989-03-31,,,,,,,,,,,,,
1989-04-28,,,,,,,,,,,,,
1989-05-31,,,,,,,,,,,,,
1989-06-30,,,,,,,,,,,,,
1989-07-31,,,,,,,,,,,,,
1989-08-31,,,,,,,,,,,,,
1989-09-29,,,,,,,,,,,,,
1989-10-31,,,,,,,,,,,,,
1989-11-30,,,,,,,,,,,,,
1989-12-29,,,,,,,,,,,,,
1990-01-31,,,,,,,,,,,,,
1990-02-28,,,,,,,,,,,,,
1990-03-30,,,,,,,,,,,,,
1990-04-30,,,,,,,,,,,,,
1990-05-31,,,,,,,,,,,,,
1990-06-29,,,,,,,,,,,,,
1990-07-31,,,,,,,,,,,,,
1990-08-31,,,,,,,,,,,,,
1990-09-28,,,,,,,,,,,,,
1990-10-31,,,,,,,,,,,,,
1990-11-30,,,0.0047033502111468815,,,,,,,,,,
1990-12-31,0.005897863347874012,-0.002240681201697686,0.002455223285319584,,,,,,,,,,
1991-01-31,0.012257403285261311,0.020115822527095373,0.012389298737786799,,,,,,,,,,
1991-02-28,0.009219816835720313,0.008254238252193851,0.008213265768609581,,,,,,,,,,
1991-03-29,0.00998057112387892,0.012434474993299171,0.01589680322313746,,,,,,,,,,
1991-04-30,0.008223141957908039,0.008063424085373978,0.01033049366176777,,,,,,,,,,
1991-05-31,0.008681537955115854,0.012115625608411645,0.011979139267306553,,,,,,,,,,
1991-06-28,0.007902068459256015,0.0037509227426546455,0.0015418858226788445,,,,,,,,,,
1991-07-31,0.007888648734499246,0.008855476956299315,0.008303601504638995,,,,,,,,,,
1991-08-30,0.008766043016292933,0.008366247073624487,0.011578506187536489,,,,,,,,,,
1991-09-30,0.008011383965258682,0.00811242282923833,0.00714002862418984,,,,,,,,,,
1991-10-31,0.008846233542789853,0.008978973136177829,0.011695983203446048,,,,,,,,,,
1991-11-29,0.006618617954113806,0.006704693633412648,0.004177596489386345,,,,,,,,,,
1991-12-31,0.008815094276826306,0.0063184092208507054,0.008358189627578245,,,,,,,,,,
1992-01-31,0.009152598370702862,0.010135272905683317,0.013781276123555303,,,,,,,,,,
1992-02-28,0.0076080357021451874,0.009575614268396376,0.006051956559615944,,,,,,,,,,
1992-03-31,0.008050455904741778,0.01168032086073466,0.006245779168496169,,,,,,,,,,
1992-04-30,0.008721315400344659,0.003124841849969822,0.0054261083571007064,,,,,,,,,,
1992-05-29,0.008112277108058797,0.008211875714471706,0.007823194360911556,,,,,,,,,,
1992-06-30,0.008345762768013871,0.005792797521606325,0.003880845567473347,,,,,,,,,,
1992-07-31,0.009217994975436739,0.0075955930850271965,0.0035224486834578655,,,,,,,,,,
1992-08-31,0.006912266536967326,0.006579081104195322,0.0026735510709001912,,,,,,,,,,
1992-09-30,0.010064479009924686,0.006150740187991014,-0.002066277704720556,,,,,,,,,,
1992-10-30,0.012882162456845451,0.016458674584002426,0.02790841114553734,,,,,,,,,,
1992-11-30,0.008375407548066335,0.011148049217129469,0.011205139436608738,,,,,,,,,,
1992-12-31,0.012035143571803023,0.017258194154251123,0.019823400499548012,,,,,,,,,,
1993-01-29,0.009049493904605133,0.00983975908660089,0.015412226973874189,,,,,,,,,,
1993-02-26,0.008821128252155133,0.008768236868439744,0.011461674611983013,,,,,,,,,,
1993-03-31,0.007713527323920194,0.00611740753988148,0.005871135022998607,,,,,,,,,,
1993-04-30,0.00836856920680609,0.0117070031206221,0.010272458829065837,,,,,,,,,,
1993-05-31,0.01026501618758912,0.011187323463015122,0.016354303347924357,,,,,,,,,,
1993-06-30,0.009532622211065385,0.010940425391955135,0.01792087320524145,0.03634020607932143,0.04841886510637871,0.04496941313339851,0.05141355793866734,0.05115972205166303,,0.06651073239467932,,,
1993-07-30,0.006442579235982469,0.007516307861923254,0.008960781481380237,0.01403314940322253,0.015178369633238797,0.030322307895397246,0.0244271961369535,0.035598901257306644,,0.039126015709775884,,,
1993-08-31,0.0069582184463369634,0.00728013640731821,0.01097875826368181,0.023944585886489674,0.02624442390671067,0.04507661683595967,0.054048756426495946,0.0769162072409119,,0.11361129544110732,,,
1993-09-30,0.006599134148970846,0.007590055393725181,0.008712620140554248,0.007611303975851333,0.018462829613942952,0.01263332720274924,0.02119255608217558,0.02195192610546837,,0.013269002783196055,,,
1993-10-29,0.006819637762254182,0.0077432662822267745,0.0076581751577721475,0.012570577931229938,0.015318822766502843,0.010768912323596431,0.01911026612557928,0.014343267138608829,,0.02770615232281742,,,
1993-11-30,0.006582439648449944,0.002314733989514273,0.0021935238812296758,-0.005651724541036715,-0.007328176815220002,-0.01961353718847012,-0.020047105682770756,-0.03680317232606063,,-0.03573990853438902,,,
1993-12-31,0.007076319671281136,0.012875851235346297,0.015475526413105267,0.0268115197740307,0.033014399661056834,0.04918115684218419,0.05230645076983228,0.07593411035291076,,0.07796509493213633,,,
1994-01-31,0.005920053056348573,0.005644716559194876,0.004363734068409011,0.009250683767065306,0.008731277133326339,0.014326366403817391,0.012701874116312474,0.011769888595046935,,0.015105193715438515,,,
1994-02-28,0.0059851506023084755,0.005506192012139524,0.0038142203593462807,-0.00463867485255392,-0.015615735982382382,-0.023485879153681187,-0.029646900456868158,-0.03809842189149983,,-0.04083064550215403,,,
1994-03-31,0.0058953189888909345,0.006739460706179048,0.007288552330164037,0.008415530536677028,0.014981585467400476,0.009181305706994831,0.017528994067686942,0.01575654803751274,,0.024552642321382018,,,
1994-04-29,0.0056320895837228616,0.005288860063752656,0.008692785964310208,0.008993860142299692,0.004961672894525651,0.0011687832010811123,0.0014197375234840126,-0.009773976832690948,,-0.0032678441425908807,,,
1994-05-31,0.006551877953060928,0.008037060460436753,0.006408367282413544,0.004094666579949523,-0.00655026421016155,0.0035885218849310858,-0.019432617637700243,0.008055811018540915,,-0.0436092188893763,,,
1994-06-30,0.005309297020209111,0.006181192856768885,0.000747004575676083,-0.006950736564010382,-0.017859015184757413,-0.015511735623241804,-0.02613198388895265,0.008055811018540915,,-0.030101798065439715,,,-0.045207087475763075
1994-07-29,0.0057730589393415925,0.002213430629395067,0.001481318535064306,0.0037007830519393474,0.0038830846824056326,0.0015460789482298705,-0.0014651253329923048,0.008055811018540915,,-0.0037883741598606488,,,-0.026723403846907978
1994-08-31,0.0056390292332563876,0.004792721421823924,0.003382804225883145,-0.006980143842844436,-0.015551360642374609,-0.022461636774178173,-0.02677343600491722,0.008055811018540915,,-0.0418676766006894,,,-0.048501220453346455
1994-09-30,0.006320951060419033,0.007912590114682668,0.007561576158276427,0.01582749603455654,0.014441649782619635,0.022717240546910353,0.018728958154154155,0.008055811018540915,,0.022475411423726548,,,0.039626563289275746
1994-10-31,0.005957228143427703,0.0054704219670542505,0.006660892021308302,0.00754707175509984,0.006367335296167846,0.004137638393215322,0.0021510329276159235,0.008055811018540915,,-0.01402696888461973,,,-0.024087086393500778
1994-11-30,0.006317470472388509,0.007470948547122163,0.007561576158276427,0.012132179297837841,0.006406766871826399,0.006776288924240399,0.007191239944442223,0.008055811018540915,,0.011450858349886944,,,0.01701777018164036
1994-12-30,0.005912037390706194,0.0037165619770367685,0.0053718135292853296,-0.00035541073838099276,-0.0036152303467267147,-0.0015425888038141117,-0.00584660354371047,0.008055811018540915,,-0.013339165351149486,,,-0.022732398466252156
1995-01-31,0.0066740624230155095,0.00886272881497088,0.0063858502520431305,0.01458453816204901,0.01712068559983841,0.011949156661141361,0.01448681576774112,-0.08698525888060803,,0.012440720562176339,,,0.011415174432145384
1995-02-28,0.005544224117364719,0.0037152740714936545,0.003899040734551896,-0.003764246971894135,-0.005952079785590963,-0.015104281989373632,-0.013619139141491368,-0.010796491128946241,,-0.023051510555747876,,,-0.03733161719717279
1995-03-31,0.005730746249774387,0.004896861838475233,-0.0004202068680244266,-0.0047510363074749215,-0.0059102915140968855,-0.006423006459575049,-0.008802207145844612,-0.009571517814253444,,-0.012981214904560893,,,0.003451610078709323
1995-04-28,0.007238028000624609,0.007944332484992595,0.011353925634003741,0.020851877158601352,0.02455068446545473,0.029297686314886492,0.03370272546195326,0.035806837173372526,,0.023070861571877866,,,0.02971016382976097
1995-05-31,0.008043499335334025,0.008906756665645277,0.01325877141624127,0.019280621431713524,0.025327072307005635,0.02767678520805684,0.037145946634094804,0.027425807807783753,,0.06997635753481113,,,0.058424940939025276
1995-06-30,0.0066421680329797166,0.006877879606813513,0.005065510878932267,0.004060197672313218,0.0015850179946374082,0.0022408117446673843,-0.004331874423004997,0.0025866697845416745,,-0.0163200306801824,,,-0.00531805628014536
1995-07-31,0.00731488954081476,0.007591534290582569,0.008717184425542987,0.009171683902011304,0.02244577939648779,0.021185195550453454,0.030659777090501657,0.035501438268316345,,0.041403725446704134,,,0.04316651337415259
1995-08-31,0.008282495179115352,0.0089933901859427,0.01253195995711998,0.01660795344341622,0.01851167386035674,0.021147168156261345,0.022985951755354797,0.018748821924631474,,0.02955628741454172,,,0.03264430967278151
1995-09-29,0.00753140947828634,0.007923420520931838,0.005645311039318994,0.008547528948751968,0.009175863283481387,0.008154160807716901,0.009151678179293521,0.002244823361289923,,-0.0015925648849049808,,,0.0036731271022327496
1995-10-31,0.006648986962039662,0.006807495094852381,0.007085559511124344,0.010636967319697517,0.01175109606037804,0.013432424120410777,0.012101143673920631,0.017213187536296977,,0.014463739566700972,,,0.007282774296050248
1995-11-30,0.0071649382441661465,0.00748438428738647,0.009275434150776895,0.014300454685056604,0.016916443999510367,0.0191521639096027,0.022109041078543692,0.025041223847056503,,0.031641596524511956,,,0.0444012811562694
1995-12-29,0.007689402167500397,0.00865045135599783,0.010423735405072266,0.017208476973557558,0.021195508835694037,0.029651096300296362,0.03153482385328778,0.03306536767140434,,0.047064596649814994,,,0.06331302348591422
1996-01-31,0.007822462984200123,0.008181320860105751,0.012782654697815714,0.02323122064624199,0.031223498024737114,0.03904001766846554,0.04438592650693688,0.047529111818592346,,0.05179199377473602,,,0.07874097085228773
1996-02-29,0.007068843762893025,0.006744131841185608,0.005331916435248395,0.004712604821139101,0.0012536229726966984,-0.0016457820977990646,-0.006376554736337194,-0.0056691991404017855,,-0.015048528587679228,,,-0.021394898235822312
1996-03-29,0.00626512617257883,0.006343248273056271,0.005880389486256979,-0.0003778355549535573,-0.002492798345646196,-0.00775733026350877,-0.008168787454852715,-0.007983700406562079,,-0.008953932069010994,,,-0.012810762899287917
1996-04-30,0.00772078003970479,0.010256160846167024,0.014253298314745113,0.029490363693551763,0.04166188048122025,0.046972045882744604,0.057342854435337084,0.0634607956854253,,0.07750603671578596,,,0.10053634443533065
1996-05-31,0.006766909927321562,0.007170469760234711,0.00834250584118647,0.009202562096273086,0.011724441791140646,0.014542977256326483,0.013146404039066686,0.01756822661170782,,0.018416765144486313,,,0.027467108648083327
1996-06-28,0.00677882939303122,0.007381817439856423,0.009029217004193946,0.012815637937863708,0.01375151985813697,0.015330434599032449,0.01774808566123739,0.02066449664495572,,0.022726999540935502,,,0.034506998584441104
1996-07-31,0.005140807962076237,0.004766823065678209,0.0033451982530286273,0.003864856011649968,0.003299994793158804,0.0001939632468871818,0.0016166060545261787,0.0003488501091084746,,0.0014722576849480738,,,-0.0017523926665373786
1996-08-30,0.0059102987637448205,0.005228936071471671,0.005817318061712944,0.007385110163306601,0.007477947211893341,0.008346128503979845,0.005892835206547546,0.004742227865829053,,0.003568860506447297,,,0.005928612405488771
1996-09-30,0.0070606524018207275,0.009326329472405208,0.01171412584528766,0.019335565684101705,0.027248884330970658,0.03645256002363528,0.042897352466844625,0.05559194842338456,,0.07470204944599812,,,0.11107845127990838
1996-10-31,0.005825106122828923,0.006369303333004313,0.009180554818317541,0.019288115281117183,0.025579766342418455,0.023653516329220026,0.035804222499031264,0.028126089779667462,,0.03799205806252436,,,0.02867000174719287
1996-11-29,0.005930944267760441,0.0069885482028732345,0.009119916249611244,0.015696983885145,0.01958604032853334,0.027601537583304855,0.028603651267844112,0.045138700728340475,,0.0517892545332392,,,0.08721040388899327
1996-12-31,0.005411347041036694,0.005242873326470574,0.005381093542348681,0.00809295022487274,0.009889241867955109,0.011549973672164605,0.013035014208478234,0.010855318387374604,,0.0035701449064793967,,,0.004014989193781641
1997-01-31,0.004649904139182846,0.004402557840057631,0.004737560647485404,0.0028518362243394203,0.002393079948932137,0.004870387491306508,0.005743470359529908,0.014336357750719333,,0.013315562369032127,,,0.027030249614189802
1997-02-28,0.004729502176735279,0.004253781302122605,0.0019901154520882984,-1.4923028257863632e-05,-0.007601222730787134,-0.007504772562406601,-0.011695343345419527,-0.01113699674102097,,0.011788836212233375,,,-0.024351143679518027
1997-03-31,0.005242727880517218,0.0050456019201332025,0.0026691360847832537,-0.003802913808416907,-0.009496762931427111,-0.01619443669515224,-0.02088388404908503,-0.026649464970517452,,-0.027262084758506767,,,-0.04798233539027923
1997-04-30,0.005191786257714586,0.005705020962681301,0.009831753970412154,0.01970325462781353,0.02570734845276814,0.030602550819744376,0.03277804810112904,0.028648757928524865,,0.024628645861496445,,,0.0466598873995254
1997-05-30,0.00426612817869465,0.004807486371094466,0.004718353519857257,0.006817959750401419,0.008659625272106944,0.009624567944664883,0.011943992400511094,0.017239414146826067,,0.02162412625081156,,,0.024365202423078342
1997-06-30,0.005121910051023483,0.005597626467639288,0.008879195487659294,0.015148086130787585,0.021080684430739332,0.027023965813466163,0.03462288259097125,0.04081772388298563,,0.0447129965418158,,,0.11647862491632943
1997-07-31,0.004310484771437251,0.004438995331291374,0.0017758229740412826,0.005609640225062269,0.008402022560447715,0.010007348081654268,0.013290565297640848,0.022180078706614637,,0.02934542899217273,,,0.03761452318220093
1997-08-29,0.00472702776378291,0.00452820886858769,0.004287366837603237,0.0028433417056702454,-0.0017536870920694984,-0.001226446137870022,-0.004265274646625154,-0.005726356163697288,,-0.008216847526197477,,,-0.017792131663639493
1997-09-30,0.004699191210067345,0.007136701796338259,0.010085288095800041,0.018913654899973032,0.027694705580406574,0.030587376898166607,0.0318766479207847,0.043427599913600456,,0.04500276120557771,,,0.07982497821468182
1997-10-31,0.0034034307243405826,0.002864645043195778,0.00238770497633238,0.002585815296943515,0.000535865617814892,-0.0010723929618576449,-0.0003813819924755767,0.0009594641473731377,,-0.0011078394395528212,,,0.00357024411989557
1997-11-28,0.004883297513612177,0.004870785906601359,0.007591408431083216,0.010934202227875977,0.01305701924473258,0.017850518147905038,0.01699843190706287,0.023827470551241133,,0.028526341237695207,,,0.04667964614537348
1997-12-31,0.0055192527434611794,0.0023375301508070387,0.006036502010684674,0.009802446093726627,0.013258073070041398,0.01629310835810246,0.01936740628121625,0.022370882351379823,,0.027838240671205657,,,0.05638573595679696
1998-01-30,0.0024016598981714955,0.006541908330997009,0.0019265444989719589,0.0029801570872713392,0.0025296041510519487,0.005624456825481532,0.007896605484163348,0.015206231602952876,,0.01966389065948674,,,0.02652937718425012
1998-02-27,0.003998833494490672,0.003791526472873265,0.004562634092117413,0.006792247816134977,0.007532629394123094,0.008600144436011441,0.00909774871103598,0.013196283239778226,,0.013866024890916744,,,0.021627363028578716
1998-03-31,0.005147580462520456,0.006156668116223162,0.007173297903363272,0.008613665709074918,0.008060589210667062,0.009187984415076933,0.010245863956504944,0.013708366364285776,,0.015543122485308432,,,0.027562336796807183
1998-04-30,0.00419134282693502,0.0044221742388957635,0.004627363599812061,0.004312229950979242,0.0015564485156438323,0.00097334340876011,-0.00010019529682327749,-0.0012345040266048969,,-0.00028842816041968553,,,-0.002857097439378154
1998-05-29,0.0032931373022678976,0.003026539097291736,0.002909336162585703,0.004542264152927605,0.005994657626141677,0.007860920499588465,0.007807699269319694,0.012557740431732752,,0.0115264928221436,,,0.016819433847592137
1998-06-30,0.003775116644099879,0.0037527630788181435,0.004011570056522161,0.0049984825427312135,0.005444249083203823,0.007425427444802139,0.007352732716823827,0.008722247862698124,,0.00984311639158947,,,0.012434392713611768
1998-07-31,0.003942065755320316,0.003983421696963739,0.004215848338772083,0.005526112785275475,0.006592130569521529,0.008068250204951156,0.008831452884614498,0.01137966083673825,,0.01500036215640339,,,0.02020273383931424
1998-08-31,0.002657594615163932,0.0033796913010711565,0.0043967155689290625,0.006525770299220687,0.009935709754634595,0.011405615044788951,0.015191148036795117,0.017043724581619762,,0.018644767422411602,,,0.016202244826599238
1998-09-30,0.004152429225531056,0.004306959164401048,0.005003294247359651,0.00890796700404036,0.013462389519617576,0.01664310145632203,0.020678197987015985,0.025098247496219424,,0.03482413000409152,,,0.027390602514166293
1998-10-30,0.0041933044275675796,0.004477549468133608,0.005459459472240145,0.006558409940746585,0.005592791974769844,0.005398904395529428,0.0032021314655731547,0.0003575082373926746,,-0.00892838413913637,,,-0.024877999154596125
1998-11-30,0.004115014358687249,0.004411853095252558,0.0044179744851022855,0.006935898817983117,0.01426857977818951,0.011733226908445558,0.019530292409798176,0.014789088381513316,,0.03753789879810109,,,0.12619730139598984
1998-12-31,0.0036085770110787117,0.004845190595152807,0.006977648174787317,0.00928971696177096,0.004964786742915922,0.010333653391490833,0.01226092721487465,0.010196793476857322,,0.010040201330176232,,,-0.001144642749329024
1999-01-29,0.002077578209584777,0.001533352895001104,0.0012420302482423669,0.0053370376391322924,0.008303700040860234,0.011980913153547462,0.007987686018104378,0.020056975669898107,,0.015470336970779385,,,0.003284348515799411
1999-02-26,0.0015166287211169033,0.002042642724939082,0.0022150188067793205,-0.0020126999168197054,-0.006577845148381274,-0.00999733552459069,-0.015345515708822855,-0.018248313008757677,,-0.023842072895157385,,,-0.045864720054128894
1999-03-31,0.0021000841630616223,0.002718465667306837,0.0012178526594332187,0.007103731883314154,0.00831143151815732,0.009863770978611573,0.011264313848876646,0.011093018804632346,,0.0029743695636500725,,,-0.004057270027221433
1999-04-30,0.002729053239075246,0.0029355022368650965,0.005544071866733936,0.006062462359769794,0.008028025416996851,0.009627573278305242,0.014041647862900764,0.013970855414603833,,0.010668648891975328,,,0.017620996527503617
1999-05-31,0.0018442531814077978,0.0016086863226792594,0.0016533194827636178,0.0007836338325025457,-0.0014230818941576178,-0.004311003828216896,-0.007521303052794408,-0.010096728787861895,,-0.02034949825721484,,,-0.036166719608144625
1999-06-30,0.002052675104355126,0.0018085496971261895,0.00014716660697674765,-0.0036962870077878085,-0.010009325562499045,-0.016964146445795268,-0.0224009929621495,-0.030128511331347325,,-0.026243815255368022,,,-0.029346906331778586
1999-07-30,0.0018221003928586563,0.0011097206524560924,0.0006327746272069864,-0.001694331456964326,-0.0057947193186555545,-0.008351903481223824,-0.01265075309952101,-0.010746769983363769,,-0.015037673464842737,,,-0.019371775218215367
1999-08-31,0.0015180762577300811,0.001955932211343146,0.0016981051747076647,0.0022925792623427854,0.0033243110315452694,0.0012327088285227722,0.002276410960273964,-0.0034370479979313607,,-0.0007642823130087188,,,-0.0063766394502615216
1999-09-30,0.0016728973675177903,0.002089927862848879,0.0020230771745317656,0.0016373256075780422,-0.002245154049846817,-0.0014731504968509262,-0.004610279327080811,-0.00874375406336826,,-0.008300934974856984,,,-0.008373582112695396
1999-10-29,0.001689924592238852,0.0007602205517938051,-0.0008889131019845096,-0.00666165381513573,-0.004905570708231638,-0.0027492551753595844,-0.005992158264125032,-0.0005154765685069986,,-0.003609879191020669,,,0.006800543088440879
1999-11-30,0.0017897026678728568,0.0020550163894399913,0.0019201213013476206,0.003052964005681182,0.00383387535819789,0.006238538544116198,0.006156764550199909,0.008635264458714743,,0.009220458246448507,,,0.004429736407109629
1999-12-31,0.0007654091255515178,0.003751035962076301,0.0021756192498579687,-0.0031248765333364713,-0.007643927519537816,-0.013135873949505262,-0.011934207231846697,-0.016809771248732407,,-0.012204300984969677,,,-0.017875756972898817
2000-01-31,0.00482345992791617,-1.0909157820703836e-05,0.0009035992443836158,0.0008713822227770936,-0.0007380458473469386,-0.0004941086610100371,-0.004115169489814948,-0.002172578693137748,,-0.010483137859527362,,,-0.009256920445686632
2000-02-29,0.0018182039304194405,0.0019463697753422456,0.0019475296459972988,0.0028766263456813873,0.005320742060085187,0.004924334166017949,0.0055149577602421045,0.006962624960901146,,0.005966669574960128,,,0.02050111895188925
2000-03-31,0.0017348240162572066,0.0021385878352862863,0.0017865767822565252,0.004547785168267998,0.006958030936851318,0.00875315341132337,0.014317967696502272,0.015285354173063296,,0.024428501681964174,,,0.039831360121357136
2000-04-28,0.0024396504434424722,0.002006757095038506,0.0009992927943999275,0.0007326969700647323,-0.0009616614467628768,-0.00016154926807832932,-0.0017685241003190088,-0.0003152462343234163,,-0.00108129339310535,,,0.0018641226273384184
2000-05-31,0.002672149429394791,0.0007157805920282635,0.0008735263260001539,-0.0027056245975830644,-0.0036275614630682904,-0.003474674507398569,-0.00032626699346839134,0.0021909038193445615,,0.005214873520997024,,,0.00972068747211668
2000-06-30,0.0033961757911394265,0.0049610126577980945,0.0025042505926203755,0.004466332834580159,0.005004490263707722,0.003993566014139795,0.003844310733198219,0.0029046450415235324,,0.003173774520161618,,,-0.0006386948080219592
2000-07-31,0.003176766937523766,0.0015569687444853255,0.002088583350236388,0.0017014902450977105,0.0021045320575625234,0.001500367522595198,0.0026211920402645947,0.005937370820109614,,0.0070369893621721104,,,0.012992556468701462
2000-08-31,0.0030357889514764564,0.002806349661269251,0.0026136314077131488,0.0017428305045822895,0.0010861832101570215,0.002679479262539235,-0.00030323608462834033,-0.003051169245929823,,-0.0026628875992369813,,,0.003500050327928386
2000-09-29,0.0030499505445577653,0.004678690348585405,0.004407835691855318,0.006549651602860941,0.008249764961434246,0.009391351432654143,0.011514655391369645,0.011964134669459624,,0.007987651793171608,,,-0.011620711796014725
2000-10-31,0.002632274870754124,0.001986471820364154,0.0035783397911635564,0.00360701236315753,0.003912378344172392,0.004416096662519734,0.0043165254090410535,0.004329027740228769,0.005149368729480188,0.005386268053563136,,,-0.0006245240504604664
2000-11-30,0.0034246330950479364,0.004108352691968399,0.004944645325895396,0.009374858401712675,0.012025751202764166,0.013658267474296812,0.0158626170903487,0.01900874332421248,0.0194089987179157,0.02200935232347258,,,0.027259896572468512
2000-12-29,0.00387656272341166,0.005015306773055375,0.007059124930211343,0.011407361749062754,0.013394208735381458,0.01619869076016462,0.017586900020635322,0.017100614811843527,0.016585740539507555,0.012594398512234076,,,0.010564262298738209
2001-01-31,0.003185426102963286,0.0031753039647659125,0.0036802598829041616,0.00563357686491355,0.005959930441518004,0.0057431851387096,0.004771436668514325,0.007373261348608804,0.00475375887173358,0.010526633561238211,,,0.010271326750671043
2001-02-28,0.0034221363718124373,0.003482915983914326,0.0030022828369965417,0.0036245743044598646,0.004140960582835361,0.003931058447414658,0.004192911620985161,0.005067469047475669,0.0060391866203583595,0.005295447700964499,,,0.0056968949891577575
2001-03-30,0.003183097869582819,0.0040122806919030895,0.00497424170826911,0.0075514746007037765,0.008830807744493992,0.010310186353321127,0.009553076628638373,0.008374453797181285,0.008096627928171906,0.006828636968214153,,,0.0014643616405682401
2001-04-30,0.0026077452218538064,0.0016214148308000302,-0.0008777808826108349,-0.004379558877894794,-0.007663898017157105,-0.01104130343446203,-0.010822952489316187,-0.013544983467028593,-0.014796913507347315,-0.017904834462036376,,,-0.02462157568848579
2001-05-31,0.003706322896974105,0.004390168333872906,0.006109619885207853,0.00834589247195159,0.008619604162641566,0.006558053783177136,0.0066916518825074385,0.0007114739148978216,-0.0010017228409892173,-0.004444063949150417,,,-0.007009488764557197
2001-06-29,0.0037003872879327005,0.005409072519463043,0.005084622242885696,0.005799702204018075,0.007650962642779539,0.00838858520721955,0.008213518737284552,0.01112154698249289,0.009850222183259172,0.008224964684331237,,,0.0063287336223238405
2001-07-31,0.0027107797580236278,0.0009754663580970317,0.0025334953398552314,0.006661875702848013,0.008694283929479563,0.011419058059627115,0.012802214794339292,0.017297406071359586,0.019162528028257814,0.022011912878878246,,,0.04327516868794329
2001-08-31,0.003882406366901026,0.0036530362640561248,0.0049697869930700935,0.008042458885385224,0.010157014646593035,0.011356275575086843,0.013264166621146116,0.012700942299905848,0.01386908671332429,0.013803863160019128,,,0.011562133227357671
2001-09-28,0.003157568676954406,0.005012802169396758,0.007377885628334812,0.011291610902826335,0.01284750098603477,0.012346970144565657,0.011895094985401847,0.010314360043398014,0.00820295749473767,0.0038076275361384666,,,-0.006133243396215895
2001-10-31,0.0026634061057469677,0.0031486927169166825,0.004059166199164394,0.009429173815684646,0.013942954376466178,0.017645338636124493,0.021153142821772008,0.02818633257857323,0.031218297218208974,0.03662284634281192,,,0.08115800352379686
2001-11-30,0.0024616521844602465,0.0027802521058664354,0.0017805806033924167,-0.0025811344203888796,-0.0067972552366059105,-0.006176194647118132,-0.007387522770228918,-0.008713562247726165,-0.008387177898939268,-0.009162876786635472,,,-0.00278764598614862
2001-12-31,0.0019882292461621547,0.0025031179703600332,0.0013074249522382088,-0.0005884693462073792,-0.004204107487669983,-0.00921064448222383,-0.013319724410019152,-0.018683056507997873,-0.01964747573176802,-0.022689495694604652,,,-0.02786430327488026
2002-01-31,0.002059664724399889,0.0011788508146003125,0.0002834559563091654,-0.0045172549516502795,-0.008193492568496588,-0.00584744206765477,-0.0065033115563999785,-0.0031026920438441833,-0.0026349695597125498,0.01084129159389786,,,0.024687674882321264
2002-02-28,0.0023247457891882473,0.0026375318242150615,0.0025288116957368095,0.004014160917115789,0.004387980933954265,0.003997615479801429,0.004300948713745207,0.0032721302618845265,0.001870231939898264,0.000858138865925582,,,-0.01210043139328573
2002-03-29,0.0022000427602594415,0.0015184717238746813,5.130588784928233e-05,-0.0035352952913810538,-0.0066647045090796235,-0.008631077705063533,-0.011611240955256211,-0.013013481158494192,-0.012731324466079058,-0.0166420083964491,-0.01980210719678483,,-0.02619316091231959
2002-04-30,0.002588368575707054,0.00305134237646149,0.004095961943114507,0.008626368203252787,0.010972269404538115,0.012420399059511027,0.013893843933597395,0.013707289325715362,0.013559004992095624,0.01567113461315243,0.015129817138047674,,0.01632026027517628
2002-05-31,0.0024130233678716687,0.0017419229425922004,0.0008298886395976832,0.0006830131881510453,0.000850503073652739,0.001191831187557074,0.001210042825526655,0.0027103100313794048,0.0025236349600316196,0.0020859892047824734,0.003668763313784091,,0.005833312245369347
2002-06-28,0.0023128245916641172,0.0032345492404735918,0.004754426230853426,0.009771451143230104,0.012600011113575272,0.015141030831547922,0.017088379033925682,0.019323132126098576,0.019427772830455776,0.020353108047955645,0.02700918933502764,,0.04048864066998484
2002-07-31,0.002576449837398811,0.002785618962760948,0.004569642129122404,0.009801618918998157,0.012859879862025142,0.0155496953768692,0.015786089543930855,0.017693083902530566,0.017645518453003856,0.019149908613283813,0.01960723850799325,,0.01920645123411846
2002-08-30,0.0019903968995694677,0.0026286932974398164,0.0031139002773251847,0.00578873773822263,0.008917546588680268,0.011664717995275865,0.0138540961098041,0.017075234975152717,0.018194057194959406,0.0198559623800115,0.0237052909972856,,0.029568694277882654
2002-09-30,0.0024521565058752883,0.0028918716235145476,0.005074192376580371,0.010254141877528973,0.014470106937037137,0.01862445438527643,0.022162161113404175,0.025712933417531156,0.025659026528915177,0.021473324596367083,0.029279440515793766,,0.023844980288381685
2002-10-31,0.0023692816572465805,0.0021518489422001075,0.001734886322503152,0.002780085327580771,0.0011122857649191653,-0.000216993601861651,-0.008214554696055941,-0.0058458596927362235,-0.0066765133758583456,-0.010396426129907958,-0.019247074001103502,,-0.025936136171432683
2002-11-29,0.0025696126986220094,0.0027083742727124992,0.0029392765028105343,0.0001132809220031542,0.002948815435757979,0.003471517866395949,0.004624159500895737,0.005749447239297345,0.00605975678056861,0.00844962438331864,0.01177999901922645,,0.01581998729369754
2002-12-31,0.0023010108214478156,0.0028425766837231565,0.004514752610551176,0.010443223011852553,0.014477595965413132,0.018871571298071044,0.022055731796920296,0.025706625512342728,0.026088802981463828,0.025919736571514147,0.036398943811592706,,0.04150986873417666
2003-01-31,0.0015973154667108696,0.0019991823002103565,0.0023313312864095305,0.004448440477889281,0.006508581999330369,0.008090996138061714,0.008932367697493625,0.01228782253403516,0.01395266075169403,0.015722298305645362,0.014724094008715714,,0.020623997616971368
2003-02-28,0.0019270325712709953,0.002993635468019149,0.0033378274534700664,0.006209121837107799,0.008990461013550072,0.004837533561340395,0.01388651543851513,0.0126478900569109,0.01902832614116816,0.019498543484655108,0.018031440998685137,,0.006992006072121042
2003-03-31,0.0017318953725114204,0.001698795879614029,0.001823303126613493,0.00038247667749043894,-0.0013151434825519818,-0.003051799117440254,-0.0037018416308855816,-0.005099632547775731,-0.005669958103976942,-0.006888784962248465,-0.007741969202778098,-0.00813007526492928,-0.012104208992713594
2003-04-30,0.0017489683594871185,0.0015667670593522926,0.0015012629189673887,0.0023672678864863563,0.001870365472198388,0.0028791425417881754,0.002066726725721386,0.0022981190259834684,0.0029077027737046198,0.0017567057963481939,0.0005319905788163725,0.0034199139087662937,0.0022540621828026556
2003-05-30,0.001666925574337626,0.002629199075159162,0.00386264191758538,0.007791371693471214,0.012842664065934069,0.017041473346724047,0.021434425035695873,0.02876709598779519,0.03158683381346442,0.03545047617346921,0.0384695239774534,0.04181074897279151,0.049099113704152604
2003-06-30,0.0017481656573996186,0.0018738354046552855,0.0021758895751893053,0.0026465270083240477,0.0019380861158403704,0.0015966158334474033,-0.000118084638619813,-0.0007862666459188862,-0.001588503131259833,-0.0011636878508372466,0.0010053144667303282,-0.004411293312403196,-0.01176290189833411
2003-07-31,0.001311752692133563,0.0011961152953430005,0.000960573482022704,-0.0029317874245643584,-0.00846213320940559,-0.013398605553267337,-0.017645882418456615,-0.023458524939943617,-0.024929042236849257,-0.031152025288230776,-0.034186715734686624,-0.03444923527379916,-0.044416617870635215
2003-08-29,0.00132563688220148,0.0011736253306136532,-0.00028145789946037476,-0.003374196726124988,-0.0013846642765053577,-0.001531396649231199,-0.000700923967936027,0.0006350105860730507,0.001294290654367996,0.004104739686610398,0.010802977336996564,0.011906462027444439,0.019511530053735612
2003-09-30,0.0014463654308932588,0.001633051953289775,0.0031584565026944343,0.009157206103181671,0.01364096689385021,0.016747638925200852,0.019112311274998597,0.022100957680383986,0.021549234241292736,0.019002984762930542,0.0181395707180277,0.015802936328700876,0.014221147000254633
2003-10-31,0.0013761230936182936,0.0010092632291050327,-0.0004743818713524869,-0.006179169539395754,-0.015917667289794844,-0.02018027157083264,-0.022348792419916136,-0.030926740128529688,-0.02863547689269712,-0.02081157120094883,-0.02100798212444816,-0.020470782769980364,-0.019625771097332285
2003-11-28,0.0013586839637735994,0.0013152707548067049,0.0007021038402054613,-3.3131039628896314e-05,0.0006028044679903887,-0.0021795909731589114,-0.0030434941526645935,-0.004456075910581196,-0.005472302867922064,-0.005949957131810166,-0.016730324592683834,-0.005883584744008145,-0.007491451827689429
2003-12-31,0.0014281471709868844,0.0019767509904627797,0.003345736209193312,0.007713848005606458,0.00972410016228176,0.012736169830005422,0.013748384314900773,0.015082760184379608,0.015737210722853678,0.01567364252869766,0.014632211903344062,0.0175728204413775,0.016792404431065014
2004-01-30,0.0013893183261854884,0.001255389592591313,0.0017120553786031628,0.0007532808900452661,0.0021368803338967356,0.0033208942868242874,0.007165745938062141,0.008358486259488889,0.0025372474456830467,0.0074504297582121464,0.006046503437829578,0.0057844257907168715,0.007108612067114968
2004-02-27,0.0014896198414848158,0.0017581287414307604,0.0028587630570880156,0.007929547740760478,0.011336864665710026,0.014285392590313752,0.016245548561317057,0.019060012092157498,0.018925649696123325,0.011058374942470712,0.01898576029871124,0.019317485420022134,0.02016971129242878
2004-03-31,0.0014677526397582838,0.0016868127944344937,0.0021416513554457853,0.004515922838456709,0.006368792261005945,0.008381824416545012,0.009502167063231601,0.011340726070051155,0.011881131269326575,0.011833349997155539,0.014940609545673313,0.01699892063670158,0.015970963657073144
2004-04-30,0.001096187648924637,0.0006653076036594863,-0.0006716881776261064,-0.0036298451474888016,-0.0066959648251011,-0.009207780624428067,-0.011454395748982422,-0.013902729720295295,-0.013869927324325746,-0.014466747143489422,-0.014533595586319153,-0.017391325788468876,-0.018472132057708528
2004-05-31,0.0012114100826466079,0.0012304986523060243,0.0013190467570390785,-0.0033719876442785384,-0.008645501535764565,-0.01032851633368431,-0.011740970371208985,-0.015418227844445558,-0.00772051585503047,-0.008796887884193283,-0.011542003666928579,-0.013834298346993212,-0.014984256338262362
2004-06-30,0.0014723746854234257,0.0013525636960149182,0.000500056573531459,0.0019096878227126172,0.0021573440891018243,0.00259926811254124,0.0032926134678170804,0.005908052525916007,0.006614283289902052,0.008496010492323756,0.012690583743242258,0.0181006699414263,0.020537440833265048
2004-07-30,0.001466668158620245,0.0014491283552353045,0.001996784509370837,0.004210617681652319,0.00591217522657924,0.007345272695305665,0.008540546103793734,0.010039210962589473,0.010840584304831109,0.011923411529044076,0.014079753813547534,0.015012052532226303,0.018117792707165802
2004-08-31,0.001356602670713542,0.0015507999021012468,0.0022834733528669,0.006054953975325075,0.008986392745724405,0.011765800610184842,0.013884447914654034,0.016842399641041,0.018145063872542482,0.01958575213240668,0.02288949175876333,0.025642537701087455,0.026573009484946824
2004-09-30,0.0014763212919834188,0.0010791795155417852,0.0007780490029481702,0.0006522448939781804,0.0016383572565591695,0.0025634322650960697,0.0030857529502563885,0.004971383583768654,0.005543496519904043,0.0067474477840959385,0.009113138137292297,0.009641718671768862,0.012204975044954193
2004-10-29,0.0015144530634440673,0.0016519903227602505,0.002169719676952297,0.004605103204724732,0.007211764731749329,0.009047612710282787,0.010396214074853978,0.012540291891962119,0.0130049216294348,0.013844571588366581,0.015710767396402838,0.01800256631005048,0.01867843798956373
2004-11-30,0.001486505148211128,0.0014893715924701723,0.0017784578389523176,0.0034146428110052086,0.00528739885799832,0.007145463634995579,0.00863939427634214,0.012218778437206689,0.013991596582966712,0.016054880632773723,0.02363119842989335,0.02696285025356861,0.03305474333824243
2004-12-31,0.0014916710053732307,0.0016224652255106527,0.0012828661535002738,0.00066995123974636,0.0004840856689129899,0.0015837643651209273,0.002519767816869003,0.00675113862180348,0.007375366389246592,0.007115477907209886,0.01799417802325819,0.019645639098855423,0.025558990518998213
2005-01-31,0.00131134593554618,0.001435846037256953,0.001970073622149587,0.0036512683328372543,0.005083210580267096,0.006438399450140697,0.007862289292426472,0.011678207494422811,0.013697600301663157,0.01703028153972093,0.02439820441515363,0.032628634311657995,0.0480267158985496
2005-02-28,0.00142935987510139,0.0014465391925103062,0.0013403765383417977,0.0008755234405092385,-0.0006330828870168956,-0.0026653560687823078,-0.004128889204071018,-0.0070190716674787025,-0.007933977709627022,-0.010236845581087936,-0.015514651510470016,-0.01732762871355,-0.019091362888648666
2005-03-31,0.0014665491754367937,0.001464676377410297,0.0015605670959525557,-0.0004504627230994312,0.0005059937245701632,0.0005955265610436306,0.0008197211775303048,0.003151757853587746,-0.0009858257083192148,0.008905248195224189,0.0028629159495324836,0.007588634840019008,0.009092766139780505
2005-04-29,0.0015179830308533217,0.0016333104618725667,0.0024873876808391665,0.0065776425085728235,0.009438745017350637,0.012126406265565734,0.013211525496643324,0.016580702327468864,0.017529443645286896,0.018805517246097924,0.020564421524852782,0.026012031628070902,0.02501386160191404
2005-05-31,0.0014039609512322385,0.0015914078009115658,0.002072172477807808,0.003986439972728149,0.003697294391466363,0.0071238097017771165,0.0034768036975690152,0.011888089181580632,0.0081465385296141,0.009779193285075573,0.017706669891069414,0.020307546898065097,0.023984678000414213
2005-06-30,0.0016136561810737825,0.0015023225143267504,0.0019136060520797973,0.004047242105744632,0.00661130752655459,0.008042935985418522,0.011115965087092589,0.011753258806174689,0.01290066322318892,0.014501263238431488,0.016326902544939115,0.01938469094058372,0.024549825882898522
2005-07-29,0.0011777761886709855,0.0012023804870236066,0.0005252461444538365,-0.0020597270482296585,-0.003127189821404171,-0.004104688759925389,-0.004166512822038314,-0.004751219218158762,-0.0045865427174224035,-0.005630191998266402,-0.006825472317723986,-0.00839530149240434,-0.009912734333668297
2005-08-31,0.0013443975789797385,0.0014053723242390638,0.0013577359241193467,0.002686711587438743,0.004058320928197084,0.005277772385109285,0.006911239034706979,0.009587159683256869,0.012244065658137931,0.014920744949130487,0.020451578003855757,0.02391100682011806,0.028484402369949046
2005-09-30,0.0014434846159780967,0.001419348081839001,0.0008565963391909236,-0.002756515147101662,-0.0021713757652871784,-0.003480040376850337,-0.003632509582202083,-0.003214343366371417,-0.0017283284083167625,-0.0007128502827912408,0.0009969634562082283,0.001309398113158818,0.007258511172519278
2005-10-31,0.0014368566631472322,0.0008094030082412305,-0.0001096187051892069,-0.002340057939484475,-0.004631504003507667,-0.0073008351890985635,-0.009457721525535123,-0.013008218417787432,-0.014983244090435523,-0.017377458297043003,-0.02225186848233328,-0.024642214067935098,-0.033530041372711546
2005-11-30,0.0011389403505306598,0.0009665113012589115,0.00010933230966791332,-0.0007205341709576265,-0.001411869095182738,-0.002226993712394594,-0.002496672137979635,-0.002321673513933125,-0.00175909625963457,-0.0002694187530680054,-0.0007900364476587186,-0.00299309538795313,-0.000901870934048861
2005-12-30,0.0016472252539472241,0.0013119991109596244,0.001193968936505844,0.0007397063861636237,0.0009952406189781434,0.0020075728394990553,0.004272648435976877,0.006465512589774863,0.00940679754122084,0.013434833553905404,0.020400359136536372,0.02596714757887972,0.03848596171471651
2006-01-31,0.001322308684082876,0.0018613000814727291,0.0015451685160769524,0.0008664573268521665,-0.0026225730201313063,-0.005100604600692847,-0.004746721005430693,-0.012283593526296044,-0.01437654795557573,-0.012070124028490054,-0.02260985330753722,-0.03142184981516225,-0.027252217405147574
2006-02-28,0.0016642570399943086,0.0017821835603500644,0.0015999960879142243,0.0009537209976478895,0.0008331462127103809,0.0006972891790200588,0.0002723760300303806,0.0005418863668221712,0.0015168124856292185,0.001955790020875753,0.0024517852136712176,0.0035552216934523965,0.0055982575075048955
2006-03-31,0.0013699011854783143,0.0009389806473518978,-0.00013276200679093896,-0.002130648802479079,-0.005066364769667873,-0.007451739295090847,-0.010067677137817902,-0.014778733014180994,-0.016849162154065924,-0.02583381909482481,-0.028037417244414796,-0.034788535098021954,-0.04332783347344013
2006-04-28,0.0022936178976153453,0.0020013399891877933,0.0016874967408580827,-0.00014178796999786284,-0.0007072770200690745,-0.0030386471839161278,-0.004593717662269782,-0.0086516138588891,-0.00969246779959607,-0.012941790270289268,-0.018698854604206446,-0.023638850022790814,-0.03025465973742203
2006-05-31,0.0011490547427170067,0.0016397846368796211,0.0037255572410280335,0.003289118558872339,0.004138567736506144,0.0024918568932960007,0.0010731934260185042,0.004541943232222699,0.00322815358120382,0.0012547420024496187,-0.004068740326795068,-0.006735108860585249,-0.012782341219640458
2006-06-30,0.0019430183139900192,0.0016088612848913118,-0.0010635152593758605,6.23190741897287e-05,-0.0010382401447576557,-0.002156379828844704,-0.002803031603559,-0.0035708035791835436,-0.0032831876984869717,-0.002523992982328464,-0.001008106596693472,-0.0016511080490773796,-0.0005913214051935067
2006-07-31,0.00181649481202342,0.0016058171403058044,0.0022176389662571677,0.0038154653270908597,0.004110574799414363,0.0079773550129745,0.009859278199269178,0.010337821120105698,0.013913357942480881,0.016450321318320065,0.019037337233464884,0.01892545995645223,0.022812660678544677
2006-08-31,0.002118738895455157,0.0017890940280801783,0.0019941908400490753,0.00291468653014318,0.004768034242236486,0.006499781169868304,0.00823454842896907,0.011798147692907584,0.0136466656946484,0.017416338942405955,0.023934913315805897,0.029144814697919366,0.03842821365925181
2006-09-29,0.0020101270590744402,0.0019197663570374875,0.0016497770549173821,0.0015039404739209783,0.0016176643991320967,0.002114573581214386,0.0022915831364491847,0.004418005635988322,0.005703523882326072,0.007709185075707645,0.01357602037607733,0.018121685333627183,0.025211021562390648
2006-10-31,0.0020101270590744402,0.0020093502642103194,0.0020210272659114637,0.0014402158458948371,0.0008402938389142006,0.00044333522677464984,0.0003096534947515368,0.00091042071996606,0.0012105773741514165,0.0027810231113829156,0.007504016232126169,0.010609262543260306,0.01456998064505084
2006-11-30,0.0003318335832426,0.0024010158409271116,0.0021325068297936194,0.0034504271375953802,0.004572773333650146,0.004904266502295619,0.005028261694797643,0.0063662107619113974,0.006309888305600116,0.00809118445276217,0.008603418662604041,0.008280123814378194,0.007875023628296238
2006-12-29,0.002694488826324495,0.0020002761459056626,0.0026860414539756853,-0.0007286203477418891,-0.003906875471829357,-0.006446851238542078,-0.008688426957415323,-0.012390936193896016,-0.01382736391959801,-0.017581479478951004,-0.023268205651402196,-0.028016949413812893,-0.033748679339647626
2007-01-31,0.0027919122104037475,0.0024783313219686235,0.0014036962321865214,0.0016816376574379677,0.0012131921005724144,0.0002626591847540429,-0.0007110380876687888,-0.0036020410325139536,-0.004605664179409313,-0.0056328819197693876,-0.010507823726363011,-0.014333508283306316,-0.019316783496699488
2007-02-28,0.002807264074809556,0.002442709037064264,0.0025267074651941536,0.004527114349313091,0.005774547136440194,0.006793990862087743,0.008512870887646172,0.010687892291029117,0.010923278863498358,0.013317768371070371,0.01828104387940787,0.020344977515504015,0.0242482836537716
2007-03-30,0.0029537581573315223,0.002247100127061734,0.001636681097974105,0.0008032705591622745,-0.00026319406786265166,-0.0013502991713614941,-0.002221063537048983,-0.002251760832381399,-0.002949115001048582,-0.004064229107327483,-0.009668022052399718,-0.011146281914107872,-0.018783362309410807
2007-04-30,0.003109947998233287,0.002614206303471522,0.0020888383416962954,0.0013496854795756177,0.0004964811530002442,-9.82376000145848e-05,-0.0007951171013250867,-0.0026869243720573483,-0.0029809712174232394,-0.003719398650379701,-0.004828050404354998,-0.005602512670733626,-0.006912795772731267
2007-05-31,0.0035636942774179736,0.0020855679992370624,0.0016533553706067964,-0.0015962250784731405,-0.0040585244430125424,-0.006489525229764031,-0.008989646625865029,-0.011898058507753434,-0.01258632780385651,-0.014975949502339162,-0.019600470871146053,-0.023030893387669442,-0.027121454397312367
2007-06-29,0.002816922410765248,0.0025022989959606933,0.002689637037316269,0.0021929915062870045,0.0006333795656558278,-0.0010704236195833814,-0.002260454175067822,-0.006470084790927581,-0.0082245420635906,-0.010564924243089704,-0.017078219465104818,-0.02143683089538389,-0.026693399691570394
2007-07-31,0.0027054798036685286,0.002712408396360994,0.0032954886718175387,0.005747613083164572,0.0064257272143368556,0.008121436650471978,0.0102777152958968,0.013714591657301498,0.014389509353184613,0.015326194753969603,0.022662354457590527,0.02372982972688182,0.030854666171087033
2007-08-31,0.0032237270787733143,0.003697021311466075,0.004818689858885488,0.008099292440868159,0.010373406923136584,0.011134503034523242,0.012495994519073312,0.013638399572987866,0.013183236382880919,0.014078199737265653,0.009758368242516944,0.0038253105051906967,0.004778049329283325
2007-09-28,0.002568258537647633,0.002953419329053027,0.003024879610190087,0.0030578019989387565,0.0034936398843941124,0.0035454833155983095,0.0029841036924908824,0.0026853487215459985,0.0009876308027099768,-0.001885071710180632,-0.0016345206184775688,-0.0010857087532427337,-0.004488792078532411
2007-10-31,0.0030821823281573803,0.0027461121105487483,0.002775458907799165,0.0030557242068378777,0.0032755516790722115,0.0039018662185643605,0.004618787497975561,0.006787283322640826,0.008706123844900611,0.009636071758805565,0.011371661641397069,0.01280799547907895,0.015876493588301274
2007-11-30,0.002805204500096825,0.0033047311241912315,0.0036212012348546345,0.006933783282179717,0.009215081279824655,0.009541904546125503,0.010629242356268295,0.011187710202007333,0.01114735596372895,0.007115407139572951,0.0070396951746408785,-0.001998074480872609,-0.008769959095950028
2007-12-31,0.0030205195743701653,0.0031335762942840315,0.0035781455047482857,0.0011530819682432707,-0.0017631044374815238,-0.0023297097352217465,-0.003670124686877805,-0.004867665246508357,-0.006877089484908569,-0.009458219115124672,-0.007738205135734176,-0.004668867707429267,-0.002406753735990464
2008-01-31,0.0027449844218732644,0.0033282487853206616,0.005250994290380909,0.013991771987324928,0.01920702587783069,0.022589938523932842,0.024369015131630794,0.029836298787835964,0.03176368998051186,0.03152050558493687,0.03385357240393783,0.030064385622682172,0.02473899737521
2008-02-29,0.0028694140382574044,0.002728761835069331,0.002579636007915745,0.00664522993625383,0.007379449307529775,0.007137172808995719,0.008088891033179654,0.007916746698935518,0.006471664317242412,0.002165537446817089,-0.0038945753519646496,-0.007858566915572344,-0.008781177182163901
2008-03-31,0.0020843489510101432,0.00026216337367397814,-0.0036597531792835576,-0.004646978101964239,-0.0070507949225375,-0.008373558691629271,-0.010429916244850037,-0.008799469618677145,-0.0057940058262397785,-0.0038318877685504108,0.0001098153716037452,-0.0029852735655401677,0.00018281355292702696
2008-04-30,0.003622192855277496,0.005465414456327387,0.005846987670116231,-0.0017949258727188065,-0.00418109964765563,-0.0051970720211440636,-0.004557539008762273,-0.00803107405194153,-0.009421181222452654,-0.008621620888852368,-0.007829297817594083,-0.008085501358224388,-0.005397515042818235
2008-05-30,0.0031075417211332257,0.001983633238918326,0.0009043970075738342,-0.0047419038046258135,-0.008608365648111379,-0.01150461589387988,-0.015084456549929737,-0.018933139273161915,-0.01803321343487997,-0.017806097297245038,-0.023703613737671873,-0.021368247383460708,-0.026932605199260704
2008-06-30,0.002957474889274991,0.001981695709094946,0.0006739529285577378,-0.004022114634544437,-0.009211074681500451,-0.012057160146167699,-0.014872170965219398,-0.01988224595570622,-0.02397814851604915,-0.01980910184898009,-0.02523314584459522,-0.02555597164358415,-0.024820758243368088
2008-07-31,0.00284170012267906,0.0035012351543822753,0.005449186428710854,0.01065462865786806,0.014932354314272372,0.01805520352164493,0.019817935658173472,0.02288754323836469,0.025299764235489245,0.025322129592240842,0.031720241171218216,0.036656902607439035,0.04220832677884418
2008-08-29,0.003137947077532976,0.0031140073315318946,0.0034973391077892965,0.006076607554506381,0.00738464394839847,0.008665007654849387,0.009478493347793191,0.009492993323960346,0.011134278350810623,0.010583454280459302,0.016569956625334004,0.016120298739258094,0.016829210783322477
2008-09-30,0.004133387709483179,0.007866664055598185,0.007937205271404527,0.010780327076401391,0.010819516188352998,0.010514120904085695,0.007631023899480577,0.00488398474608012,0.0030157704699434974,-0.0020407961219881822,-0.006656664625005137,-0.010826048565013738,-0.016021351389937582
2008-10-31,0.004580704085964992,0.003106174328006197,0.010490914678336266,0.01230893619516984,0.012967641005465649,0.014063824032807239,0.012490262782608402,0.005517146810894508,-0.0032085867901534854,-0.015161249858827252,-0.019649497154723986,-0.027057314792698073,-0.003115771537163706
2008-11-28,0.0021267065917771662,0.0037241351536018243,0.004953374907007453,0.007501759562820518,0.011684726305305704,0.009651692350806026,0.02243994037699507,0.03450811854368956,0.04150551218855916,0.060455596912106106,0.05429605601189678,0.05477351075446609,0.04220556544924112
2008-12-31,0.0024522538519557604,0.005377143975265915,0.004144971038029401,0.006383934428654557,0.004316293550129688,0.010962013503895054,0.013541135637964417,0.015261994020508589,0.014124240194401368,0.01004740938545912,-0.00019848806770271057,-0.007356674138657627,-0.0008750745609476467
2009-01-30,0.0026345801862088947,0.0013974354759106963,0.007247525316173726,0.01573948788106258,0.01882706688473738,0.014895467262926043,0.007376134793750377,-0.0008486028961250154,-0.0014088026805782838,-0.022070619609086097,-0.020680298510733764,-0.016742078060111146,-0.02623113107164015
2009-02-27,0.00014324206195057552,0.0017059976395065,0.0019225336548593008,0.006012107577563935,0.005196368024024064,0.0029350623504465134,-0.0018213789661475647,0.013979397634529373,0.005196835201412056,0.006444218946767976,-0.004393450562202865,0.0030236907604602845,-0.004776033236185402
2009-03-31,0.0007841734786837052,0.0012031926500475597,0.0012440306000303797,0.006394294174509726,0.011174388917795848,0.013181498448692364,0.019128391428333256,0.023923692690387407,0.027250977358014405,0.02700214992683184,0.037646759247683514,0.01923048525017585,0.008095371639235485
2009-04-30,0.0008615024730052122,0.0012476577295029074,0.000519414750497804,0.004092307781643713,0.006034860498995917,0.007643484101381886,0.008001515057995977,0.006796760092002881,0.008965289007992872,0.013017827067668287,0.02128070742307944,0.027930463068539687,0.04157659050764604
2009-05-29,0.0006963808053543956,0.0012474808236982726,0.0015870574018557006,0.004327905114269086,0.0019672087104942097,-0.002889004401840452,-0.00598945154455645,-0.028878721216295748,-0.019280127567950174,-0.012691006321363454,-0.025405544898894267,-0.020204781052662046,-0.0341248262850806
2009-06-30,0.002215634314973587,0.002442135825432307,0.00202523168870838,0.0032839015976502007,0.006412606986375703,0.008352695252185021,0.006733615208202041,0.020667989761851625,0.008768123940134893,0.00756762954764027,0.013671234825521753,0.012456804304379019,0.007798118140801206
2009-07-31,-0.0007469796370634903,-0.000329963816854398,0.0019621910682770497,0.0003409446931776489,0.003584178659778458,0.01209928027438402,0.01828644693895724,0.015399170121959647,0.02168541966690099,0.02599025214480048,0.035668958844567514,0.03901790750513304,0.045361126680430165
2009-08-31,0.0004100416400176581,0.0006590863320529046,0.0006519466923263968,0.0004209198836509705,0.0009789517656156835,0.001076775937258078,0.0012756353766557383,0.005183963603813915,0.009254235260903685,0.01022569084084809,0.015709304369952985,0.015397314773801057,0.023130626205460886
2009-09-30,0.00021625766199676944,0.00036076733089000014,0.00034522994732325593,0.00437947912255114,0.0088926703321318,0.008535381665809185,0.007735435844043922,0.005340541419964459,0.003137553072906088,0.008298975591821944,0.011064561305264864,0.020017421515123018,0.029563768302592407
2009-10-30,0.00025443110630800055,0.00023617287518907878,-5.2126489947995236e-05,0.000855470231957924,0.0015303218218925602,0.004636526290339736,0.005356319556344091,0.0022970387297383704,0.0021094699582370853,-0.0014746534614767707,-0.014118155899837363,-0.002639272489777353,-0.01206448883428709
2009-11-30,0.00040805357344799646,0.0003565198355974691,-5.587999104684088e-05,0.0009104269502170144,0.0025780991096456844,0.004285375324954388,0.005215970584874407,0.0030386703626586803,0.0071317951505085,0.007970519738810581,0.012078911247232644,0.015425967536050552,0.016375392915604196
2009-12-31,0.0007107718079036407,0.000786794505529288,0.0015405446151831768,0.0014339331807369526,0.0004102879393179723,-0.000112793859312707,-0.0019111260434455887,-0.002273196684110597,-0.004114147606254354,-0.0067338435465163216,-0.0009406074476888051,-0.0025640357943653787,0.0044244187015854974
2010-01-29,0.0003051057044981541,-3.2543715250080195e-05,-0.0008636068410410282,-0.005345988271920464,-0.0060752031759122825,-0.012771457584207837,-0.00864322355714571,-0.0004962325681441631,-2.059152877149017e-05,0.0055710338518783495,-0.002907347341002143,-0.0012352480135981747,-0.002893038547644491
2010-02-26,0.0006326991539342737,0.0011881404893476443,0.002399652373906656,0.010434547114423829,0.01336811585834123,0.013037029265110037,0.011342765095993705,0.017044819705191706,0.014193534396216428,0.013086000108011175,0.011866951791734009,0.00877149390629781,0.008866165322272872
2010-03-31,0.00046152377989554667,0.0006714158449138451,0.0007844607788001567,0.0027318425563171113,0.005696936544453916,0.008036758555032586,0.009282277079287967,0.004441013909478294,0.0023297030759472323,0.004490524103093243,0.016042716765433195,0.015697094816175365,0.011414187907807292
2010-04-30,9.329980025418464e-05,-0.0003813843860462671,-0.0012827473495426618,-0.0049465574434872945,-0.005246613155682809,-0.004186489568799254,-0.0022374577044347965,-0.00476182704800675,-0.005805105237230202,0.000504104944807913,-0.007096212859734805,-0.01324955454652345,-0.007246730375665593
2010-05-31,0.00015563191571592552,-0.00022484948778826865,-0.0003534556424022902,-0.004582926807044296,-0.0045244136384312225,-0.005231509944478419,-0.005700105747853451,-0.01133368223359515,-0.00878913790996338,-0.007053159087000662,-0.00799174957267782,-0.013680304512777882,-0.017669708968074082
2010-06-30,0.0007280922091830973,0.0011655203900500604,0.0008517152474038434,-0.0004639781864744438,-0.0035176670901776435,0.0012808753864694076,0.0015845685927741997,-0.0033065033730395725,0.0006963136583483959,0.007440917458522798,0.0005766174888263231,-0.002868216925821158,-0.002307689251745673
2010-07-30,0.0007107258710663831,0.0009052114194388468,0.0001489982361099777,0.008390368773419006,0.011195447546149479,0.015620933184185587,0.013589570954024148,0.02436212543787437,0.02041132240952366,0.014818969995261371,0.023138375686029503,0.03203575978071121,0.023177742842228514
2010-08-31,0.0010413517006269198,0.0008546899889083142,0.0018194581938425463,0.0015047129578468462,0.0012253620235701396,0.004839655307866127,0.005936372135508636,0.0022299754316513812,0.005905013336428511,0.013782113773809543,0.022325909791209044,0.03486730394809631,0.05358085090534517
2010-09-30,3.286960627806427e-05,0.00019654908091789044,-0.0016024551015644173,-0.0016572976422137796,-0.002871171362074539,-0.005832926301913612,-0.004838953869441084,-0.0014243981461758873,-0.00346535477953413,-0.0011839283362189653,-0.012117155807697852,-0.013013937542444615,-0.018137502897050895
2010-10-29,0.00038609370112350296,0.0004374835515506613,0.0011997290171906166,-0.00036123714421559003,-0.0013336197458851688,0.0017474848579646144,0.0008698446405181172,0.0015598121143831187,0.0012959178875293126,-0.0019379874611866737,-0.00045347326511535504,0.001994511189411502,-0.00017969650135515525
2010-11-30,0.00021229945075400985,-0.0021609927086722407,-0.008402130898995205,-0.015941319194154636,-0.022619373691779295,-0.029764734787957544,-0.03635947038471963,-0.04421974296275855,-0.04466885519999006,-0.05185279542926708,-0.054400021902718206,-0.06590840673316571,-0.07498872609618921
2010-12-31,0.0014284703158388666,0.00301562384720734,0.008907752244487236,0.004398533032468906,0.002351552500780348,0.0020168897878261012,-0.0028521369237163607,-0.005195453727849786,-0.004708234204865796,-0.007672615208472178,0.004442114926978644,-0.000461539663304203,-0.006378272347715275
2011-01-31,0.0016001605787650897,0.0028048656294432884,0.0019571823695197573,0.007886503698035953,0.006322048760997346,0.005163505320121797,0.005449148459785762,0.009646365168726724,0.009550568711584844,0.011176030909869586,-0.00030930893735610463,0.0017604510381999557,0.0009402273587282854
2011-02-28,0.0008003663430510476,0.0010989594270397586,0.0013532467969454847,0.0035966587734597134,0.0017317168882589327,0.0004988401169951967,4.0794789739584705e-05,-0.0010557030832383568,-0.0017388922178724845,-0.0053791991766158126,-0.012248506082549012,-0.008831893742219415,-0.010402303218712652
2011-03-31,0.000506444773725974,0.0007229072665899896,0.001615346920435245,0.0020242653657572803,0.004274609656051347,0.003925048267516961,0.003950267154829184,0.004143772604448982,0.005493032267921001,0.005511455075816429,0.0009270435701604538,0.002972982262812026,-0.006681745166291331
2011-04-29,0.00033550923085184383,7.164377782523756e-05,-0.0007863415744469253,-0.007454451566612783,-0.004888551675108532,-0.006031651995334978,-0.0022841421903573504,0.0060375181191741015,0.006666858929376131,0.011020340048735273,0.016141310251395022,0.017818076814704337,0.019550633375110555
2011-05-31,0.0009086625015135806,0.001673320047515539,0.0013018285421301744,0.002798513614896366,0.0017145629719921317,0.002505040941394046,0.0035472017379103702,-0.0016179803044221697,0.00431425282022892,3.521750844128104e-05,0.012654951739163941,0.012838815000139366,0.009340138235736001
2011-06-30,0.00045540214512672833,-0.00012321312503186737,0.0002104465074908154,0.0008281251279143718,-0.0002780075465070611,-0.0013257542945415803,-0.0022599992485142733,-0.0024663753767585855,-0.002911575821052532,-0.003928360581213646,-0.00655460521711373,-0.011992668302085441,-0.014837534986278312
2011-07-29,0.0007525910883113002,-0.0001675126443421355,-0.0036584778455824385,-0.019423647704093935,-0.030960552200998172,-0.038139160633925154,-0.043790492591758504,-0.05615686337286313,-0.061217693936780615,-0.06603154313341152,-0.07981293595269227,-0.0750551038308282,-0.07752098761563428
2011-08-31,0.0025015007962269522,0.0016735240967692528,0.003321872280617132,0.02020827502985676,0.03278816311515535,0.0398799217844797,0.04778809870200559,0.06333183427691255,0.06656376756743998,0.06301906756686783,0.03683147370696273,0.015155334990046542,0.025225121426521117
2011-09-30,0.00023378625346211267,0.000540434050188523,-0.0029378097921873305,-0.012169633686385758,-0.017933374860034736,-0.019742749857686114,-0.03541346247731218,-0.03986083672514901,-0.04256985699741846,-0.025541142349221675,-0.036603518213950054,-0.03603252881431845,-0.03149446929390475
2011-10-31,-0.0005545921119821308,-0.003048385887783171,-0.006637576472139042,-0.009830003632796947,-0.019456923727287103,-0.026973005686646526,-0.022986855380428356,-0.03138259434591952,-0.033481558696658274,-0.03538747796649679,-0.022824365948240662,-0.02083432341048459,-0.03057851637092628
2011-11-30,-0.002194084932513319,-0.0044854160901202315,-0.008449438594968295,-0.029416436897388782,-0.04192544134320245,-0.053410973388131076,-0.0593032253790184,-0.06947663557264375,-0.06745280215482444,-0.05782982124500799,-0.058113874298092415,-0.0931207678472322,-0.028884137407849925
2011-12-30,0.007933335899742756,0.014887212869529588,0.02247634068868243,0.039051285148528826,0.04789476884300625,0.06568645131268122,0.06387500835550718,0.06129583266708895,0.06225887291691585,-0.00042231472668998225,0.03632467576567677,0.058555018062623185,0.0353066789951007
2012-01-31,0.004270037559500188,0.007609561002181829,0.01458579251039627,0.03401154331451814,0.05058330214204182,0.06042171846982562,0.07008230896501343,0.07199616492071188,0.0684331690797192,0.09576950846050042,0.08259002229749726,0.08002848079392343,0.043438961144917715
2012-02-29,0.002767104548787088,0.005421470153278671,0.01132700224658763,0.02920940656544329,0.03889954962238786,0.040790908593815754,0.04748625499221832,0.060102117996309753,0.05671978075068051,0.06573612524045505,0.07558451374691172,0.09699171096819814,0.12234334144467843
2012-03-30,0.0002496230466959767,0.00029593844322778264,-0.003764241995803595,-0.012576807486406227,-0.010871255411522543,-0.016459958732197747,-0.019824133709984076,-0.0018216526577169026,0.005646416516574683,0.00978814049212328,0.01222898594981282,0.004185922452328821,-0.012417885985440698
2012-04-30,0.00010655006187867544,-0.0012951860450248597,-0.0023765163688257603,-0.0012655202535501336,-0.004922125891733599,-0.006823517442914632,-0.010740725791326415,-0.020910259021394064,-0.022795281195452877,-0.0252271385983821,-0.022645461565789435,-0.024688745613040096,-0.01341789525636085
2012-05-31,-0.0016971768731142256,-0.0037301706157386047,-0.009417619301877544,-0.02098039117472922,-0.02970292040111635,-0.033293911523885326,-0.032558242075326656,-0.035267758550903326,-0.03273779262050742,-0.023470225421366116,-0.03222441801037587,-0.018276686650846474,-0.02291189504197998
2012-06-29,0.0009310420426528784,0.0004588317227077963,0.0031313561334722173,0.02097984233451933,0.023879131822706363,0.023784070147269357,0.019254303864705537,0.024828131322897993,0.02043256615857751,0.010470177750476026,0.01707243868979989,0.008186538849155213,-0.0001557352678386925
2012-07-31,0.004253791189351429,0.005258807798956131,0.008693465672838576,-0.006572875858817957,-0.011755991176748854,-0.01688194824837316,-0.00949271859873945,-0.015559867911310843,-0.015771110995329844,-0.014484148109931394,-0.021286514542918973,-0.028945409762796716,-0.04053529957870709
2012-08-31,3.92964260708093e-05,0.0033403872275605995,0.006079552634372415,0.026287151345211996,0.033885639264648264,0.03313640929712142,0.035577577957683196,0.03414969366494893,0.02892448674561321,0.022695096877910378,0.035180183606009024,0.054661156835372635,0.06273498686506625
2012-09-28,0.00038976382785147005,0.00140046643819802,0.005162106178833865,0.01059893110277305,0.023391437149981476,0.03406300440298702,0.040595280528276656,0.05526154397506804,0.05882122713177425,0.06502122667269207,0.06390665256169592,0.05168224328380002,0.06647035654453434
2012-10-31,0.0010075221981533083,0.0019681438123540246,0.0031586437637307818,0.003470961817423918,0.00649593858592872,0.012503645048593304,0.01388480481288345,0.016794697629100994,0.025246595949003817,0.014452457828203884,0.03757431362428128,0.029378912246984974,0.042394704920605944
2012-11-30,0.0003444823729621865,0.0021949518430613166,0.0021155187507937373,0.007830551325111295,0.014350294725981544,0.01929391099420756,0.019682777732824015,0.028468200717329847,0.029680362990225313,0.0414796103618607,0.04803020892412169,0.058310078179097516,0.06252451086586436
2012-12-31,0.00019138030190237907,0.00024201041306124693,0.0025076826151234103,0.0009965700571415979,0.0019625625241581576,0.006321925943831529,0.006666897972375622,0.0032778458531578015,0.0034366357856287734,0.003752513148295761,0.008442683877258461,0.016877510663754394,0.024755454984425277
2013-01-31,0.0005277659421565733,0.00169329340018867,0.0033895949064931853,0.008493612383747115,0.0061841958394320586,0.009119088919016442,0.012000809042432028,0.019267063937494534,0.01776602916193006,0.018684907125039372,0.023686076877279052,0.026910912483001294,0.016448016580338832
2013-02-28,-1.4876787245152259e-05,-6.47636444399747e-05,-0.0012228315771097326,-0.004273864386614942,-0.008388246619203359,-0.011530421802729658,-0.014490565819107903,-0.021506940478772815,-0.01854123691862249,-0.02898541571020499,-0.029791051445695004,-0.03854053132870041,-0.04525798609826758
2013-03-29,0.0002845443676905861,0.0009149842511582811,0.0016756101314625276,0.0017025752692229408,0.00178100814150079,0.0021417506460620697,0.0010273084467834707,0.0012368214570075626,0.0026528634269305735,0.0015940173219436717,0.008918647535367691,0.009722422153607973,0.015370810122171242
2013-04-30,0.0005419879288092148,0.002132347956572169,0.005786395766509689,0.017384232248572065,0.026868025864635662,0.03417979841462431,0.04438755210670384,0.05816280605980796,0.05640780938092847,0.07804304805502266,0.08416500512374603,0.08981559852895458,0.09099873651130495
2013-05-31,0.0001790052882155472,-0.0002371365737695134,-0.0009244115417480019,-0.005715798430624404,-0.006895184141490752,-0.020590281051834507,-0.01634250694212411,-0.022258466464009023,-0.01691907147164255,-0.017979621247595733,-0.038985542391772474,-0.004414416384491365,-0.015581653330885339
2013-06-28,-0.00033549810281972934,-0.0003692066602509638,-0.0029693039267563006,-0.00790791161073177,-0.009577948281831752,-0.013701362833615472,-0.016070589062700157,-0.02243246765287714,-0.02196791188411996,-0.026735004063538965,-0.033951850716873656,-0.03550068624930652,-0.026529746212761843
2013-07-31,0.0005680815210607842,0.0009294937683930296,0.002542698078928935,0.008664218864926904,0.007630624810866243,0.011930064130530502,0.01269171447742612,0.01521428693512947,0.016664546730090633,0.014854385003062312,0.013006630263454107,0.009626381811859713,0.0009350929311866908
2013-08-30,0.00034604421337519213,0.00032909852988501927,-0.00038286371930382673,-0.006328075993349674,0.0013072031426065527,0.0023065689167311725,0.0015052853238002042,0.003609670702062546,0.00433299419563679,0.00399795114649297,0.0017705034346392479,0.0019155875871757276,-0.0016018496790550071
2013-09-30,0.00027532869574976236,0.000679381179190193,0.001221756331058175,0.003145396270885709,0.003486531758407263,0.002860322963763614,0.004096288869449621,0.00022538151087682568,-0.015559381059382763,0.0012124540754198244,-0.002084837302389962,-0.0046184479693762385,-0.0003493633939493305
2013-10-31,0.00047255620200606976,0.0014359575798260338,0.004219758806789164,0.010063552138205513,0.007178075120665597,0.01694530774782266,0.019027342951806286,0.03222454224224456,0.03497631864865607,0.02817458136098266,0.04086667915502421,0.04372786293202817,0.04024247634621055
2013-11-29,0.0003236803886161189,0.00047470456604855704,0.0004372187987340138,0.006024420721885673,0.011282709895753888,0.01308875681056534,0.01522295437216107,0.013591075662621802,0.00942763997586977,0.009392703956294757,0.010415739684216288,0.009283166675044892,0.003869289281395385
2013-12-31,-0.00012768114545789024,-0.00041331213676459335,-0.0011288039284014983,-0.00039561501769211436,-0.000764533173059217,-0.0004516159575507303,-0.00285704482394183,-0.0009892591729212669,0.0010316472852511293,-0.0021513698830286474,0.0012535110338140728,0.0035829187403062382,0.013799768362543676
2014-01-31,0.0009864424430548592,0.0014368779272914537,0.002681002424534683,0.007321070384928032,0.01163426000396046,0.014946023265425915,0.022545708408718477,0.024795136302955365,0.02618506354659217,0.033191337514012195,0.03682344664455646,0.048926605007389386,0.046305307511702476
2014-02-28,0.00033723836516326856,0.0007817888303005782,0.0014125981021697223,0.0035271373625449507,0.006393047124795636,0.010683539753083886,0.013038153235676723,0.016796223190993793,0.02309340930093948,0.027487188498407925,0.026884538400646817,0.02963696505026316,0.03246225749459045
2014-03-31,-9.809022023531815e-05,0.00020298875057582814,0.00016090476879983208,-0.00037462208588603425,0.007301244299348741,0.007580005145610128,0.007177251845243697,0.001211862284589518,0.00479489686951934,0.018709132465204163,0.02410878431178827,0.029637539695932764,0.030607981676174102
2014-04-30,0.00012484368255854625,0.00038252750614442554,0.00040406422592798513,0.0012066583865766713,0.0018877094021864892,0.007353615087434049,0.00913525120760726,0.01589034266238947,0.02016377600939299,0.02202653698615166,0.021853701174450287,0.028182359880763237,0.029018380640242123
2014-05-30,0.0006428062574281285,0.0003991597185659354,0.0003077969217805235,0.001621858944997937,-0.0010036595586966819,0.0036389815311585584,0.006137333432007798,0.006703791940060242,0.010054008777328734,0.01144561382324264,0.01646305460734748,0.013091529207560258,0.008716925076632602
2014-06-30,0.0002306856874583134,0.0011413931574771419,0.0026015079319012904,0.0037764748413932213,0.008388801843117324,0.008357462539168633,0.016980263073628994,0.02232731865251746,0.02109855828694243,0.012541188222955765,0.022601350500565272,0.013956082210588559,0.027235938889781267
2014-07-31,0.0002040926252761059,0.00037707777547489585,0.000374368604664796,0.0027455708184452136,0.003464238280754135,0.006101567273373208,0.006800507739674653,0.01154498076752274,0.012373089218001175,0.015501957585497304,0.015059637016697778,0.01570386444787229,0.021812495180422817
2014-08-29,3.4155327477042256e-05,0.0004513185418460392,0.001024629273296913,0.0025359468047680372,0.004288944047054659,0.0067430221169162575,0.005133909788742714,0.015186359287920663,0.00803188509436751,0.025204919460603634,0.024120321307919086,0.04116615727653363,0.048406470552505534
2014-09-30,5.747428524722808e-05,7.994531531301647e-05,0.0001956227206583172,0.00034099561113161794,0.0023325092246574116,0.0037636365715022035,0.007097531065878205,0.00819784619804151,0.008574347517947445,0.01112579796614168,0.012145411701644359,0.014035167363955303,0.0022538025499669687
2014-10-31,2.3330562685972806e-05,-0.00041390973646007924,-0.0010009956363876693,-0.0060590883838835515,-0.008603309415437984,-0.007924962546383241,-0.005797940740649421,-0.013670113703266332,-0.0016712989514975523,0.0006045170039993742,-0.0037397551707264737,-0.011374754280872033,-0.013851504889935877
2014-11-28,0.00014990611135951349,0.0005826612537099702,0.000954291561574691,0.004610508623612839,0.006449141743154942,0.007515272896832067,0.010937874076639665,0.020530204587075614,0.025130486411273353,0.03044619603189217,0.03789595155133138,0.04642757896175089,0.05808110443324863
2014-12-31,0.00012492780857998212,-0.00032315318226529114,-0.0003028858448414365,-0.00048961413608144,3.7900151801618753e-05,0.0011950059965676856,0.0009849073505260493,0.006316381383203964,0.00860501396601913,0.014738892504354163,0.021423779350646523,0.02412783214144427,0.04580162950950682
2015-01-30,0.0002608109461279634,0.0012664000818321279,0.0019821724911220093,0.003771420913729835,0.005442172506021644,0.007545107334485363,0.009011217903623981,0.015923904737788288,0.019454170997250327,0.02901651353141925,0.06670177580750036,0.08473550681574905,0.13486866178436457
2015-02-27,1.666447264709657e-05,0.0004774173770325733,0.000829786010799191,0.0033069922747285397,0.006898834952626894,0.01065266056718448,0.01043068474714206,0.019151976873188994,0.018737428340595257,0.026000442687476494,0.046020425349672954,0.06167573691940674,0.07611963184103117
2015-03-31,5.999697843220257e-05,0.00020414064404928982,0.0007585479226116836,0.0003219969666497173,0.00129395255115361,0.0007890041467730466,0.0020829786934211513,0.0013833111598082122,0.0053222333440991094,0.009419686558402857,0.022310365072790085,0.03373947243675456,0.057250525179304616
2015-04-30,1.4999350043943269e-05,6.74897621555734e-05,-0.0001466007502109688,0.0007172693133167087,0.0002761486820823587,-0.0004633911376048051,-0.0028266928280223365,-0.009794560792630925,-0.015503999772390356,-0.02226477644408656,-0.04296010510920385,-0.053855335111079525,-0.08589821723821803
2015-05-29,2.0833335083780932e-05,4.832697888166886e-05,0.00015248207323497622,0.0005592739685671318,-0.0033402719380932126,-0.0033822283376839187,-0.013013372781375489,-0.018722648777309194,-0.0233538682466181,-0.02969925833075106,-0.0420293721439542,-0.051073232544731076,-0.06622390654893398
2015-06-30,4.166696180741693e-06,-0.00024314577732643575,-0.001048022638402385,-0.005484396660662641,-0.007063585438937707,-0.016349752644530174,-0.015691380574871946,-0.023759979043555778,-0.028876049170008616,-0.04024341521481006,-0.05332782194434416,-0.07273549433841399,-0.07368473073115353
2015-07-31,2.5836263135143108e-05,0.00037670584177666884,0.001266614308431915,0.006881319483298271,0.010898045673502207,0.01726904108477656,0.02349881316345748,0.0365286370906381,0.04124921885838349,0.0542642044605605,0.07503259855824297,0.09712698680659379,0.10207191909100136
2015-08-31,4.5850034548234746e-05,-5.415066702580554e-05,-0.00024069841402839313,-0.0016549428235384956,-0.002540128838333305,-0.0038914561674725317,-0.005607038873744008,-0.009395369764184263,-0.012670414745090395,-0.01541965303300047,-0.02316321102273372,-0.02412274011498267,-0.02557658170424022
2015-09-30,-8.751087651915699e-05,2.2496338085989695e-05,0.0001033099027742784,0.0013080410907858363,0.002991267863366396,0.005920575056669865,0.008942406590310046,0.01450041783083635,0.020230836613514304,0.023393940288618683,0.030258960849235204,0.03614829535259724,0.028974301530842936
2015-10-30,5.9197923594217086e-05,0.0002867575654048224,0.000501032560499042,0.001912007558666822,0.0045576768081964925,0.008497298209213088,0.01288080259959118,0.011380143857923762,0.019677532708281296,0.024129346090380387,0.03391393982889649,0.04192522440287435,0.05588443149853769
2015-11-30,2.8368132377880095e-05,0.0003319698296235112,0.000605630798046865,0.0012204111946726257,0.0019544517432613763,0.004101271242349608,0.006765316717919663,0.011515387526583529,0.013203442372034118,0.007053346933371038,0.014155893210386268,0.01204289025087535,0.004627214848982992
2015-12-31,-0.0001975729590045711,-0.0004049761553832857,-0.0004408459054780662,7.503815549351923e-05,-0.0003717171533214544,-0.00342647438970633,-0.006217018612108075,-0.0077911995774984436,-0.01036961826488657,-0.014945919700884516,-0.014599638247162306,-0.018117642703686432,-0.022226581347768365
2016-01-29,1.8359560237604417e-05,0.0001876251925494836,0.0001801187830834412,-0.00023585715063492818,0.0022670959045057244,0.002606095824793241,0.00456062740145203,0.014029981063244547,0.015293350208435405,0.01816496403069928,0.022006925235348394,0.02842627420747859,0.024716042613752976
2016-02-29,-5.336180420317904e-05,-0.00016754019846059189,-0.0002975242662576223,0.00019510311001052046,-0.00036388304644592286,0.00032997359810586535,0.0013218125208012384,-3.5466994574373856e-05,0.0008311896332484636,0.00043442522489008377,0.002829705120460607,0.0058292544076196315,0.01777657798420945
2016-03-31,-5.503149229124594e-05,2.335047509752807e-05,0.00032109828005692445,-0.00027418214340126513,0.00037578780199647545,0.003497259331624117,0.006255795934682661,0.013760511030020099,0.016191258580995432,0.020183594532160308,0.02745054109593715,0.03202203970012624,0.035653907611653185
2016-04-29,-7.589300501828447e-05,0.0004014406210590376,0.00022524866140028862,0.0003886193221559479,-7.16306875453307e-05,-0.0023542006126222436,-0.0052493348480626666,-0.019126446564170358,-0.02866950752128605,-0.023277621912188694,-0.029905746321620342,-0.03698566774340753,-0.05008974119565096
2016-05-31,-0.00020275111701882986,8.352837553928458e-05,0.00042907268986175763,0.0007745157626920873,0.001215391059449609,0.0033233939889088316,0.0049707355918089564,0.00915182404726787,0.012353709959009807,0.01361721408723422,0.015363573115722968,0.013368818927851278,0.02183246610538644
2016-06-30,-0.00022028185331636694,-0.00031448771691597744,0.00023552360853426374,0.0004324380328945565,0.0005388719312740401,0.001141339941352988,0.00034389279158034554,0.011964436779824759,0.011835513021629423,0.010278047763701456,0.03628205752169655,0.03550741123668705,0.05837472739518473
2016-07-29,-0.0002920114075690091,-0.00033360982206132197,-0.00031198923079176426,-0.001065923226394412,-0.0014011943694320617,-0.0006798344718334728,0.00043982235232705683,0.0023836718517412994,0.005734070584789071,0.009390521254847146,-0.0004575210024386301,0.01735858622580126,0.025214905607934792
2016-08-31,-3.3304706972539116e-05,7.266667086656564e-05,0.0001879893459999786,0.0005299549524762333,0.0007371772495725058,0.0017229353450739242,0.00219687180417836,0.00406143691654569,0.004459311680088691,0.003215517879700246,0.006485920463565882,0.006697786647746365,-0.0032173059583328932
2016-09-30,-0.00023205326723093364,-6.75371649463309e-05,-8.199199981333158e-06,0.0004475093721059116,-0.00033413475304639123,0.00019983755667651946,-0.00047508397584467417,-0.000858567436421752,-0.0004889144216947357,-0.0030533909921551155,-0.00365459623223395,-0.00578808389563483,-0.008967238017783088
2016-10-31,-0.0004465113707580638,-0.0002886677272134077,-0.0006573317089721641,-0.0022753187543373362,-0.00470349687877738,-0.01257073727383728,-0.018094872763590623,-0.030509816636826705,-0.035692641861173977,-0.04124140321778621,-0.05627803129723682,-0.07027532540996369,-0.08912926923456828
2016-11-30,-0.00029374352994743946,-0.0004787022982755409,-0.00034032752981952725,-0.0009937244497480152,-0.004613183411725075,-0.007808499633211972,-0.010956851937428236,-0.020063420533854463,-0.02491739366334197,-0.027272126717604133,-0.03568264520522869,-0.040294167353728615,-0.05690807655303888
2016-12-30,1.3528493768521375e-05,0.0002605799514666454,0.0009262452619208315,0.0045912321864302165,0.011522990214736503,0.014388830133555663,0.014727971096738365,0.016189260823176416,0.01846242088720766,0.017413286480719863,0.02193999517065119,0.025022046751601214,0.02318726425913925
2017-01-31,-0.0005451011637613002,-0.00033456614391218155,-0.0005215894288712237,-0.0043363177249653075,-0.009493241430070076,-0.01065991487944781,-0.014997256295738918,-0.02173644006224041,-0.028453817948418024,-0.03713119597349312,-0.0509956920400197,-0.06010931147146195,-0.06707063432462416
2017-02-28,-0.0002370660898959411,2.8490304880877983e-05,-0.00014678997897785517,0.0010283018661728697,-0.001980392874738525,0.0022512025709378217,0.0055904434163379845,0.005674271692107175,0.006984262651736252,0.017696345827835903,0.02292092936450721,0.028965335548510624,0.02767535700807772
2017-03-31,-0.00042901330980536805,-0.0003529782636812312,-0.0003638291679540099,0.00027515552948135136,0.00016774925602033123,-0.0005410627072876301,-0.01252959285793985,-0.000613634510573679,-0.0022731923057770654,-0.01849133271791565,-0.011956024644915332,-0.01764117267276991,-0.015166722033659923
2017-04-28,-0.00022785658256945258,-3.3285097470238936e-05,0.00031106958323553487,0.0008771810383795523,0.002817145984578465,0.0029339021498021385,0.003741722917066613,-0.012427417534676116,-0.004112571955249698,0.0050958757405390595,-0.023761105157062947,-0.0029206475495748173,-0.009236408975137559
2017-05-31,-0.0002938212853326268,-0.00027041406301576287,-1.1415500618924702e-05,0.0015698500386518712,0.003977232256035104,0.0029226021566310626,0.006931969428487335,0.008486399166300186,0.008054648894715957,0.008912616867563145,0.0071639687305254185,0.007679131371338355,0.006719351792643401
2017-06-30,-0.0002771386535748669,-0.00014267830556603892,0.00018764664638478662,-0.001189929335634363,-0.003370595105811707,-0.004607859643913963,0.003554743063848477,0.0036147201258036514,0.00215747651576888,0.0058245254986376,-0.0007968274332274232,-0.0015744365097804052,0.007857577341428845
2017-07-31,-0.00024377159705483309,-0.000349754714630649,-0.000598674570425644,0.0016996165675121167,0.0021867718468532088,0.0030087540699545554,0.004721169483112143,0.008206804845704104,0.008224592017146218,0.007503215114078922,0.012358108759223007,0.013679592316192273,0.01657900513922366
2017-08-31,-0.00035735985122653546,-0.0003580820206458794,-0.0004257630280099238,-0.000493307585809962,0.0016362020528396723,0.00287893078990558,0.0036910172474309798,0.003577202948924789,0.004150886502386694,0.006117165724668666,0.00687146579629274,0.006423036819024081,0.008035608359729909
2017-09-29,-0.0003807187211718804,-0.00022117354774832678,-1.8046654920210433e-05,0.0007704816733296475,0.0006907062975348083,0.000995412416968237,0.0013195071118595122,0.0010501976287399068,-0.0016345184780479872,-0.0041697652661783135,-0.00742571529697466,-0.009875871183250215,-0.013670326604746659
2017-10-31,-0.0003197686390482361,-0.00026794120496341056,-0.00023448782273218023,0.0006924142425174662,0.0038636377558777077,0.005442043594855349,0.004751378122097216,0.0200066858480528,0.024164724550045022,0.027760339110408514,0.04097841877563013,0.04958821239769208,0.061168081934217425
2017-11-30,3.377862767798959e-05,5.223858740814981e-06,0.00014596736474689896,0.0010208570268935482,0.0025887525925359298,0.0038902620264129905,0.006695219407076454,0.008102286876592372,0.008544814979509239,0.008702448009035503,0.008515439385258436,0.010260233378431502,0.020977535528382867
2017-12-29,-0.0006033801786796746,-0.0003958046939770172,4.9910739062701326e-05,-0.001975501479472414,-0.005836687839709362,-0.00819119995897342,-0.01203380976794108,-0.016439650439049762,-0.017986074770497434,-0.022213520700432803,-0.032777720721820516,-0.04335302027125403,-0.052828979568979875
2018-01-31,-0.000755824501709662,-0.00047843315243148004,-0.0008870419071271284,0.0006541834611744033,0.0018551072884237813,0.0012428680586107214,0.000814810964506688,0.0004888975533541463,-0.0006946762309955451,0.0005029938478508275,0.009969661774931018,0.01902683100563825,0.034729137602589034
2018-02-28,-0.0003782904833102432,-0.0003431468836151419,-0.0004551036378919998,-0.0024746397350264957,-0.002098649885279234,-0.0035092982267481546,0.002308511046781778,-0.006167726912144412,0.004969525969138537,0.006620391222130121,0.006206612731408416,-0.014736157348667522,-0.004076189879979328
2018-03-30,-0.0004225196658889935,-0.0003807145560162737,-0.00011326130065928176,0.0022751151242984915,0.0060070893751286185,0.009667368629185005,0.012217250863302657,0.020553499546171007,0.012936697912130639,0.01880715239298041,0.032240710966585755,0.03754929785769167,0.04844618983937175
2018-04-30,-0.00027639699446565055,-0.00037318494726766837,-0.0006472263771609153,-0.0004117431522965942,-0.00101727894185346,-0.007989301120559972,-0.00797542161074787,0.001805780350271889,0.0022045545966907104,0.0015668087060660002,0.003916736132635354,0.003530330623952482,-0.0008351176066664373
2018-05-31,-0.0009364320768458592,-0.002438720049983902,-0.008734558466453187,-0.025712056913088012,-0.04114891629532905,-0.053751064919614726,-0.05976679329576655,-0.07708094759482974,-0.08069691019008438,-0.08108637241613914,-0.08490043137981582,-0.08758394364710236,-0.08050552872961989
2018-06-29,-0.0002134482797018041,0.0005209562000139235,0.005054318349860183,0.008025519450243152,0.01186685268872611,0.017735258741948822,0.013834482479314463,0.009915581841218981,0.017185698284220993,0.012224293061686889,0.010688350163470242,0.006028755342746464,-0.016851984029171537
2018-07-31,4.0073060393292696e-05,-0.00020571784275815402,-0.0011664975676952828,-0.0002218248138268421,-0.0015367945079550651,-0.0019929398975144378,-0.002216728039506296,-0.0013438653095782702,-0.0032411587642762435,-0.0012431247803662254,-0.005593770672969257,-0.012572797625279394,-0.004883260254512352
2018-08-31,-0.0002084959059075835,-0.0016307383951186965,-0.005394866159013426,-0.01301705538841466,-0.021971672097470515,-0.030103634978056796,-0.03292168531208043,-0.039673119824058384,-0.040236575239414034,-0.040143420762511296,-0.045875787362198966,-0.049213992708500506,-0.0517192464464522
2018-09-28,-0.0004290834693308527,0.0011204172638399736,0.0018082127497626417,0.009432753906138732,0.011920850512994964,0.016437780074412475,0.01772329902395444,0.016148092291228742,0.021127236385205955,0.010221217112104374,0.02430192795919091,0.02563614618721546,0.019456465546382154
2018-10-31,0.0002794426467252333,0.00041283448275034214,0.002575932193518295,0.00038382278849379285,0.00037708087504516395,-0.005091234554721123,-0.008813321151361034,-0.01614799243896639,-0.012379045773716044,-0.020470115003297432,-0.02931200706387603,-0.033887973075808354,-0.03724837725428734
2018-11-30,-0.00023009084629916805,0.0004962609908235429,0.001468483215837093,0.0050436390859177485,0.0011982214173973528,0.008871159374134638,0.008574784040981078,0.019180048341456524,0.01713308202002231,0.021050270049345964,0.016820934710981984,0.016659668561626772,0.026820939621420938
2018-12-31,-8.836408757921399e-05,2.550071743722785e-06,0.00014241757266365422,0.007683012888667458,0.017536422859500383,0.024062639728404313,0.02700398436219888,0.03747818704078525,0.03985597799517406,0.04423444366422133,0.057459386887333215,0.06451803769448158,0.06033872884449534
2019-01-31,0.00011264214549773303,0.0011675732091175985,0.0030832597052720097,0.004281764191766362,0.007930147106715088,0.01099189019411455,0.014996646562178894,0.016312405965398215,0.01468038909079618,0.01566315327492809,-0.00542036450327476,0.015979265579843475,0.014280224805257926
2019-02-28,-0.0001426167426930051,-0.0002373953818323729,-0.0008411243121875191,-0.0018513245468433743,-0.0030980174120069977,-0.004818978063929267,-0.006789002793707402,-0.008291450534586037,-0.00947018040340285,-0.011817194316532003,-0.023437662659358892,-0.03294792254471898,-0.037385871304154814
2019-03-29,-8.840496419169334e-05,0.0004210699065646474,0.0009143715104283217,0.003130683949544239,0.004972377119386464,0.00790270874347179,0.010224254069455424,0.014454450866514342,0.019440448589106304,0.025640195257896754,0.03260282326300925,0.036929848402770915,0.046049744691427225
2019-04-30,-0.0002193686345058272,-8.501369192314399e-05,-1.1656533521145972e-05,-0.0045177638575571635,-0.007336404966315967,-0.004164317652814369,0.003659635269683484,0.00718067903234058,-0.007229084877401728,-0.003767194094663873,0.010208411613468266,0.01600457192401344,-0.0071934661642104195
2019-05-31,-0.00013345570802729924,-0.00010500495061309035,-0.0007396506768661218,-0.003883294155967721,-0.006532340633645903,-0.009502869087562699,-0.011198611837088252,-0.010757229181422091,-0.008286918833255623,-0.007800260292242737,-0.003566038419948646,-0.0026621457282907817,0.00271049448828203
2019-06-28,-0.0002876989382585568,0.00023098541173082813,0.001550133938317197,0.00987355802959381,0.016647480421390477,0.022404548581551373,0.01884571067172442,0.04002195872607942,0.04383269925852396,0.054235941516107236,0.06813997538247332,0.08212455343208688,0.09341945779175181
2019-07-31,2.6744018345542804e-05,0.0003321289450609925,0.0013380967760508698,0.005071524360818439,0.014117377041237444,0.019366335577145767,0.02747152852858586,0.030193976628792498,0.04122418394078977,0.054497349930057885,0.06526432762233786,0.07429622601914684,0.09681332314104385
2019-08-30,-5.001257081486918e-05,0.1135945741583513,0.0004336136734518057,0.0034026229382677423,0.00985255795764637,0.014031304993334508,0.021892396859511158,0.03341380128558151,0.04044184424412413,0.05393963977175152,0.08094645941279206,0.10825101016217738,0.1536602260517815
2019-09-30,-0.00032210095802509445,-0.10304311396549815,-0.00024362199626668104,0.0007498904324067534,0.004125808266881292,0.006585228955442838,0.008766818035356816,0.013700833338818016,0.013060668412603636,0.017706581442880887,0.01930673566777247,0.019822058230834126,0.029135304169011392
2019-10-31,-0.00015186575967358228,-0.0001401454708997933,-0.00023944472489810612,-0.0010202597471053484,-0.0023649231291010715,-0.003313975209904561,-0.0045406240754079005,-0.008004455180715676,-0.008087959129670813,-0.00881838114800424,-0.01237313438601725,-0.014456374864457439,-0.021802573647550623
2019-11-29,-0.0002795962234688476,-0.0003853777915120923,-0.0007856066248521398,-0.004763730428559666,-0.00803414272941056,-0.012222459647667206,-0.01191140589671989,-0.019200594421719293,-0.022070456626977774,-0.02745555894290995,-0.040728297381837045,-0.07069653395406618,-0.06810415371092425
2019-12-31,-0.0002662472688214343,-0.0001501431996577631,5.767818026223432e-05,0.0014228610353072694,0.000872496375670676,0.0013878391566365218,-0.005258865959511748,-0.0008437590012857258,-0.0044581389759427974,-0.01552141838760867,-0.009062304252523426,-0.013653992004778393,-0.020081474562922974
2020-01-31,-0.00025791468326505785,0.00036685321846220806,0.001116495769044256,0.0030024793377933603,0.006861399515980648,0.010332115453671065,0.0181327509272671,0.02561595640620522,0.030416645400724425,0.047342727698993885,0.06792998430264278,0.09412741269331001,0.1243172362079546
2020-02-28,-0.00035555010241872665,-0.0007190716858791176,-0.0013868372041292193,-0.003328713051369038,-0.00484862693959178,-0.0058702401481665984,-0.009039440671162653,-0.012800293823273228,-0.012544365077601457,-0.014738392796310413,-0.015160857350691856,-0.01914954334720643,-0.02542898732972742
