Dates,1M,3M,6M,1Y,2Y,3Y,4Y,5Y,6Y,7Y,8Y,9Y,10Y,15Y,20Y,30Y,40Y
1980-01-31,,,,,,,,,,,,,,,,,
1980-02-29,,,,,,,,,,,,,,,,,
1980-03-31,,,,,,,,,,,,,,,,,
1980-04-30,,,,,,,,,,,,,,,,,
1980-05-30,,,,,,,,,,,,,,,,,
1980-06-30,,,,,,,,,,,,,,,,,
1980-07-31,,,,,,,,,,,,,,,,,
1980-08-29,,,,,,,,,,,,,,,,,
1980-09-30,,,,,,,,,,,,,,,,,
1980-10-31,,,,,,,,,,,,,,,,,
1980-11-28,,,,,,,,,,,,,,,,,
1980-12-31,,,,,,,,,,,,,,,,,
1981-01-30,,,,,,,,,,,,,,,,,
1981-02-27,,,,,,,,,,,,,,,,,
1981-03-31,,,,,,,,,,,,,,,,,
1981-04-30,,,,,,,,,,,,,,,,,
1981-05-29,,,,,,,,,,,,,,,,,
1981-06-30,,,,,,,,,,,,,,,,,
1981-07-31,,,,,,,,,,,,,,,,,
1981-08-31,,,,,,,,,,,,,,,,,
1981-09-30,,,,,,,,,,,,,,,,,
1981-10-30,,,,,,,,,,,,,,,,,
1981-11-30,,,,,,,,,,,,,,,,,
1981-12-31,,,,,,,,,,,,,,,,,
1982-01-29,,,,,,,,,,,,,,,,,
1982-02-26,,,,,,,,,,,,,,,,,
1982-03-31,,,,,,,,,,,,,,,,,
1982-04-30,,,,,,,,,,,,,,,,,
1982-05-31,,,,,,,,,,,,,,,,,
1982-06-30,,,,,,,,,,,,,,,,,
1982-07-30,,,,,,,,,,,,,,,,,
1982-08-31,,,,,,,,,,,,,,,,,
1982-09-30,,,,,,,,,,,,,,,,,
1982-10-29,,,,,,,,,,,,,,,,,
1982-11-30,,,,,,,,,,,,,,,,,
1982-12-31,,,,,,,,,,,,,,,,,
1983-01-31,,,,,,,,,,,,,,,,,
1983-02-28,,,,,,,,,,,,,,,,,
1983-03-31,,,,,,,,,,,,,,,,,
1983-04-29,,,,,,,,,,,,,,,,,
1983-05-31,,,,,,,,,,,,,,,,,
1983-06-30,,,,,,,,,,,,,,,,,
1983-07-29,,,,,,,,,,,,,,,,,
1983-08-31,,,,,,,,,,,,,,,,,
1983-09-30,,,,,,,,,,,,,,,,,
1983-10-31,,,,,,,,,,,,,,,,,
1983-11-30,,,,,,,,,,,,,,,,,
1983-12-30,,,,,,,,,,,,,,,,,
1984-01-31,,,,,,,,,,,,,,,,,
1984-02-29,,,,,,,,,,,,,,,,,
1984-03-30,,,,,,,,,,,,,,,,,
1984-04-30,,,,,,,,,,,,,,,,,
1984-05-31,,,,,,,,,,,,,,,,,
1984-06-29,,,,,,,,,,,,,,,,,
1984-07-31,,,,,,,,,,,,,,,,,
1984-08-31,,,,,,,,,,,,,,,,,
1984-09-28,,,,,,,,,,,,,,,,,
1984-10-31,,,,,,,,,,,,,,,,,
1984-11-30,,,,,,,,,,,,,,,,,
1984-12-31,,,,,,,,,,,,,,,,,
1985-01-31,,,,,,,,,,,,,,,,,
1985-02-28,,,,,,,,,,,,,,,,,
1985-03-29,,,,,,,,,,,,,,,,,
1985-04-30,,,,,,,,,,,,,,,,,
1985-05-31,,,,,,,,,,,,,,,,,
1985-06-28,,,,,,,,,,,,,,,,,
1985-07-31,,,,,,,,,,,,,,,,,
1985-08-30,,,,,,,,,,,,,,,,,
1985-09-30,,,,,,,,,,,,,,,,,
1985-10-31,,,,,,,,,,,,,,,,,
1985-11-29,,,,,,,,,,,,,,,,,
1985-12-31,,,,,,,,,,,,,,,,,
1986-01-31,,6.25,,,,,,,,,,,,,,,
1986-02-28,,6,,,,,,,,,,,,,,,
1986-03-31,,5.375,,,,,,,,,,,,,,,
1986-04-30,,4.875,,,,,,,,,,,,,,,
1986-05-30,,4.875,,,,,,,,,,,,,,,
1986-06-30,,4.75,,,,,,,,,,,,,,,
1986-07-31,,4.875,,,,,,,,,,,,,,,
1986-08-29,,4.875,,,,,,,,,,,,,,,
1986-09-30,,5,,,,,,,,,,,,,,,
1986-10-31,,4.6563,,,,,,,,,,,,,,,
1986-11-28,,4.625,,,,,,,,,,,,,,,
1986-12-31,,4.625,,,,,,,,,,,,,,,
1987-01-30,,4.2656,,,,,,,,,,,,,,,
1987-02-27,,4.3438,,,,,,,,,,,,,,,
1987-03-31,,4.125,,,,,,,,,,,,,,,
1987-04-30,,4.0625,,,,,,,,,,,,,,,
1987-05-29,,4,,,,,,,,,,,,,,,
1987-06-30,,4.0781,,,,,,,,,,,,,,,
1987-07-31,,4,,,,,,,,4.84,,,,,,,
1987-08-31,,4.0625,,,,,,,,4.58,,,,,,,
1987-09-30,,5,,,,,,,,5.59,,,,,,,
1987-10-30,,4.5,,,,,,,,5.47,,,5.96,,,,
1987-11-30,,4.5,,,,,,,,4.45,,,5.17,,,,
1987-12-31,,4.3281,,,,,,,,4.3,,,5.16,,,,
1988-01-29,,4.25,,,,,,,,4.18,,,4.93,,,,
1988-02-29,,4.3125,,,,,,,,4.07,,,4.93,,,,
1988-03-31,,4.1875,,,,,,,,3.9,,,5.11,,,,
1988-04-29,,4.0625,,,,,,3.62,,3.76,,,4.75,,,,
1988-05-31,,4.2344,,,,,,3.96,,4.06,,,5.03,,,,
1988-06-30,,4.5625,,,,,,4.22,,4.34,,,5.24,,,,
1988-07-29,,4.8125,,,,,,4.19,,4.21,,,5.23,,,,
1988-08-31,,5.0625,,,,,,4.43,,4.46,,,5.8,,,,
1988-09-30,,4.9375,,,,,,4.26,,4.27,,,5.44,,,,
1988-10-31,,4.5,,,,,,3.9699999999999998,,4.04,,,4.76,,,,
1988-11-30,,4.5,,,,,3.76,3.79,,3.87,,,4.62,,,,
1988-12-30,,4.6875,,,,,3.81,3.83,,3.95,,,4.61,,,,
1989-01-31,,4.59375,,,,,3.85,3.89,,4.02,,,4.66,,,,
1989-02-28,,4.75,,,,,4.48,4.49,,4.47,,,4.88,,,,
1989-03-31,,4.625,,,,,4.64,4.59,,4.64,,,4.86,,,,
1989-04-28,,4.8125,,,,,4.59,4.62,,4.781,4.86,5.323,5.04,,,,
1989-05-31,,5.25,,,,,4.84,4.85,,4.9559999999999995,5.052,5.49,5.25,,,,
1989-06-30,,5.53125,,,,,5.06,5.06,,5.13,5.24,5.502,5.46,,,,
1989-07-31,,5.375,,,,,4.8,4.8,,4.8149999999999995,4.852,5.101,5.02,,,,
1989-08-31,,5.5625,,,,,4.85,4.84,,4.835,4.888,5.084,5.09,,,,
1989-09-29,,5.6875,,,,,5.03,5.01,,4.95,5.005,5.2,5.18,,,,
1989-10-31,,6.5625,,,,5.37,5.42,5.3,,5.311,5.359,5.437,5.5,,,,
1989-11-30,6.375,6.8125,6.8125,,,5.6899999999999995,5.71,5.54,,5.457,5.401,5.493,5.51,,,,
1989-12-29,7.0625,7.0625,7.0625,,,5.86,5.85,5.82,,5.7940000000000005,5.632,5.7379999999999995,5.74,,,,
1990-01-31,6.75,7.125,7.25,,,6.5,6.5,6.43,6.791,6.801,6.854,5.7379999999999995,6.76,,,,
1990-02-28,6.875,7.375,7.4375,,,6.8,6.77,6.66,7.023,7.213,7.293,5.7379999999999995,7.13,,,,
1990-03-30,7.5625,7.5625,7.75,,,7.12,7.11,7.08,7.6,7.525,7.622,7.331,7.45,,,,
1990-04-30,7.3125,7.4375,7.5625,,,6.95,6.9,6.96,7.455,7.555,7.626,7.423,6.86,,,,
1990-05-31,7.375,7.375,7.4375,,,6.46,6.37,6.42,6.835,6.995,7.085,6.952,6.34,,,,
1990-06-29,7.625,7.75,7.8125,,,6.79,6.6899999999999995,6.72,7.177,7.371,7.483,7.346,6.65,,,,
1990-07-31,7.625,7.8125,7.9375,,,7.3,7.13,7.29,7.691,7.623,7.753,7.541,7.12,,,,
1990-08-31,8.3125,8.3125,8.4375,,,7.9399999999999995,8.03,8.08,8.43,8.434,8.519,8.136,7.78,,,,
1990-09-28,8.4375,8.375,8.625,,8.46,8.56,8.57,8.45,8.691,8.814,8.917,8.697,8.22,,,,
1990-10-31,8.0625,8.25,8.3125,,7.39,7.4,7.39,7.45,7.8309999999999995,7.867,7.974,7.713,7.16,,,,
1990-11-30,8.56,8.44,8.44,,7.22,7.11,7.16,7.22,7.571,7.675,7.701,7.482,6.82,,,,
1990-12-31,8.25,8.25,8,,6.95,6.96,6.82,6.93,7.111,7.21,7.261,7.079,6.53,,,,
1991-01-31,8.06,8.25,8,,6.88,6.73,6.59,6.909,6.864,6.987,6.987,6.723,6.39,,,,
1991-02-28,8.625,8.19,7.88,,6.62,6.49,6.35,6.688,6.814,6.839,6.839,6.7620000000000005,6.34,,,,
1991-03-29,8.625,8.25,7.5600000000000005,,6.75,6.76,6.6899999999999995,7.074,7.106,7.143,7.036,6.639,6.64,6.7940000000000005,,,
1991-04-30,8.25,8.06,7.88,,6.91,6.84,6.8,7.112,7.183,7.222,7.1370000000000005,6.732,6.71,6.832,,,
1991-05-31,8.25,8.06,7.88,,6.78,6.66,6.6899999999999995,7.025,7.083,7.135,7.054,6.631,6.61,6.832,,,
1991-06-28,7.875,7.75,7.625,,6.99,6.93,6.91,7.255,7.333,7.413,7.318,6.8469999999999995,6.86,6.832,,,
1991-07-31,7.4375,7.375,7.1875,,6.67,6.65,6.65,6.987,7.08,7.153,7.028,6.628,6.54,6.832,,,
1991-08-30,7.625,7.25,7,,6.34,6.35,6.35,6.638,6.823,6.882,6.772,6.366,6.29,6.832,,,
1991-09-30,6.875,6.625,6.375,,5.74,5.75,5.83,6.122,6.358,6.446,6.349,5.967,6.01,6.832,,,
1991-10-31,6.375,6.25,6,,5.52,5.68,5.73,6.065,6.274,6.383,6.269,5.884,5.9,6.832,,,
1991-11-29,6.375,6.1875,5.9375,,5.46,5.53,5.58,5.941,6.27,6.368,6.246,5.864,5.84,6.832,,,
1991-12-31,5.8125,5.6875,5.4375,,5.02,5.1,5.17,5.549,5.838,5.923,5.7620000000000005,5.4030000000000005,5.42,6.832,,,
1992-01-31,5.4375,5.1875,4.9375,,4.51,4.76,5.179,5.502,5.813,5.72,5.265,5.36,5.43,6.832,,,
1992-02-28,5.625,5.25,4.9375,,4.58,4.82,5.189,5.6370000000000005,5.901,5.79,5.405,5.498,5.46,6.832,,,
1992-03-31,4.9375,4.8125,4.75,,4.55,4.73,5.199,5.456,5.763,5.64,5.294,5.382,5.38,5.997,,,
1992-04-30,4.75,4.75,4.6875,,4.47,4.65,5.276,5.639,6.118,6.01,5.701,5.761,5.87,6.201,,,
1992-05-29,4.75,4.75,4.6875,,4.65,4.83,5.288,5.591,5.989,5.75,5.53,5.578,5.7,6.122,,,
1992-06-30,4.6875,4.5,4.375,,4.37,4.5,4.892,5.16,5.6370000000000005,5.49,5.292,5.377,5.52,6.033,,,
1992-07-31,4.125,4.0625,3.875,,3.847,4.03,4.368,4.542,5.142,5.001,4.926,5.062,5.224,5.882,5.79,,
1992-08-31,4.25,3.9375,3.75,,3.6870000000000003,3.9210000000000003,4.022,4.251,4.898,4.86,4.726,4.896,5.06,5.882,5.689,,
1992-09-30,4.125,3.9375,3.875,,3.6,3.719,4.01,4.299,4.5649999999999995,4.6899999999999995,4.662,4.783,4.921,5.882,5.65,,
1992-10-30,3.9375,3.75,3.6875,,3.49,3.621,3.966,4.228,4.481,4.615,4.546,4.684,4.83,5.543,5.649,,
1992-11-30,4,3.8125,3.75,,3.518,3.62,3.9290000000000003,4.182,4.354,4.524,4.425,4.5649999999999995,4.88,5.435,5.5649999999999995,,
1992-12-31,3.9375,3.8125,3.75,,3.459,3.573,3.858,4.155,4.329,4.453,4.339,4.48,4.775,5.339,5.529,,
1993-01-29,3.6875,3.5625,3.4375,,3.358,3.335,3.586,3.8890000000000002,4.174,4.165,4.217,4.339,4.588,5.1370000000000005,5.334,,
1993-02-26,3.4375,3.3125,3.25,,3.025,3.178,3.299,3.498,3.76,3.824,3.798,3.848,4.031,4.607,4.859,,
1993-03-31,3.375,3.3125,3.375,,3.3970000000000002,3.537,3.751,3.958,4.155,4.246,4.266,4.21,4.589,5.065,5.39,,
1993-04-30,3.25,3.25,3.3125,,3.275,3.403,3.584,3.817,4.086,4.383,4.118,4.227,4.734,5.36,5.67,,
1993-05-31,3.3125,3.3125,3.375,,3.243,3.519,3.898,4.14,4.448,4.434,4.445,4.59,4.889,5.55,5.645,,
1993-06-30,3.25,3.3125,3.25,,3.07,3.359,3.691,3.987,4.208,4.197,4.335,4.396,4.699,5.368,5.52,,
1993-07-30,3.3125,3.25,3.1875,,2.902,3.26,3.5220000000000002,3.771,3.959,3.9370000000000003,4.084,4.241,4.35,5.142,5.31,,
1993-08-31,3,2.75,2.75,,2.827,3.002,3.182,3.417,3.626,3.74,3.839,4.024,4.116,4.937,5.039,,
1993-09-30,2.5625,2.5625,2.5625,,2.584,2.71,2.895,3.124,3.285,3.447,3.606,3.761,3.797,4.577,4.575,,
1993-10-29,2.5,2.375,2.3125,,2.056,2.328,2.528,2.755,2.982,3.158,3.391,3.582,3.627,4.367,4.449,,
1993-11-30,2.3125,2.1875,2,,1.758,1.916,2.107,2.339,2.732,3.009,3.221,3.412,3.583,3.999,4.069,,
1993-12-31,2.375,2.0625,1.9375,,1.591,1.78,2.015,2.19,2.439,2.7199999999999998,2.951,3.184,3.325,3.733,3.763,,
1994-01-31,2.3125,2.25,2.25,,2.267,2.341,2.597,2.904,3.263,3.469,3.643,3.848,3.98,4.55,4.57,,
1994-02-28,2.4375,2.375,2.375,,2.423,2.686,3.077,3.3529999999999998,3.548,3.629,3.89,4.074,4.124,4.689,4.8149999999999995,,
1994-03-31,2.3125,2.3125,2.3125,,2.467,2.6109999999999998,2.91,3.17,3.44,3.61,3.855,4.034,4.249,4.65,4.84,,
1994-04-29,2.3125,2.3125,2.4375,,2.517,2.724,3.081,3.3689999999999998,3.523,3.607,3.8449999999999998,4.006,4.202,4.629,4.7,,
1994-05-31,2.125,2.1875,2.25,,2.385,2.609,2.7720000000000002,3.098,3.261,3.533,3.675,3.793,3.948,4.384,4.489,,
1994-06-30,2.125,2.1875,2.25,,2.598,2.882,3.319,3.5789999999999997,3.833,4.05,4.728,4.344,4.394,4.78,4.88,,
1994-07-29,2.125,2.25,2.25,,2.633,2.9859999999999998,3.401,3.6550000000000002,3.96,4.154,4.296,4.406,4.529,4.86,4.95,,
1994-08-31,2.5625,2.375,2.5,,3.059,3.503,3.914,4.175,4.37,4.514,4.625,4.768,4.951,4.95,5.181,,
1994-09-30,2.3125,2.375,2.5,,2.831,3.238,3.627,3.887,4.087,4.299,4.427,4.53,4.7,4.72,4.946,,
1994-10-31,2.3125,2.375,2.5,,3.265,3.675,3.826,4.096,4.327,4.385,4.624,4.841,4.83,4.88,5.045,,
1994-11-30,2.375,2.375,2.5,,3.084,3.504,3.836,4.105,4.23,4.413,4.5600000000000005,4.8,4.714,4.835,4.995,,
1994-12-30,2.3125,2.4375,2.5,,2.879,3.3810000000000002,3.7,3.956,4.094,4.301,4.474,4.708,4.57,4.695,4.905,,
1995-01-31,2.2813,2.3125,2.3125,,2.713,3.269,3.644,3.9459999999999997,4.095,4.447,4.525,4.795,4.629,4.77,4.875,,
1995-02-28,2.375,2.3125,2.3125,,2.5380000000000003,3.029,3.318,3.634,3.835,4.107,4.254,4.513,4.39,4.584,4.77,,
1995-03-31,1.8594,1.7656,1.7656,1.788,2.03,2.298,2.502,2.785,3.102,3.38,3.5620000000000003,3.8120000000000003,3.678,3.96,4.11,,
1995-04-28,1.4375,1.4375,1.4375,1.542,1.8090000000000002,2.031,2.365,2.645,2.909,3.15,3.359,3.553,3.475,3.7199999999999998,3.955,,
1995-05-31,1.3125,1.1875,1.0625,1.111,1.123,1.288,1.6,1.9100000000000001,2.205,2.475,2.723,2.931,2.865,3.155,3.39,,
1995-06-30,1.3125,1.25,1.125,0.992,1.179,1.387,1.635,1.905,2.232,2.46,2.668,2.835,2.785,3.01,3.185,,
1995-07-31,0.875,0.8125,0.75,0.693,0.916,1.2389999999999999,1.5550000000000002,1.955,2.2800000000000002,2.545,2.783,2.915,3.025,3.16,3.4699999999999998,,
1995-08-31,0.90625,0.78125,0.76563,0.738,1.019,1.407,1.7850000000000001,2.2,2.5540000000000003,2.86,3.087,3.207,3.265,3.45,3.7,,
1995-09-29,0.46875,0.46875,0.46875,0.507,0.657,0.94,1.2,1.685,2.12,2.315,2.609,2.714,2.855,3.01,3.35,,
1995-10-31,0.46875,0.5,0.51563,0.404,0.583,0.951,1.34,1.7650000000000001,2.115,2.435,2.711,2.852,2.96,3.15,3.48,,
1995-11-30,0.5,0.48438,0.48438,0.383,0.366,0.676,1.06,1.505,1.873,2.23,2.526,2.695,2.875,3.115,3.4699999999999998,,
1995-12-29,0.4375,0.5,0.52344,0.541,0.799,1.03,1.3900000000000001,1.79,2.2560000000000002,2.51,2.925,2.899,3.07,3.255,3.605,,
1996-01-31,0.51563,0.5625,0.59375,0.569,0.934,1.3,1.6949999999999998,2.07,2.421,2.75,3.006,3.046,3.25,3.305,3.635,,
1996-02-29,0.84375,0.76563,0.84375,1.107,1.3780000000000001,1.67,2.065,2.37,2.7560000000000002,2.945,3.182,3.2359999999999998,3.495,3.544,3.8289999999999997,,
1996-03-29,0.59375,0.60938,0.6875,0.829,1.088,1.33,1.705,2.045,2.498,2.68,3.002,3.004,3.235,3.27,3.63,,
1996-04-30,0.55078,0.66797,0.85938,1.035,1.321,1.675,2.085,2.385,2.762,2.98,3.227,3.273,3.46,3.355,4.02,,
1996-05-31,0.51172,0.55469,0.64063,0.75,1.184,1.415,1.825,2.15,2.509,2.74,2.9699999999999998,3.042,3.24,3.17,3.865,,
1996-06-28,0.52344,0.60156,0.71875,0.695,1.149,1.525,1.925,2.23,2.509,2.795,3.08,3.042,3.23,3.2,3.755,,
1996-07-31,0.50781,0.6875,0.81641,0.851,1.291,1.6520000000000001,2.002,2.304,2.5949999999999998,2.883,3.085,3.184,3.325,3.2640000000000002,3.835,,
1996-08-30,0.49609,0.51953,0.56641,0.307,0.747,1.135,1.505,1.825,2.164,2.505,2.729,2.849,2.965,3.02,3.55,,
1996-09-30,0.48438,0.51563,0.56641,0.491,0.854,1.18,1.51,1.8399999999999999,2.176,2.393,2.612,2.818,2.915,2.92,3.44,,
1996-10-31,0.5,0.5,0.53125,0.389,0.612,0.905,1.215,1.5350000000000001,1.829,2.032,2.261,2.48,2.61,2.66,3.235,,
1996-11-29,0.48047,0.48438,0.51563,0.424,0.59,0.845,1.13,1.44,1.802,1.96,2.223,2.497,2.525,2.635,3.24,,
1996-12-31,0.47656,0.49219,0.51953,0.367,0.72,0.985,1.315,1.6600000000000001,1.9489999999999998,2.26,2.3529999999999998,2.636,2.765,2.815,3.38,,
1997-01-31,0.48438,0.5,0.5,0.362,0.575,0.83,1.125,1.435,1.725,2.02,2.156,2.433,2.5540000000000003,2.615,3.155,,
1997-02-28,0.53516,0.51953,0.51953,0.491,0.6,0.885,1.19,1.51,1.817,2.093,2.221,2.465,2.565,2.6550000000000002,3.205,,
1997-03-31,0.57031,0.57813,0.61719,0.572,0.715,0.92,1.2,1.49,1.7650000000000001,2.008,2.12,2.3529999999999998,2.45,2.5300000000000002,3.085,,
1997-04-30,0.56641,0.58203,0.62891,0.705,0.91,1.08,1.34,1.6,1.8599999999999999,2.102,2.186,2.413,2.545,2.58,3.065,,
1997-05-30,0.57813,0.59766,0.71094,0.836,1.125,1.37,1.6400000000000001,1.88,2.136,2.31,2.501,2.618,2.8609999999999998,2.86,3.335,,
1997-06-30,0.58984,0.65625,0.71875,0.673,0.905,1.17,1.44,1.67,1.954,2.14,2.358,2.435,2.6390000000000002,2.645,3.085,,
1997-07-31,0.5625,0.60938,0.65234,0.504,0.69,0.905,1.18,1.41,1.6949999999999998,1.875,2.067,2.175,2.36,2.43,2.875,,
1997-08-29,0.56641,0.57031,0.58203,0.464,0.545,0.795,1.06,1.29,1.561,1.76,1.964,2.07,2.225,2.33,2.77,,
1997-09-30,0.55859,0.5625,0.59375,0.631,0.605,0.765,1.035,1.28,1.505,1.67,1.9020000000000001,1.975,2.12,2.215,2.77,,
1997-10-31,0.53125,0.53125,0.54688,0.584,0.508,0.681,0.911,1.12,1.312,1.445,1.6360000000000001,1.6949999999999998,1.815,1.9449999999999998,2.41,,
1997-11-28,0.57813,0.59375,0.61719,0.504,0.441,0.646,0.91,1.145,1.376,1.5310000000000001,1.75,1.835,1.96,2.12,2.615,,
1997-12-31,0.74609,0.77344,0.76953,0.55,0.626,0.79,1.011,1.211,1.427,1.495,1.704,1.79,1.94,2.03,2.56,,
1998-01-30,0.68359,0.78906,0.77344,0.629,0.761,0.927,1.143,1.345,1.538,1.616,1.8199999999999998,1.893,2.005,2.105,2.625,,
1998-02-27,0.91797,0.8125,0.76953,0.582,0.648,0.826,1.035,1.24,1.443,1.506,1.714,1.7810000000000001,1.895,2,2.515,,
1998-03-31,0.72656,0.70703,0.67969,0.556,0.627,0.802,0.992,1.184,1.376,1.466,1.631,1.736,1.875,1.95,2.46,,
1998-04-30,0.59766,0.61719,0.63281,0.511,0.531,0.673,0.858,1.062,1.2469999999999999,1.34,1.509,1.615,1.725,1.8399999999999999,2.335,,
1998-05-29,0.53125,0.55469,0.57031,0.382,0.432,0.546,0.71,0.885,1.024,1.105,1.2770000000000001,1.3820000000000001,1.456,1.595,2.05,,
1998-06-30,0.63281,0.56406,0.59657,0.458,0.56,0.686,0.841,1.011,1.172,1.28,1.3940000000000001,1.499,1.615,1.73,2.135,,
1998-07-31,0.59375,0.65234,0.65234,0.415,0.505,0.639,0.781,0.948,1.088,1.2,1.327,1.437,1.55,1.6800000000000002,2.095,,
1998-08-31,0.66016,0.63281,0.63672,0.371,0.402,0.506,0.636,0.771,0.924,1.01,1.13,1.2,1.3,1.45,1.8199999999999998,,
1998-09-30,0.42969,0.44531,0.47656,0.268,0.355,0.471,0.556,0.615,0.655,0.68,0.694,0.73,0.782,0.975,1.255,,
1998-10-30,0.35219,0.40344,0.43563,0.222,0.292,0.425,0.507,0.59,0.639,0.711,0.741,0.79,0.849,1.07,1.395,,
1998-11-30,0.42828,0.41859,0.45031,0.201,0.306,0.44,0.55,0.717,0.817,0.905,0.994,1.005,1.2349999999999999,1.3599999999999999,1.7650000000000001,,
1998-12-31,0.44172,0.53859,0.54984,0.48,0.77,1.01,1.24,1.44,1.6360000000000001,1.8399999999999999,1.923,1.995,2.218,2.415,2.965,,
1999-01-29,0.40156,0.47813,0.47813,0.345,0.625,0.875,1.1400000000000001,1.359,1.5270000000000001,1.74,1.863,1.975,2.07,2.375,3.07,,
1999-02-26,0.27875,0.27438,0.27563,0.161,0.315,0.53,0.79,1.142,1.332,1.52,1.732,1.8399999999999999,2.015,2.335,3.115,,
1999-03-31,0.17125,0.18719,0.20719,0.17,0.275,0.445,0.64,0.859,1.016,1.23,1.447,1.56,1.764,2.1,2.495,,
1999-04-30,0.11875,0.135,0.1625,0.08,0.145,0.265,0.43,0.64,0.797,0.985,1.137,1.26,1.439,1.795,2.165,,
1999-05-31,0.09,0.09375,0.10813,0.035,0.105,0.21,0.39,0.575,0.788,0.98,1.145,1.297,1.496,1.855,2.2800000000000002,,
1999-06-30,0.08875,0.125,0.205,0.195,0.45,0.68,0.89,1.095,1.301,1.48,1.665,1.802,1.87,2.29,2.81,,
1999-07-30,0.07625,0.10375,0.17875,0.195,0.385,0.59,0.82,0.995,1.225,1.385,1.565,1.689,1.776,2.145,2.675,,
1999-08-31,0.0775,0.08875,0.195,0.09,0.3,0.55,0.935,1.085,1.3940000000000001,1.495,1.6949999999999998,1.774,1.935,2.205,2.68,,
1999-09-30,0.0775,0.23625,0.22125,0.1,0.27,0.46,0.719,0.885,1.135,1.285,1.425,1.5030000000000001,1.73,1.995,2.41,2.616,
1999-10-29,0.075,0.28188,0.24125,0.075,0.24,0.445,0.707,0.915,1.196,1.405,1.575,1.6179999999999999,1.819,2.055,2.46,2.6390000000000002,
1999-11-30,0.63,0.325,0.25875,0.145,0.365,0.565,0.902,1.015,1.342,1.475,1.63,1.678,1.8399999999999999,2.09,2.465,2.624,
1999-12-31,0.1525,0.19375,0.23,0.145,0.275,0.515,0.772,0.935,1.184,1.375,1.48,1.5310000000000001,1.675,1.87,2.325,2.398,
2000-01-31,0.0875,0.1275,0.155,0.13,0.34,0.56,0.803,0.955,1.185,1.325,1.495,1.563,1.7349999999999999,1.855,2.24,2.296,
2000-02-29,0.12875,0.13,0.16125,0.165,0.38,0.67,0.935,1.1400000000000001,1.375,1.585,1.712,1.897,1.8519999999999999,2.06,2.355,2.344,
2000-03-31,0.09875,0.1175,0.15875,0.28,0.465,0.735,0.955,1.145,1.353,1.5510000000000002,1.669,1.837,1.7810000000000001,1.905,2.16,2.21,
2000-04-28,0.085,0.1125,0.1525,0.21,0.375,0.63,0.87,1.08,1.279,1.4769999999999999,1.6179999999999999,1.7970000000000002,1.764,1.9300000000000002,2.15,2.07,
2000-05-31,0.08125,0.1025,0.1425,0.21,0.4,0.63,0.83,1.03,1.195,1.3900000000000001,1.564,1.619,1.665,1.8199999999999998,2.04,2.165,
2000-06-30,0.1525,0.235,0.3075,0.34,0.52,0.73,0.93,1.11,1.274,1.44,1.608,1.671,1.7610000000000001,1.8399999999999999,2.1,2.222,
2000-07-31,0.1175,0.19813,0.27563,0.27,0.4,0.61,0.81,1.02,1.181,1.33,1.529,1.597,1.683,1.8199999999999998,2.17,2.303,
2000-08-31,0.39713,0.40488,0.45,0.475,0.64,0.861,1.03,1.255,1.429,1.63,1.865,1.8279999999999998,1.887,2.015,2.355,2.55,
2000-09-29,0.3675,0.54,0.525,0.48,0.61,0.789,0.95,1.17,1.337,1.5350000000000001,1.808,1.76,1.847,2.07,2.475,2.719,
2000-10-31,0.3325,0.5225,0.52375,0.41,0.5,0.682,0.845,1.07,1.254,1.45,1.726,1.714,1.813,2.045,2.5,3,
2000-11-30,0.71375,0.5575,0.53875,0.43,0.48,0.683,0.765,0.94,1.105,1.225,1.42,1.532,1.6219999999999999,1.78,2.155,2.463,
2000-12-29,0.5575,0.545,0.5375,0.415,0.47,0.644,0.765,0.96,1.109,1.275,1.448,1.5739999999999998,1.646,1.845,2.16,2.572,
2001-01-31,0.4175,0.475,0.44,0.31,0.36,0.51,0.64,0.805,0.944,1.07,1.23,1.345,1.498,1.6099999999999999,1.9449999999999998,2.212,
2001-02-28,0.38,0.29625,0.27,0.195,0.225,0.33,0.465,0.63,0.78,0.915,1.07,1.194,1.35,1.495,1.795,2.013,
2001-03-30,0.12625,0.1275,0.13,0.068,0.136,0.247,0.38,0.543,0.714,0.875,1.038,1.125,1.278,1.46,1.729,1.97,
2001-04-30,0.07875,0.0825,0.1,0.025,0.104,0.221,0.359,0.519,0.683,0.869,1.06,1.169,1.339,1.537,1.944,2.253,
2001-05-31,0.0675,0.0675,0.07625,0.01,0.06,0.143,0.26,0.389,0.553,0.73,0.916,1.055,1.245,1.445,1.871,2.071,
2001-06-29,0.07375,0.0775,0.08375,0.01,0.059,0.147,0.258,0.365,0.504,0.724,0.884,1.044,1.194,1.405,1.811,2.176,
2001-07-31,0.06688,0.08563,0.09625,0.016,0.092,0.177,0.287,0.411,0.573,0.822,1.007,1.188,1.339,1.56,2.04,2.431,
2001-08-31,0.06313,0.06938,0.08375,0.044,0.087,0.186,0.327,0.465,0.634,0.839,1.02,1.199,1.379,1.575,2.011,2.374,
2001-09-28,0.05625,0.085,0.09125,0.026,0.087,0.176,0.313,0.509,0.633,0.939,1.106,1.28,1.415,1.615,2.029,2.4050000000000002,
2001-10-31,0.05313,0.07625,0.08875,0.044,0.124,0.221,0.344,0.474,0.634,0.839,1.004,1.174,1.315,1.573,1.978,2.487,
2001-11-30,0.07988,0.08,0.09675,0.051,0.151,0.275,0.41,0.527,0.709,0.92,1.075,1.2349999999999999,1.3639999999999999,1.597,1.998,2.448,
2001-12-31,0.06625,0.09713,0.09988,0.046,0.117,0.242,0.392,0.548,0.729,0.924,1.114,1.293,1.3679999999999999,1.592,2.024,2.51,
2002-01-31,0.05875,0.09,0.09313,0.035,0.14,0.28,0.494,0.7,0.915,1.1400000000000001,1.33,1.465,1.4849999999999999,1.746,2.179,2.674,
2002-02-28,0.11125,0.11375,0.1075,0.03,0.13,0.269,0.453,0.639,0.864,1.084,1.284,1.444,1.53,1.742,2.134,2.618,
2002-03-29,0.08375,0.0875,0.095,0.012,0.05,0.169,0.333,0.515,0.77,0.959,1.171,1.329,1.395,1.643,2.029,2.472,
2002-04-30,0.065,0.0825,0.0925,0.021,0.053,0.17,0.324,0.496,0.714,0.914,1.12,1.294,1.38,1.685,2.04,2.403,
2002-05-31,0.05625,0.0725,0.08875,0.022,0.074,0.17,0.324,0.48,0.684,0.884,1.089,1.274,1.3940000000000001,1.657,2.019,2.329,
2002-06-28,0.05313,0.07125,0.08188,0.02,0.069,0.125,0.249,0.414,0.619,0.834,1.039,1.215,1.32,1.558,1.954,2.204,
2002-07-31,0.05125,0.06813,0.0775,0.021,0.043,0.15,0.269,0.409,0.609,0.82,1.03,1.215,1.318,1.605,1.97,2.173,
2002-08-30,0.05375,0.06438,0.07438,0.01,0.03,0.089,0.18,0.294,0.443,0.624,0.82,1.019,1.185,1.44,1.822,2.015,
2002-09-30,0.05375,0.06875,0.07688,0.02,0.06,0.139,0.254,0.344,0.535,0.695,0.874,1.055,1.186,1.43,1.829,1.9649999999999999,
2002-10-31,0.05375,0.0725,0.0825,0.02,0.045,0.135,0.198,0.269,0.395,0.545,0.705,0.875,0.994,1.205,1.615,1.834,
2002-11-29,0.06,0.0675,0.07875,0.02,0.065,0.165,0.24,0.3,0.406,0.539,0.688,0.852,1.002,1.203,1.6019999999999999,1.83,
2002-12-31,0.05,0.065,0.07375,0.029,0.06,0.16,0.244,0.303,0.415,0.55,0.701,0.81,0.909,1.173,1.525,1.73,
2003-01-31,0.04563,0.06125,0.07688,0.029,0.05,0.131,0.201,0.26,0.367,0.486,0.623,0.723,0.812,1.024,1.291,1.4849999999999999,
2003-02-28,0.05938,0.05938,0.0725,0.029,0.06,0.135,0.2,0.265,0.35,0.45,0.584,0.689,0.79,0.985,1.295,1.449,
2003-03-31,0.04938,0.05688,0.075,0.04,0.07,0.13,0.186,0.25,0.344,0.43,0.545,0.63,0.709,0.84,1.119,1.245,
2003-04-30,0.05375,0.06,0.0725,0.024,0.059,0.107,0.163,0.219,0.299,0.383,0.479,0.55,0.615,0.693,0.924,1.014,
2003-05-30,0.045,0.05625,0.07,0.018,0.05,0.077,0.128,0.164,0.224,0.268,0.379,0.464,0.54,0.654,0.904,1.096,
2003-06-30,0.04594,0.05625,0.0725,0.02,0.084,0.178,0.265,0.355,0.478,0.592,0.694,0.785,0.846,0.935,1.236,1.409,
2003-07-31,0.04063,0.0525,0.06688,0.025,0.08,0.163,0.248,0.319,0.443,0.568,0.725,0.859,0.945,1.135,1.514,1.73,
2003-08-29,0.04938,0.05525,0.07263,0.046,0.2,0.376,0.548,0.705,0.879,1.059,1.2690000000000001,1.395,1.464,1.599,1.855,2.089,
2003-09-30,0.04438,0.06175,0.0725,0.05,0.195,0.339,0.495,0.669,0.81,1.004,1.214,1.35,1.3940000000000001,1.604,1.8559999999999999,2.102,
2003-10-31,0.045,0.05625,0.07138,0.035,0.155,0.327,0.499,0.644,0.853,1.073,1.262,1.412,1.4689999999999999,1.693,1.9849999999999999,2.3449999999999998,
2003-11-28,0.04875,0.0575,0.0725,0.024,0.155,0.257,0.408,0.555,0.738,0.923,1.103,1.254,1.304,1.514,1.788,2.05,
2003-12-31,0.0475,0.06125,0.07125,0.023,0.125,0.228,0.394,0.606,0.755,0.954,1.141,1.291,1.37,1.54,1.866,2.093,
2004-01-30,0.04125,0.0525,0.0645,0.02,0.08,0.206,0.353,0.51,0.704,0.904,1.086,1.2610000000000001,1.322,1.513,1.871,2.106,
2004-02-27,0.03875,0.05125,0.065,0.02,0.065,0.172,0.3,0.449,0.624,0.815,0.995,1.165,1.2349999999999999,1.453,1.8439999999999999,2.155,
2004-03-31,0.0375,0.04875,0.06075,0.02,0.13,0.248,0.42,0.63,0.806,1.02,1.225,1.391,1.45,1.581,1.974,2.305,
2004-04-30,0.0375,0.04588,0.05725,0.034,0.15,0.317,0.509,0.675,0.894,1.125,1.33,1.4849999999999999,1.54,1.729,2.107,2.426,
2004-05-31,0.0375,0.04875,0.05975,0.034,0.15,0.29,0.475,0.659,0.869,1.075,1.291,1.465,1.529,1.7189999999999999,2.109,2.394,
2004-06-30,0.03875,0.0525,0.06513,0.047,0.179,0.342,0.558,0.835,1.024,1.29,1.529,1.724,1.786,1.98,2.32,2.685,
2004-07-30,0.03875,0.05125,0.06388,0.06,0.221,0.443,0.674,0.894,1.139,1.409,1.639,1.779,1.859,2.259,2.453,2.909,
2004-08-31,0.03813,0.05188,0.063,0.035,0.169,0.313,0.489,0.67,0.88,1.114,1.329,1.4689999999999999,1.544,1.7690000000000001,2.159,2.52,
2004-09-30,0.03938,0.0525,0.06925,0.034,0.14,0.257,0.425,0.632,0.785,0.999,1.18,1.319,1.449,1.655,2.07,2.4050000000000002,
2004-10-29,0.04,0.0525,0.06875,0.029,0.13,0.283,0.464,0.629,0.829,1.023,1.2530000000000001,1.395,1.499,1.704,2.125,2.5,
2004-11-30,0.03938,0.05188,0.065,0.01,0.115,0.254,0.43,0.59,0.789,0.985,1.205,1.349,1.454,1.6600000000000001,2.089,2.454,
2004-12-31,0.03938,0.05313,0.06625,0.01,0.115,0.239,0.419,0.61,0.749,0.946,1.155,1.305,1.441,1.629,2.07,2.399,
2005-01-31,0.04,0.05375,0.06563,0.023,0.1,0.234,0.385,0.535,0.711,0.865,1.079,1.224,1.33,1.584,1.984,2.334,
2005-02-28,0.03875,0.05125,0.06438,0.023,0.139,0.289,0.459,0.63,0.84,1.029,1.2349999999999999,1.3719999999999999,1.475,1.7109999999999999,2.086,2.466,
2005-03-31,0.04063,0.05438,0.0675,0.023,0.11,0.213,0.358,0.544,0.689,0.854,1.06,1.199,1.33,1.554,1.94,2.266,
2005-04-29,0.04,0.05188,0.06375,0.01,0.09,0.189,0.319,0.45,0.629,0.789,0.983,1.119,1.245,1.5190000000000001,1.895,2.25,
2005-05-31,0.04,0.05375,0.065,0.01,0.09,0.184,0.319,0.445,0.62,0.78,0.969,1.113,1.249,1.5430000000000001,1.924,2.298,
2005-06-30,0.04063,0.055,0.06625,0.008,0.08,0.134,0.264,0.41,0.544,0.693,0.868,1.013,1.174,1.434,1.859,2.204,
2005-07-29,0.04188,0.0575,0.06688,0.012,0.12,0.213,0.358,0.529,0.668,0.829,0.999,1.138,1.313,1.592,2.009,2.42,
2005-08-31,0.04375,0.05688,0.065,0.015,0.145,0.233,0.384,0.56,0.708,0.874,1.055,1.184,1.349,1.608,1.994,2.41,
2005-09-30,0.04625,0.06375,0.075,0.015,0.235,0.359,0.539,0.78,0.899,1.065,1.234,1.33,1.484,1.658,2.07,2.43,
2005-10-31,0.04625,0.06313,0.07875,0.096,0.291,0.449,0.644,0.85,1.005,1.231,1.325,1.45,1.554,1.7850000000000001,2.082,2.409,
2005-11-30,0.04688,0.06375,0.08125,0.067,0.23,0.355,0.548,0.745,0.894,1.109,1.204,1.33,1.44,1.6760000000000002,1.99,2.371,
2005-12-30,0.04938,0.06625,0.08313,0.06,0.292,0.424,0.61,0.86,0.968,1.181,1.27,1.38,1.48,1.665,1.98,2.308,
2006-01-31,0.05188,0.06813,0.08563,0.068,0.299,0.488,0.683,0.915,1.067,1.31,1.395,1.5,1.5699999999999998,1.755,2.07,2.409,
2006-02-28,0.0625,0.0925,0.12125,0.11,0.475,0.699,0.89,1.09,1.225,1.42,1.4849999999999999,1.5550000000000002,1.595,1.744,2.009,2.235,
2006-03-31,0.07875,0.11188,0.16938,0.145,0.69,0.844,1.052,1.31,1.41,1.621,1.675,1.744,1.78,1.849,2.054,2.255,
2006-04-28,0.07625,0.1125,0.19188,0.271,0.675,0.886,1.131,1.3599999999999999,1.545,1.752,1.825,1.921,1.9300000000000002,2.134,2.235,2.454,
2006-05-31,0.14688,0.29813,0.4,0.453,0.84,0.956,1.149,1.325,1.471,1.651,1.72,1.806,1.8399999999999999,2.059,2.183,2.36,
2006-06-30,0.20125,0.355,0.4475,0.476,0.849,0.97,1.165,1.42,1.5350000000000001,1.7349999999999999,1.8,1.889,1.9300000000000002,2.19,2.304,2.5300000000000002,
2006-07-31,0.36125,0.41313,0.48625,0.534,0.834,0.999,1.2,1.4,1.5550000000000002,1.71,1.78,1.924,1.929,2.219,2.348,2.591,
2006-08-31,0.35563,0.40094,0.44844,0.358,0.65,0.744,0.905,1.085,1.225,1.38,1.456,1.5939999999999999,1.63,1.9180000000000001,2.125,2.392,
2006-09-29,0.38,0.42625,0.48625,0.33,0.66,0.76,0.919,1.139,1.225,1.369,1.44,1.5899999999999999,1.675,1.963,2.175,2.44,
2006-10-31,0.37,0.44375,0.5375,0.514,0.735,0.85,1.01,1.19,1.309,1.46,1.545,1.6440000000000001,1.72,1.994,2.168,2.443,
2006-11-30,0.415,0.51375,0.60063,0.559,0.821,0.9,1.05,1.2,1.289,1.405,1.48,1.579,1.655,1.908,2.11,2.329,
2006-12-29,0.47375,0.5675,0.63063,0.515,0.805,0.896,1.058,1.251,1.328,1.459,1.525,1.605,1.685,1.8940000000000001,2.07,2.2640000000000002,
2007-01-31,0.41188,0.52063,0.57875,0.532,0.728,0.849,1.019,1.185,1.32,1.439,1.5150000000000001,1.6099999999999999,1.705,1.968,2.164,2.42,
2007-02-28,0.70938,0.71063,0.72688,0.642,0.835,0.915,1.04,1.194,1.297,1.395,1.467,1.5550000000000002,1.6360000000000001,1.873,2.058,2.285,
2007-03-30,0.665,0.66875,0.70438,0.597,0.82,0.893,1.014,1.195,1.284,1.388,1.464,1.552,1.659,1.893,2.11,2.349,
2007-04-30,0.63563,0.67438,0.74063,0.671,0.871,0.962,1.094,1.2349999999999999,1.333,1.387,1.499,1.5590000000000002,1.6600000000000001,1.919,2.095,2.315,
2007-05-31,0.64,0.68938,0.785,0.685,0.984,1.08,1.225,1.35,1.47,1.534,1.639,1.689,1.7530000000000001,1.978,2.143,2.344,
2007-06-29,0.64438,0.76,0.86031,0.73,1.025,1.124,1.294,1.478,1.595,1.655,1.7690000000000001,1.819,1.879,2.1189999999999998,2.2439999999999998,2.484,
2007-07-31,0.635,0.78125,0.87125,0.785,0.986,1.099,1.236,1.38,1.499,1.579,1.6760000000000002,1.72,1.8,2.07,2.21,2.46,
2007-08-31,0.8275,0.96875,1.0675,0.714,0.88,0.941,1.062,1.169,1.274,1.339,1.44,1.509,1.613,1.8940000000000001,2.1310000000000002,2.354,
2007-09-28,0.805,1.02625,1.1,0.675,0.87,0.923,1.049,1.204,1.275,1.359,1.449,1.534,1.685,1.954,2.184,2.445,
2007-10-31,0.62313,0.89875,0.99938,0.655,0.79,0.849,0.974,1.095,1.179,1.274,1.3639999999999999,1.49,1.6099999999999999,1.958,2.184,2.445,
2007-11-30,0.99625,0.9875,1.03625,0.606,0.77,0.824,0.927,1.04,1.088,1.163,1.2389999999999999,1.359,1.478,1.8239999999999998,2.058,2.304,
2007-12-31,0.7025,0.895,0.975,0.579,0.715,0.75,0.855,1.015,1.065,1.165,1.219,1.334,1.51,1.8239999999999998,2.1,2.335,
2008-01-31,0.6475,0.87375,0.92125,0.494,0.55,0.63,0.778,0.889,0.984,1.075,1.165,1.3,1.44,1.8599999999999999,2.112,2.36,
2008-02-29,0.855,0.9625,1.01625,0.536,0.565,0.605,0.716,0.839,0.915,1.006,1.089,1.22,1.365,1.76,2.015,2.253,2.434
2008-03-31,0.74469,0.91375,1.00219,0.546,0.575,0.584,0.684,0.749,0.779,0.849,0.865,1.07,1.284,1.724,2.085,2.384,2.5789999999999997
2008-04-30,0.675,0.92281,0.98344,0.663,0.785,0.934,1.064,1.159,1.22,1.298,1.334,1.478,1.585,2.13,2.203,2.464,2.644
2008-05-30,0.70625,0.91875,0.99625,0.696,0.915,1.025,1.224,1.335,1.424,1.499,1.554,1.704,1.759,2.304,2.2800000000000002,2.5,2.659
2008-06-30,0.7175,0.93,1.0375,0.65,0.805,0.861,1.015,1.18,1.256,1.332,1.347,1.4849999999999999,1.601,2.099,2.175,2.404,2.55
2008-07-31,0.64,0.9025,0.99875,0.644,0.79,0.889,1.029,1.114,1.184,1.224,1.275,1.444,1.5390000000000001,1.975,2.195,2.425,2.599
2008-08-29,0.69,0.88125,0.9625,0.588,0.726,0.794,0.899,0.981,1.015,1.019,1.08,1.28,1.415,1.849,2.091,2.294,2.479
2008-09-30,0.92625,1.015,1.0725,0.63,0.764,0.859,0.954,1.054,1.082,1.156,1.182,1.3820000000000001,1.472,1.916,2.1390000000000002,2.284,2.464
2008-10-31,0.85438,0.94063,1.03,0.501,0.553,0.63,0.773,0.868,0.965,1.019,1.2349999999999999,1.416,1.476,1.9409999999999998,2.115,2.23,2.43
2008-11-28,0.92375,0.935,1.02,0.538,0.601,0.71,0.814,0.875,0.92,0.885,1.05,1.2690000000000001,1.399,1.946,2.088,2.189,2.295
2008-12-31,0.69125,0.8325,0.95375,0.331,0.38,0.446,0.558,0.689,0.754,0.798,0.904,1.074,1.174,1.546,1.704,1.7389999999999999,1.869
2009-01-30,0.39563,0.67063,0.8375,0.31,0.406,0.498,0.631,0.743,0.813,0.853,1.008,1.199,1.297,1.738,1.904,1.939,2.06
2009-02-27,0.47125,0.6375,0.7975,0.324,0.405,0.464,0.595,0.705,0.765,0.797,0.915,1.144,1.28,1.713,1.907,1.964,1.984
2009-03-31,0.4325,0.60313,0.78625,0.295,0.42,0.503,0.645,0.79,0.839,0.936,1.026,1.223,1.353,1.758,1.955,2.04,2.071
2009-04-30,0.2875,0.54875,0.73375,0.243,0.392,0.455,0.626,0.823,0.9,1.027,1.145,1.301,1.432,1.811,2.023,2.134,2.166
2009-05-29,0.24156,0.51969,0.71938,0.184,0.359,0.458,0.648,0.82,0.945,1.134,1.2690000000000001,1.419,1.49,1.8940000000000001,2.155,2.255,2.279
2009-06-30,0.23125,0.455,0.69875,0.191,0.32,0.401,0.536,0.725,0.805,0.964,1.052,1.209,1.359,1.768,2.034,2.185,2.26
2009-07-31,0.20875,0.41313,0.63813,0.191,0.285,0.389,0.554,0.714,0.835,0.974,1.093,1.268,1.419,1.833,2.151,2.335,2.466
2009-08-31,0.2,0.39063,0.59875,0.169,0.254,0.304,0.466,0.614,0.719,0.874,0.969,1.139,1.31,1.764,2.091,2.234,2.33
2009-09-30,0.17563,0.35125,0.54875,0.171,0.25,0.301,0.429,0.601,0.684,0.819,0.93,1.108,1.301,1.7349999999999999,2.054,2.199,2.25
2009-10-30,0.16188,0.32563,0.52625,0.18,0.264,0.368,0.515,0.679,0.807,1.008,1.121,1.275,1.415,1.845,2.141,2.2800000000000002,2.36
2009-11-30,0.1775,0.29875,0.49875,0.182,0.234,0.283,0.401,0.545,0.664,0.829,0.935,1.115,1.266,1.734,2.029,2.165,2.21
2009-12-31,0.165,0.2775,0.48,0.139,0.152,0.233,0.33,0.473,0.584,0.775,0.908,1.099,1.295,1.7429999999999999,2.106,2.275,2.325
2010-01-29,0.15563,0.255,0.4625,0.124,0.164,0.23,0.364,0.5,0.64,0.84,0.974,1.159,1.325,1.8,2.123,2.295,2.35
2010-02-26,0.15688,0.25313,0.45313,0.123,0.165,0.225,0.359,0.505,0.634,0.81,0.94,1.129,1.305,1.8010000000000002,2.146,2.31,2.36
2010-03-31,0.155,0.24188,0.44875,0.123,0.181,0.25,0.38,0.559,0.675,0.884,1.036,1.215,1.4,1.855,2.175,2.3,2.34
2010-04-30,0.15713,0.24,0.44688,0.132,0.17,0.213,0.322,0.47,0.583,0.783,0.939,1.116,1.29,1.75,2.056,2.13,2.17
2010-05-31,0.16188,0.24563,0.45188,0.134,0.17,0.213,0.294,0.438,0.549,0.719,0.878,1.079,1.2650000000000001,1.736,2.03,2.09,2.1390000000000002
2010-06-30,0.15813,0.24438,0.445,0.134,0.155,0.178,0.224,0.354,0.409,0.564,0.704,0.884,1.091,1.513,1.814,1.881,1.9340000000000002
2010-07-30,0.155,0.24063,0.44125,0.135,0.155,0.179,0.243,0.358,0.437,0.599,0.719,0.899,1.074,1.478,1.7530000000000001,1.784,1.845
2010-08-31,0.14813,0.23375,0.435,0.115,0.126,0.139,0.186,0.261,0.339,0.486,0.61,0.798,0.971,1.365,1.671,1.6949999999999998,1.728
2010-09-30,0.14,0.21625,0.4275,0.12,0.141,0.155,0.194,0.268,0.313,0.469,0.535,0.723,0.94,1.3639999999999999,1.6800000000000002,1.818,1.795
2010-10-29,0.12625,0.19688,0.3975,0.12,0.145,0.168,0.238,0.304,0.368,0.494,0.594,0.768,0.939,1.459,1.829,1.9849999999999999,1.999
2010-11-30,0.12,0.1875,0.35563,0.156,0.2,0.24,0.354,0.45,0.554,0.745,0.865,1.044,1.194,1.6680000000000001,1.99,2.109,2.1
2010-12-31,0.12625,0.18813,0.3475,0.144,0.18,0.198,0.278,0.409,0.49,0.684,0.805,0.959,1.1280000000000001,1.5310000000000001,1.861,2,2.004
2011-01-31,0.1275,0.18875,0.3475,0.145,0.205,0.243,0.373,0.495,0.558,0.745,0.874,1.034,1.219,1.658,1.979,2.161,2.208
2011-02-28,0.1325,0.19125,0.34625,0.181,0.25,0.318,0.45,0.555,0.659,0.844,0.988,1.13,1.264,1.688,2.008,2.155,2.249
2011-03-31,0.15,0.2,0.34625,0.151,0.21,0.248,0.368,0.5,0.577,0.766,0.909,1.071,1.26,1.714,2.046,2.185,2.37
2011-04-29,0.14438,0.19563,0.34563,0.165,0.205,0.251,0.363,0.475,0.58,0.77,0.91,1.06,1.21,1.6800000000000002,2.03,2.14,2.324
2011-05-31,0.13938,0.19563,0.34188,0.15,0.184,0.235,0.33,0.43,0.525,0.71,0.85,1.005,1.165,1.615,1.9649999999999999,2.065,2.233
2011-06-30,0.14,0.19531,0.34156,0.135,0.175,0.22,0.31,0.43,0.505,0.665,0.795,0.955,1.1400000000000001,1.565,1.895,2.015,2.22
2011-07-29,0.14031,0.19531,0.34031,0.127,0.155,0.206,0.284,0.376,0.465,0.632,0.749,0.927,1.082,1.537,1.863,2.005,2.237
2011-08-31,0.14344,0.19313,0.33438,0.115,0.14,0.167,0.263,0.344,0.43,0.58,0.69,0.878,1.034,1.495,1.845,2.001,2.284
2011-09-30,0.14313,0.19413,0.33313,0.123,0.147,0.176,0.277,0.373,0.44,0.588,0.682,0.861,1.032,1.409,1.73,1.928,2.069
2011-10-31,0.14313,0.19538,0.33438,0.12,0.152,0.204,0.297,0.386,0.481,0.63,0.743,0.919,1.047,1.475,1.803,1.9929999999999999,2.221
2011-11-30,0.14375,0.1975,0.33625,0.117,0.141,0.191,0.289,0.378,0.504,0.666,0.773,0.947,1.072,1.501,1.829,1.992,2.186
2011-12-30,0.14429,0.19571,0.33571,0.118,0.136,0.175,0.256,0.349,0.413,0.551,0.652,0.833,0.988,1.408,1.763,1.9140000000000001,2.093
2012-01-31,0.14429,0.19571,0.33571,0.121,0.128,0.2,0.265,0.339,0.427,0.555,0.672,0.829,0.967,1.416,1.7349999999999999,1.915,2.107
2012-02-29,0.14429,0.19571,0.33586,0.111,0.112,0.132,0.215,0.297,0.396,0.547,0.659,0.819,0.963,1.428,1.7570000000000001,1.936,2.122
2012-03-30,0.14429,0.19571,0.33586,0.109,0.118,0.157,0.204,0.318,0.403,0.57,0.684,0.824,0.989,1.404,1.755,1.94,2.091
2012-04-30,0.14429,0.19571,0.33586,0.103,0.108,0.131,0.185,0.263,0.357,0.505,0.612,0.762,0.897,1.367,1.7069999999999999,1.895,2.066
2012-05-31,0.14429,0.19571,0.33586,0.103,0.105,0.1,0.127,0.207,0.306,0.451,0.541,0.689,0.824,1.2810000000000001,1.619,1.774,1.9809999999999999
2012-06-29,0.14286,0.19571,0.33443,0.103,0.114,0.105,0.126,0.22,0.283,0.429,0.525,0.671,0.837,1.275,1.666,1.8900000000000001,2.144
2012-07-31,0.14286,0.19571,0.33443,0.103,0.103,0.105,0.123,0.198,0.287,0.429,0.526,0.665,0.794,1.241,1.615,1.8239999999999998,2.04
2012-08-31,0.14086,0.19443,0.32943,0.098,0.095,0.097,0.13,0.209,0.287,0.436,0.536,0.666,0.797,1.266,1.657,1.887,2.144
2012-09-28,0.13943,0.19157,0.318,0.098,0.098,0.095,0.127,0.197,0.253,0.397,0.493,0.62,0.778,1.227,1.642,1.891,2.086
2012-10-31,0.13514,0.18857,0.30229,0.098,0.1,0.107,0.143,0.199,0.278,0.394,0.525,0.648,0.775,1.232,1.709,1.963,2.165
2012-11-30,0.13371,0.18571,0.30071,0.097,0.098,0.101,0.132,0.174,0.235,0.338,0.461,0.582,0.716,1.197,1.678,1.9449999999999998,2.145
2012-12-31,0.13086,0.17571,0.28229,0.097,0.098,0.102,0.12,0.185,0.253,0.385,0.534,0.667,0.791,1.254,1.7530000000000001,1.979,2.154
2013-01-31,0.12943,0.16714,0.27229,0.083,0.075,0.075,0.103,0.149,0.224,0.399,0.499,0.629,0.754,1.276,1.775,1.988,2.176
2013-02-28,0.12571,0.16143,0.26429,0.067,0.051,0.049,0.09,0.123,0.173,0.324,0.421,0.54,0.663,1.1179999999999999,1.624,1.826,1.979
2013-03-29,0.12429,0.16143,0.25714,0.067,0.052,0.06,0.093,0.136,0.161,0.267,0.345,0.441,0.551,0.902,1.387,1.506,1.575
2013-04-30,0.12143,0.15571,0.24714,0.102,0.128,0.149,0.205,0.26,0.286,0.389,0.457,0.538,0.609,0.985,1.494,1.605,1.631
2013-05-31,0.12014,0.15429,0.24214,0.112,0.146,0.178,0.25,0.35,0.45,0.603,0.712,0.804,0.857,1.207,1.626,1.752,1.849
2013-06-28,0.11714,0.15643,0.23214,0.102,0.132,0.149,0.2,0.313,0.378,0.565,0.69,0.78,0.853,1.22,1.71,1.839,1.909
2013-07-31,0.11571,0.15571,0.2257,0.102,0.117,0.137,0.211,0.292,0.348,0.541,0.636,0.733,0.802,1.229,1.716,1.818,1.8900000000000001
2013-08-30,0.11643,0.15357,0.22356,0.102,0.108,0.138,0.191,0.263,0.314,0.472,0.565,0.655,0.72,1.146,1.646,1.7570000000000001,1.85
2013-09-30,0.115,0.15429,0.2225,0.093,0.108,0.123,0.158,0.243,0.257,0.409,0.504,0.598,0.686,1.059,1.5699999999999998,1.706,1.766
2013-10-31,0.10929,0.14286,0.21107,0.083,0.098,0.12,0.16,0.2,0.226,0.355,0.434,0.521,0.595,0.988,1.484,1.623,1.6720000000000002
2013-11-29,0.11143,0.14357,0.20536,0.083,0.089,0.111,0.131,0.185,0.216,0.36,0.434,0.526,0.605,0.971,1.484,1.641,1.717
2013-12-31,0.10857,0.14786,0.20893,0.09,0.094,0.1,0.175,0.246,0.304,0.463,0.555,0.65,0.741,1.05,1.591,1.738,1.752
2014-01-31,0.10714,0.14071,0.2025,0.082,0.082,0.109,0.147,0.198,0.227,0.366,0.448,0.538,0.622,0.966,1.462,1.635,1.674
2014-02-28,0.10357,0.14,0.19,0.067,0.074,0.089,0.13,0.181,0.208,0.33,0.411,0.499,0.586,0.926,1.443,1.647,1.686
2014-03-31,0.10143,0.13643,0.18643,0.083,0.089,0.098,0.145,0.2,0.235,0.353,0.447,0.541,0.642,0.969,1.51,1.714,1.759
2014-04-30,0.09857,0.135,0.18893,0.078,0.092,0.105,0.146,0.197,0.236,0.369,0.449,0.542,0.627,0.985,1.491,1.712,1.776
2014-05-30,0.09786,0.135,0.18357,0.08,0.09,0.101,0.129,0.176,0.219,0.319,0.394,0.496,0.578,0.943,1.441,1.687,1.7970000000000002
2014-06-30,0.09786,0.13286,0.17857,0.073,0.073,0.089,0.108,0.169,0.194,0.283,0.357,0.461,0.566,0.912,1.427,1.688,1.803
2014-07-31,0.09357,0.13,0.17786,0.053,0.067,0.089,0.108,0.158,0.179,0.29,0.359,0.448,0.538,0.903,1.404,1.678,1.792
2014-08-29,0.09286,0.12786,0.17571,0.053,0.075,0.09,0.112,0.162,0.188,0.265,0.332,0.414,0.496,0.855,1.329,1.625,1.79
2014-09-30,0.08514,0.11643,0.16786,0.062,0.077,0.089,0.107,0.175,0.195,0.266,0.338,0.42,0.531,0.857,1.353,1.612,1.749
2014-10-31,0.083,0.11214,0.15786,0.023,0.033,0.039,0.064,0.119,0.14,0.22,0.285,0.369,0.458,0.815,1.29,1.604,1.774
2014-11-28,0.07786,0.10643,0.14786,0.003,0.008,0.006,0.04,0.106,0.117,0.198,0.26,0.339,0.421,0.743,1.181,1.383,1.518
2014-12-31,0.08014,0.11214,0.14443,-0.019,-0.022,-0.02,-0.009,0.03,0.028,0.095,0.155,0.227,0.329,0.604,1.055,1.2389999999999999,1.318
2015-01-30,0.07286,0.10429,0.14214,0.014,0.009,0.022,0.037,0.046,0.045,0.095,0.147,0.219,0.278,0.598,1.036,1.276,1.3599999999999999
2015-02-27,0.07071,0.09571,0.13643,0.008,0.018,0.013,0.034,0.073,0.067,0.114,0.184,0.256,0.335,0.685,1.154,1.421,1.524
2015-03-31,0.07214,0.10071,0.14071,0.04,0.046,0.062,0.083,0.141,0.151,0.176,0.246,0.315,0.405,0.691,1.135,1.346,1.421
2015-04-30,0.07214,0.09429,0.13929,0.01,0.012,0.01,0.037,0.09,0.115,0.147,0.215,0.273,0.342,0.673,1.105,1.3559999999999999,1.512
2015-05-29,0.06357,0.09643,0.135,0.005,0.004,0.005,0.027,0.09,0.126,0.161,0.246,0.324,0.394,0.724,1.194,1.474,1.6440000000000001
2015-06-30,0.05857,0.09929,0.13929,0.008,0.009,0.027,0.052,0.127,0.156,0.221,0.299,0.37,0.465,0.758,1.207,1.439,1.62
2015-07-31,0.05643,0.09643,0.13,0.01,0.01,0.024,0.059,0.1,0.117,0.187,0.252,0.34,0.415,0.754,1.166,1.415,1.585
2015-08-31,0.053,0.08929,0.13086,0.003,0.015,0.01,0.04,0.068,0.103,0.153,0.223,0.297,0.38,0.73,1.145,1.4,1.575
2015-09-30,0.03857,0.08443,0.12514,0.01,0.02,0.021,0.032,0.066,0.084,0.109,0.169,0.248,0.356,0.677,1.1360000000000001,1.404,1.542
2015-10-30,0.04943,0.08143,0.12157,0.013,0.007,0.016,0.024,0.043,0.068,0.096,0.152,0.227,0.309,0.641,1.07,1.349,1.4929999999999999
2015-11-30,0.03786,0.07357,0.11643,-0.001,-0.005,0.001,0.025,0.041,0.062,0.098,0.152,0.226,0.307,0.637,1.067,1.383,1.533
2015-12-31,0.04929,0.08286,0.11929,-0.048,-0.009,-0.009,0.003,0.028,0.032,0.068,0.112,0.176,0.265,0.552,1.004,1.2730000000000001,1.397
2016-01-29,0.02143,0.04771,0.06143,-0.067,-0.072,-0.067,-0.06,-0.065,-0.075,-0.051,-0.024,0.025,0.1,0.388,0.813,0.995,1.157
2016-02-29,-0.053,-0.00714,-0.00629,-0.172,-0.235,-0.245,-0.231,-0.223,-0.213,-0.209,-0.175,-0.12,-0.06,0.191,0.544,0.855,0.972
2016-03-31,-0.06314,-0.00429,0.0235,-0.182,-0.184,-0.214,-0.2,-0.182,-0.185,-0.17,-0.147,-0.104,-0.029,0.172,0.445,0.54,0.579
2016-04-29,-0.04971,-0.02257,0.00586,-0.263,-0.236,-0.225,-0.21,-0.195,-0.204,-0.182,-0.155,-0.12,-0.075,0.078,0.318,0.334,0.355
2016-05-31,-0.05343,-0.02243,-0.00507,-0.262,-0.233,-0.232,-0.238,-0.225,-0.229,-0.226,-0.2,-0.153,-0.105,0.035,0.251,0.304,0.37
2016-06-30,-0.05214,-0.02243,-0.0095,-0.322,-0.295,-0.285,-0.303,-0.306,-0.31,-0.311,-0.295,-0.273,-0.217,-0.095,0.076,0.135,0.158
2016-07-29,-0.03771,-0.00771,0.0055,-0.265,-0.25,-0.261,-0.255,-0.266,-0.277,-0.28,-0.269,-0.235,-0.19,-0.007,0.183,0.26,0.33
2016-08-31,-0.07214,-0.02829,-0.00036,-0.216,-0.196,-0.19,-0.175,-0.173,-0.175,-0.175,-0.145,-0.103,-0.063,0.099,0.344,0.429,0.495
2016-09-30,-0.045,-0.02593,0.00336,-0.318,-0.287,-0.28,-0.26,-0.245,-0.24,-0.24,-0.198,-0.155,-0.089,0.093,0.352,0.46,0.522
2016-10-31,-0.04214,-0.02586,0.01557,-0.289,-0.239,-0.234,-0.207,-0.189,-0.177,-0.172,-0.142,-0.109,-0.048,0.106,0.385,0.513,0.609
2016-11-30,-0.10971,-0.06743,0.01114,-0.233,-0.157,-0.153,-0.116,-0.094,-0.079,-0.068,-0.033,-0.006,0.025,0.177,0.453,0.575,0.674
2016-12-30,-0.08086,-0.04657,0.01493,-0.268,-0.18,-0.164,-0.118,-0.108,-0.083,-0.064,-0.018,0.008,0.046,0.243,0.581,0.723,0.847
2017-01-31,-0.01357,-0.00957,0.022,-0.275,-0.194,-0.15,-0.107,-0.09,-0.056,0.006,0.034,0.062,0.087,0.329,0.662,0.832,0.98
2017-02-28,-0.05471,-0.01043,0.02586,-0.245,-0.263,-0.195,-0.154,-0.138,-0.099,-0.061,-0.019,0.022,0.056,0.305,0.631,0.809,0.952
2017-03-31,-0.00386,0.02593,0.04193,-0.245,-0.186,-0.18,-0.139,-0.118,-0.094,-0.053,-0.015,0.03,0.07,0.305,0.638,0.853,1.051
2017-04-28,-0.02121,0.00243,0.02429,-0.209,-0.209,-0.175,-0.169,-0.154,-0.127,-0.104,-0.064,-0.024,0.018,0.243,0.565,0.781,0.995
2017-05-31,-0.03243,-0.01579,0.023,-0.168,-0.158,-0.142,-0.122,-0.113,-0.087,-0.064,-0.027,0.013,0.049,0.277,0.574,0.804,0.957
2017-06-30,-0.0205,-0.00014,0.02,-0.127,-0.12,-0.096,-0.075,-0.064,-0.041,-0.019,0.012,0.045,0.086,0.288,0.593,0.853,1.03
2017-07-31,-0.03443,-0.01579,0.00886,-0.123,-0.113,-0.086,-0.063,-0.058,-0.037,-0.003,0.019,0.053,0.083,0.296,0.593,0.879,1.092
2017-08-31,-0.05307,-0.02814,-0.00743,-0.151,-0.161,-0.16,-0.136,-0.136,-0.116,-0.086,-0.061,-0.021,0.009,0.239,0.544,0.829,1.04
2017-09-29,-0.0475,-0.05121,-0.00893,-0.153,-0.121,-0.115,-0.091,-0.08,-0.066,-0.03,-0.008,0.019,0.068,0.273,0.581,0.866,1.074
2017-10-31,-0.01729,-0.04407,-0.00086,-0.165,-0.16,-0.129,-0.098,-0.094,-0.059,-0.033,-0.002,0.033,0.071,0.296,0.598,0.873,1.071
2017-11-30,-0.04216,-0.016,0.0165,-0.174,-0.156,-0.125,-0.119,-0.111,-0.086,-0.062,-0.031,0.005,0.039,0.271,0.572,0.828,1.003
2017-12-29,-0.03036,-0.02417,0.0215,-0.145,-0.132,-0.114,-0.11,-0.101,-0.08,-0.057,-0.025,0.012,0.048,0.265,0.572,0.813,0.969
2018-01-31,-0.03723,-0.04067,0.01517,-0.13,-0.131,-0.092,-0.086,-0.078,-0.047,-0.007,0.013,0.053,0.085,0.301,0.593,0.818,0.959
2018-02-28,-0.08033,-0.06017,0.007,-0.157,-0.156,-0.131,-0.12,-0.106,-0.079,-0.05,-0.02,0.02,0.053,0.269,0.55,0.763,0.89
2018-03-30,-0.04153,-0.03133,0.02317,-0.135,-0.133,-0.112,-0.106,-0.101,-0.082,-0.057,-0.035,0.005,0.049,0.245,0.534,0.743,0.882
2018-04-30,-0.04783,-0.03033,0.0227,-0.134,-0.132,-0.117,-0.11,-0.1,-0.069,-0.033,-0.015,0.022,0.055,0.265,0.535,0.746,0.869
2018-05-31,-0.05013,-0.01817,0.02292,-0.14,-0.142,-0.13,-0.118,-0.118,-0.08,-0.053,-0.031,0.008,0.04,0.247,0.514,0.719,0.868
2018-06-29,-0.07417,-0.045,0.0055,-0.121,-0.115,-0.115,-0.106,-0.108,-0.084,-0.058,-0.044,-0.001,0.036,0.242,0.502,0.713,0.861
2018-07-31,-0.06833,-0.032,0.0145,-0.112,-0.106,-0.1,-0.086,-0.089,-0.049,-0.026,-0.005,0.024,0.062,0.28,0.537,0.759,0.875
2018-08-31,-0.0755,-0.03233,0.02667,-0.111,-0.112,-0.094,-0.074,-0.076,-0.036,-0.002,0.028,0.066,0.107,0.335,0.624,0.851,0.99
2018-09-28,-0.084,-0.05483,0.02,-0.121,-0.111,-0.088,-0.075,-0.067,-0.023,0.016,0.051,0.09,0.13,0.365,0.657,0.908,1.073
2018-10-31,-0.10067,-0.08633,0.01517,-0.143,-0.123,-0.112,-0.099,-0.08,-0.05,-0.01,0.026,0.073,0.127,0.366,0.651,0.872,1.036
2018-11-30,-0.1435,-0.1155,-0.00433,-0.144,-0.129,-0.117,-0.112,-0.1,-0.08,-0.049,-0.018,0.031,0.092,0.321,0.596,0.819,0.978
2018-12-31,-0.10767,-0.07267,0.00983,-0.146,-0.141,-0.139,-0.14,-0.142,-0.144,-0.137,-0.121,-0.067,0.003,0.24,0.494,0.719,0.852
2019-01-31,-0.094,-0.08867,-0.00217,-0.173,-0.164,-0.16,-0.158,-0.158,-0.154,-0.149,-0.126,-0.07,0.005,0.221,0.453,0.653,0.743
2019-02-28,-0.09967,-0.07833,0.00617,-0.152,-0.152,-0.153,-0.157,-0.156,-0.154,-0.156,-0.134,-0.084,-0.022,0.195,0.424,0.607,0.682
2019-03-29,-0.09983,-0.064,0.00467,-0.17,-0.169,-0.178,-0.193,-0.195,-0.197,-0.204,-0.189,-0.144,-0.081,0.127,0.339,0.505,0.564
2019-04-30,-0.10983,-0.065,0.0065,-0.157,-0.149,-0.154,-0.16,-0.161,-0.16,-0.152,-0.133,-0.091,-0.04,0.161,0.371,0.566,0.602
2019-05-31,-0.12733,-0.06067,0.00317,-0.16,-0.171,-0.182,-0.188,-0.193,-0.192,-0.193,-0.175,-0.139,-0.094,0.103,0.296,0.459,0.508
2019-06-28,-0.112,-0.0655,-0.02233,-0.197,-0.217,-0.221,-0.237,-0.256,-0.256,-0.252,-0.248,-0.208,-0.158,0.05,0.227,0.362,0.406
2019-07-31,-0.1005,-0.07333,-0.03633,-0.173,-0.202,-0.207,-0.231,-0.236,-0.241,-0.246,-0.235,-0.201,-0.153,0.036,0.21,0.354,0.397
2019-08-30,-0.12567,-0.092,-0.0495,-0.255,-0.296,-0.3,-0.333,-0.345,-0.36,-0.375,-0.368,-0.322,-0.269,-0.079,0.06,0.156,0.173
2019-09-30,-0.10867,-0.09917,-0.05083,-0.295,-0.315,-0.336,-0.354,-0.355,-0.355,-0.35,-0.344,-0.293,-0.213,0.022,0.21,0.371,0.44
2019-10-31,-0.11167,-0.115,-0.0475,-0.208,-0.23,-0.238,-0.244,-0.263,-0.259,-0.259,-0.255,-0.201,-0.133,0.073,0.233,0.389,0.429
2019-11-29,-0.191,-0.0835,-0.01167,-0.158,-0.169,-0.172,-0.17,-0.171,-0.186,-0.186,-0.177,-0.132,-0.073,0.101,0.26,0.416,0.453
2019-12-31,-0.08467,-0.04733,0.018,-0.117,-0.131,-0.112,-0.119,-0.118,-0.112,-0.101,-0.091,-0.056,-0.011,0.138,0.288,0.425,0.444
2020-01-31,-0.08383,-0.05667,0.0125,-0.134,-0.143,-0.161,-0.161,-0.166,-0.168,-0.164,-0.145,-0.105,-0.066,0.087,0.234,0.375,0.384
2020-02-28,-0.119,-0.076,-0.043,-0.212,-0.248,-0.247,-0.249,-0.255,-0.271,-0.278,-0.255,-0.205,-0.153,0.028,0.158,0.288,0.306
