Dates,1Y,2Y,3Y,4Y,5Y,6Y,7Y,8Y,9Y,10Y,15Y,20Y,30Y,1M,3M,6M,12M
1980-01-31,,,,,,,,,,,,,,,,,
1980-02-29,,,,,,,,,,,,,,,,,
1980-03-31,,,,,,,,,,,,,,,,,
1980-04-30,,,,,,,,,,,,,,,,,
1980-05-30,,,,,,,,,,,,,,,,,
1980-06-30,,,,,,,,,,,,,,,,,
1980-07-31,,,,,,,,,,,,,,,,,
1980-08-29,,,,,,,,,,,,,,,,,
1980-09-30,,,,,,,,,,,,,,,,,
1980-10-31,,,,,,,,,,,,,,,,,
1980-11-28,,,,,,,,,,,,,,,,,
1980-12-31,,,,,,,,,,,,,,,,,
1981-01-30,,,,,,,,,,,,,,,,,
1981-02-27,,,,,,,,,,,,,,,,,
1981-03-31,,,,,,,,,,,,,,,,,
1981-04-30,,,,,,,,,,,,,,,,,
1981-05-29,,,,,,,,,,,,,,,,,
1981-06-30,,,,,,,,,,,,,,,,,
1981-07-31,,,,,,,,,,,,,,,,,
1981-08-31,,,,,,,,,,,,,,,,,
1981-09-30,,,,,,,,,,,,,,,,,
1981-10-30,,,,,,,,,,,,,,,,,
1981-11-30,,,,,,,,,,,,,,,,,
1981-12-31,,,,,,,,,,,,,,,,,
1982-01-29,,,,,,,,,,,,,,,,,
1982-02-26,,,,,,,,,,,,,,,,,
1982-03-31,,,,,,,,,,,,,,,,,
1982-04-30,,,,,,,,,,,,,,,,,
1982-05-31,,,,,,,,,,,,,,,,,
1982-06-30,,,,,,,,,,,,,,,,,
1982-07-30,,,,,,,,,,,,,,,,,
1982-08-31,,,,,,,,,,,,,,,,,
1982-09-30,,,,,,,,,,,,,,,,,
1982-10-29,,,,,,,,,,,,,,,,,
1982-11-30,,,,,,,,,,,,,,,,,
1982-12-31,,,,,,,,,,,,,,,,,
1983-01-31,,,,,,,,,,,,,,,,,
1983-02-28,,,,,,,,,,,,,,,,,
1983-03-31,,,,,,,,,,,,,,,,,
1983-04-29,,,,,,,,,,,,,,,,,
1983-05-31,,,,,,,,,,,,,,,,,
1983-06-30,,,,,,,,,,,,,,,,,
1983-07-29,,,,,,,,,,,,,,,,,
1983-08-31,,,,,,,,,,,,,,,,,
1983-09-30,,,,,,,,,,,,,,,,,
1983-10-31,,,,,,,,,,,,,,,,,
1983-11-30,,,,,,,,,,,,,,,,,
1983-12-30,,,,,,,,,,,,,,,,,
1984-01-31,,,,,,,,,,,,,,,,,
1984-02-29,,,,,,,,,,,,,,,,,
1984-03-30,,,,,,,,,,,,,,,,,
1984-04-30,,,,,,,,,,,,,,,,,
1984-05-31,,,,,,,,,,,,,,,,,
1984-06-29,,,,,,,,,,,,,,,,,
1984-07-31,,,,,,,,,,,,,,,,,
1984-08-31,,,,,,,,,,,,,,,,,
1984-09-28,,,,,,,,,,,,,,,,,
1984-10-31,,,,,,,,,,,,,,,,,
1984-11-30,,,,,,,,,,,,,,,,,
1984-12-31,,,,,,,,,,,,,,,,,
1985-01-31,,,,,,,,,,,,,,,,,
1985-02-28,,,,,,,,,,,,,,,,,
1985-03-29,,,,,,,,,,,,,,,,,
1985-04-30,,,,,,,,,,,,,,,,,
1985-05-31,,,,,,,,,,,,,,,,,
1985-06-28,,,,,,,,,,,,,,,,,
1985-07-31,,,,,,,,,,,,,,,,,
1985-08-30,,,,,,,,,,,,,,,,,
1985-09-30,,,,,,,,,,,,,,,,,
1985-10-31,,,,,,,,,,,,,,,,,
1985-11-29,,,,,,,,,,,,,,,,,
1985-12-31,,,,,,,,,,,,,,,,,
1986-01-31,,,,,,,,,,,,,,,,,
1986-02-28,,,,,,,,,,,,,,,,,
1986-03-31,,,,,,,,,,,,,,,,,
1986-04-30,,,,,,,,,,,,,,,,,
1986-05-30,,,,,,,,,,,,,,,,,
1986-06-30,,,,,,,,,,,,,,,,,
1986-07-31,,,,,,,,,,,,,,,,,
1986-08-29,,,,,,,,,,,,,,,,,
1986-09-30,,,,,,,,,,,,,,,,,
1986-10-31,,,,,,,,,,,,,,,,,
1986-11-28,,,,,,,,,,,,,,,,,
1986-12-31,,,,,,,,,,,,,,,,,
1987-01-30,,,,,,,,,,,,,,,,,
1987-02-27,,,,,,,,,,,,,,,,,
1987-03-31,,,,,,,,,,,,,,,,,
1987-04-30,,,,,,,,,,,,,,,,,
1987-05-29,,,,,,,,,,,,,,,,,
1987-06-30,,,,,,,,,,,,,,,,,
1987-07-31,,,,,,,,,,,,,,,,,
1987-08-31,,,,,,,,,,,,,,,,,
1987-09-30,,,,,,,,,,,,,,,,,
1987-10-30,,,,,,,,,,,,,,,,,
1987-11-30,,,,,,,,,,,,,,,,,
1987-12-31,,,,,,,,,,,,,,,,,
1988-01-29,,,,,,,,,,,,,,,,,
1988-02-29,,,,,,,,,,,,,,,,,
1988-03-31,,,,,,,,,,,,,,,,,
1988-04-29,,,,,,,,,,,,,,,,,
1988-05-31,,,,,,,,,,,,,,,,,
1988-06-30,,,,,,,,,,,,,,,,,
1988-07-29,,,,,,,,,,,,,,,,,
1988-08-31,,,,,,,,,,,,,,,,,
1988-09-30,,,,,,,,,,,,,,,,,
1988-10-31,,,,,,,,,,,,,,,,,
1988-11-30,,,,,,,,,,,,,,,,,
1988-12-30,,,,,,,,,,,,,,,,,
1989-01-31,,,,,,,,,,,,,,,,,
1989-02-28,,,,,,,,,,,,,,,,,
1989-03-31,,,,,,,,,,,,,,,,,
1989-04-28,,,,,,,,,,,,,,,,,
1989-05-31,,,,,,,,,,,,,,,,,
1989-06-30,,,,,,,,,,,,,,,,,
1989-07-31,,,,,,,,,,,,,,,,,
1989-08-31,,,,,,,,,,,,,,,,,
1989-09-29,,,,,,,,,,,,,,,,,
1989-10-31,,,,,,,,,,,,,,,,,
1989-11-30,,,,,,,,,,,,,,7.375,7.75,7.8125,
1989-12-29,,,,,,,,,,,,,,8.875,8.5625,8.375,
1990-01-31,,,,,,,,,,,,,,9.9375,9.9375,9.8125,
1990-02-28,,,,,,,,,,,,,,9.25,9.5,9.5,
1990-03-30,,,,,,,,,,,,,,9.125,9.125,8.1875,
1990-04-30,,,,,,,,,,,,,,9.375,9.375,9.375,
1990-05-31,,,,,,,,,,,,,,8.75,8.6875,8.6875,
1990-06-29,,,,,,,,,,,,,,8.9375,8.9375,8.6875,
1990-07-31,,,,,,,,,,,,,,8.875,8.875,8.875,
1990-08-31,,,,,,,,,,,,,,8.3125,8.625,8.6875,
1990-09-28,,,,,,,,,,,,,,8.0625,8.25,8.4375,
1990-10-31,,,,,,,,,,,,,,8.125,8.3125,8.1875,
1990-11-30,,,,,,,,,,,,,,9.19,9,8.81,
1990-12-31,,,,,,,,,,,,,,8.75,8.69,8.69,
1991-01-31,,,,,,,,,,,,,,8,8,8,
1991-02-28,,,,,,,,,,,,,,8.25,8.25,8.06,
1991-03-29,,,,,,,,,,,,,,8.56,8.56,8.19,
1991-04-30,,,,,,,,,,,,,,8.63,8.63,8.5,
1991-05-31,,,,,,,,,,,,,,8.13,8.19,8.13,
1991-06-28,,,,,,,,,,,,,,8.0625,8.0625,8,7.9375
1991-07-31,,,,,,,,,,,,,,7.875,7.875,8,7.875
1991-08-30,,,,,,,,,,,,,,8.125,8.0625,8,7.875
1991-09-30,,,,,,,,,,,,,,8.1875,8.25,8.125,7.9375
1991-10-31,,,,,,,,,,,,,,8,8.3125,8.3125,8.3125
1991-11-29,,,,,,,,,,,,,,8.125,8.125,8.125,7.9375
1991-12-31,,,,,,,,,,,,,,8.0625,8.125,8.125,7.9375
1992-01-31,,,,,,,,,,,,,,7.5,7.5,7.4375,7.3125
1992-02-28,,,,,,,,,,,,,,7.75,7.625,7.5625,7.375
1992-03-31,,,,,,,,,,,,,,9.0625,8.875,8.6875,8.3125
1992-04-30,,,,,,,,,,,,,,8.9375,8.875,8.75,8.4375
1992-05-29,,,,,,,,,,,,,,9.625,9.3125,9.125,8.875
1992-06-30,,,,,,,,,,,,,,9.125,9.1875,9.125,8.875
1992-07-31,,,,,,,,,,,,,,8.5,8.625,8.625,8.5
1992-08-31,,,,,,,,,,,,,,7.8125,7.9375,7.9375,7.875
1992-09-30,,,,,,,,,,,,,,6.875,6.9375,6.9375,6.8125
1992-10-30,,,,,,,,,,,,,,6.3125,6.375,6.25,6
1992-11-30,,,,,,,,,,,,,,6.9375,6.5625,6.3125,6
1992-12-31,,,,,,,,,,,,,,6.125,6,5.875,5.5625
1993-01-29,,,,,,,,,,,,,,5.5,5.5,5.5,5.3125
1993-02-26,,,,,,,,,,,,,,5.625,5.5,5.25,4.9375
1993-03-31,,,,,,,,,,,,,,5.4375,5.1875,4.9375,4.625
1993-04-30,,,,,,,,,,,,,,5.3125,5.125,4.875,4.625
1993-05-31,,,,,,,,,,,,,,5.1875,5.1875,5,4.8125
1993-06-30,,,,,,,,,,,,,,5.1875,5.0625,4.875,4.625
1993-07-30,,,,,,,,,,,,,,4.75,4.6875,4.625,4.5
1993-08-31,,,,,,,,,,,,,,5,4.8125,4.625,4.4375
1993-09-30,,,,,,,,,,,,,,4.75,4.75,4.5625,4.3125
1993-10-29,,,,,,,,,,,,,,4.625,4.5625,4.375,4.125
1993-11-30,,,,,,,,,,,,,,4.75,4.5,4.25,4
1993-12-31,,,,,,,,,,,,,,4.3125,4.125,3.9375,3.875
1994-01-31,,,,,,,,,,,,,,4.3125,4.125,3.9375,3.75
1994-02-28,,,,4.102,,,4.321,,4.398,4.392,4.391,4.59,,4.25,4.1875,4.0625,4
1994-03-31,,,4.143,4.224,,,4.4879999999999995,,4.533,4.55,4.638,4.818,,4.25,4.1875,4.0625,4.0625
1994-04-29,,,4.143,4.49,,,4.846,,4.855,4.93,4.9399999999999995,5.148,,3.9375,4,4,4.0625
1994-05-31,,,4.143,4.464,,,4.8870000000000005,,4.832,4.969,5.008,5.302,,4.3125,4.25,4.25,4.3125
1994-06-30,,,4.143,5.009,,,5.342,,5.394,5.285,5.397,5.763,,4.25,4.375,4.4375,4.625
1994-07-29,,,4.143,4.671,,,5.031,,5.139,5.183,5.191,5.479,,4.3125,4.375,4.5,4.625
1994-08-31,,,4.143,5.017,5.088,,5.32,,5.325,5.435,5.469,5.783,,4.1875,4.3125,4.5,4.75
1994-09-30,,,4.143,5.115,5.214,,5.452,,5.555,5.5600000000000005,5.5809999999999995,5.797,,3.9375,4.1875,4.375,4.75
1994-10-31,,,4.7379999999999995,5.22,5.293,,5.458,,5.537,5.556,5.579,5.858,,3.75,4.0625,4.1875,4.625
1994-11-30,,4.742,4.773,5.015,5.147,,5.234,,5.251,5.313,5.3469999999999995,5.649,,3.875,4,4.25,4.5625
1994-12-30,,4.775,4.811,4.868,5.004,,5.216,,5.277,5.236,5.258,5.535,,3.9375,4.25,4.5,4.8125
1995-01-31,,4.567,4.842,4.871,4.953,,5.174,,5.274,5.2379999999999995,5.264,5.554,,3.8125,4,4.25,4.5625
1995-02-28,,4.507,4.849,4.8,4.927,,5.144,,5.22,5.221,5.264,5.517,,3.625,3.875,4.0625,4.4375
1995-03-31,,4.061,4.695,4.496,4.618,,4.925,,5.075,5.082,5.106,5.369,,3.5,3.5,3.625,3.75
1995-04-28,,3.923,4.195,4.255,4.493,,4.756,,4.854,4.951,4.973,5.171,,3.4375,3.5,3.5625,3.6875
1995-05-31,,3.878,4.004,4.051,4.323,,4.6,,4.854,4.752,4.849,5.06,,3.25,3.26563,3.32813,3.4375
1995-06-30,,3.839,3.9859999999999998,3.998,4.188,,4.466,,4.854,4.741,4.84,5.132,,3.125,3.125,3.20313,3.39063
1995-07-31,,3.487,3.6879999999999997,3.75,4.143,,4.402,,4.854,4.6370000000000005,4.744,5.023,,2.625,2.73438,2.875,3.0625
1995-08-31,,3.582,3.535,3.683,3.957,,4.283,,4.854,4.539,4.725,4.951,,2.875,2.875,2.875,2.9375
1995-09-29,,3.014,3.138,3.208,3.524,,3.932,,4.355,4.356,4.541,4.8629999999999995,,2.46875,2.48438,2.48438,2.48438
1995-10-31,,2.568,2.6710000000000003,2.963,3.3529999999999998,,3.895,,4.119,4.232,4.541,4.724,,2,2.07813,2.09375,2.125
1995-11-30,,2.133,2.347,2.719,3.099,,3.608,,3.8369999999999997,3.926,4.541,4.396,,2.3125,2.125,2,1.9375
1995-12-29,,2.384,2.213,2.659,3.087,,3.648,,3.763,3.857,4.541,4.428,,1.8125,1.8125,1.8125,1.8125
1996-01-31,,2.384,2.5869999999999997,3.174,3.487,,3.724,,4.211,4.286,4.541,4.821,,1.76563,1.76563,1.79688,1.84375
1996-02-29,,2.384,2.746,3.186,3.453,,3.763,,4.109,4.229,4.541,4.911,,1.57813,1.625,1.6875,1.9375
1996-03-29,,2.384,2.5949999999999998,2.987,3.374,,3.731,,4.135,4.239,4.541,4.897,,1.76563,1.79688,1.80469,1.9375
1996-04-30,,2.384,2.455,2.879,3.228,,3.602,,4.003,4.16,4.541,4.855,,1.875,1.875,1.875,2
1996-05-31,,2.384,3.028,3.457,3.795,,4.086,,4.422,4.558,4.541,5.213,,2.70313,2.625,2.625,2.75
1996-06-28,,2.384,2.974,3.409,3.79,,4.061,,4.307,4.37,4.541,5.01,,2.5,2.5625,2.625,2.8125
1996-07-31,,2.384,2.863,3.357,3.675,,3.948,,4.232,4.372,4.541,5.038,,2.5,2.5625,2.625,2.76563
1996-08-30,,2.384,2.581,3.178,3.531,,3.784,,4.095,4.264,4.541,4.93,,2.11719,2.17188,2.25,2.375
1996-09-30,,2.384,2.274,2.807,3.18,,3.505,,3.857,4.039,4.541,4.687,,1.39063,1.5,1.57813,1.76563
1996-10-31,,2.309,2.235,2.65,3.066,,3.429,,3.849,3.922,4.541,4.564,,1.67969,1.8125,1.8125,1.9648400000000001
1996-11-29,,2.224,2.235,2.724,3.127,,3.444,,3.791,3.939,4.541,4.646,,2.125,2.0625,2.0625,2.1875
1996-12-31,,2.034,2.235,2.432,2.899,,3.294,,3.674,3.863,4.541,4.587,,1.8125,1.875,1.88281,1.9375
1997-01-31,,1.9340000000000002,2.133,2.348,2.769,,3.154,,3.507,3.69,4.541,4.393,,1.71094,1.73438,1.75,1.875
1997-02-28,,1.663,1.9969999999999999,2.255,2.512,,2.9699999999999998,,3.286,3.421,4.541,4.049,,1.75,1.75,1.75,1.78125
1997-03-31,,1.889,2.254,2.545,2.802,,3.239,,3.547,3.682,4.541,4.377,,1.875,1.875,1.875,1.9335900000000001
1997-04-30,,1.763,2.094,2.426,2.635,,3.1,,3.436,3.572,4.541,4.272,,1.73438,1.8125,1.86328,1.9414099999999999
1997-05-30,,1.556,1.923,2.167,2.491,,2.953,,3.34,3.395,4.541,4.09,,0.98828,1.125,1.27734,1.40625
1997-06-30,,1.476,1.9,2.199,2.449,,2.892,,3.218,3.341,4.541,4.051,,1.375,1.4375,1.5,1.61328
1997-07-31,,1.5070000000000001,1.988,2.25,2.491,,2.898,,3.305,3.423,4.541,4.046,,1.51563,1.5625,1.6601599999999999,1.75
1997-08-29,,1.662,2.1189999999999998,2.3689999999999998,2.628,,3.037,,3.415,3.555,4.541,4.138,,1.25391,1.375,1.625,1.8125
1997-09-30,,1.736,2.234,2.492,2.691,,3.049,,3.408,3.531,4.541,4.134,,1.38672,1.59375,1.66797,1.90625
1997-10-31,,2.055,2.367,2.616,2.811,,3.1390000000000002,,3.465,3.58,4.541,4.042,,1.75,1.96094,2.03125,2.25
1997-11-28,,1.896,2.242,2.511,2.759,,3.079,,3.3689999999999998,3.509,4.541,3.98,,1.875,1.92969,1.94531,2.09375
1997-12-31,,1.587,1.975,2.189,2.433,,2.785,,3.157,3.283,4.541,3.761,,1.25,1.5,1.625,1.82422
1998-01-30,,1.287,1.6360000000000001,1.884,2.054,,2.447,,2.7800000000000002,2.909,4.541,3.481,,1.0625,1.1875,1.34766,1.5273400000000001
1998-02-27,,1.428,1.7069999999999999,1.8679999999999999,1.976,,2.393,,2.794,2.863,4.541,3.632,,0.875,1,1.09375,1.28125
1998-03-31,,1.794,1.98,2.133,2.231,,2.567,,2.888,2.952,4.541,3.7279999999999998,4.086,1.4375,1.48438,1.57813,1.75
1998-04-30,,1.988,2.216,2.352,2.423,,2.758,,3.101,3.158,4.541,3.923,4.186,1.47656,1.53125,1.65625,1.85547
1998-05-29,,1.913,2.14,2.243,2.334,,2.63,,2.8369999999999997,2.977,3.629,3.7960000000000003,4.049,1.6875,1.6875,1.75,1.8789099999999999
1998-06-30,,2.198,2.315,2.418,2.52,,2.762,,3.086,3.144,3.743,3.901,4.069,2.16406,2.15625,2.1875,2.24609
1998-07-31,,2.124,2.188,2.34,2.409,,2.717,,2.932,3.049,3.6470000000000002,3.797,4.085,1.84375,1.9414099999999999,2.03125,2.15625
1998-08-31,,1.658,1.821,2.045,2.121,,2.485,,2.558,2.74,3.509,3.7,3.93,1.57031,1.61328,1.69531,1.8164099999999999
1998-09-30,,1.462,1.689,1.866,1.891,,2.281,,2.628,2.725,3.572,3.754,3.991,1.375,1.57422,1.625,1.6875
1998-10-30,,1.2610000000000001,1.494,1.7029999999999998,1.8,,2.163,,2.498,2.609,3.333,3.526,3.783,1,1.25625,1.30844,1.41656
1998-11-30,,1.542,1.702,1.802,1.87,,2.053,,2.247,2.39,3.287,3.482,3.771,1.81281,1.75,1.75,1.79875
1998-12-31,,1.491,1.6600000000000001,1.762,1.8679999999999999,,2.044,,2.341,2.356,3.084,3.427,3.762,1.25,1.40828,1.5678100000000001,1.70719
1999-01-29,,1.556,1.677,1.724,1.904,,2.116,,2.263,2.419,3.013,3.406,3.795,1.19458,1.27167,1.37083,1.50833
1999-02-26,,1.4849999999999999,1.642,1.675,1.9220000000000002,,2.113,,2.249,2.402,3.027,3.396,3.805,1.24333,1.26167,1.30667,1.445
1999-03-31,,1.5350000000000001,1.683,1.709,1.9340000000000002,,2.151,,2.305,2.463,3.045,3.416,3.843,1.19125,1.24833,1.28354,1.43833
1999-04-30,,1.388,1.597,1.611,1.8559999999999999,,2.009,,2.186,2.403,2.9859999999999998,3.313,3.748,0.96167,0.99333,1.03667,1.19
1999-05-31,,1.425,1.685,1.721,1.964,,2.241,,2.403,2.5629999999999997,3.067,3.3689999999999998,3.828,1,1.02333,1.06208,1.25
1999-06-30,,1.905,2.161,2.194,2.398,,2.622,,2.7800000000000002,2.862,3.337,3.63,4.092,1.1783299999999999,1.22167,1.48667,1.605
1999-07-30,,2.006,2.277,2.348,2.481,,2.6959999999999997,,2.81,2.898,3.287,3.532,4.105,1.02167,1.12333,1.52333,1.68333
1999-08-31,,2.096,2.429,2.526,2.643,,2.872,,2.961,3.05,3.4,3.598,4.078,0.96333,1.09667,1.60167,1.78167
1999-09-30,,2.424,2.641,2.745,2.882,,3.072,,3.191,3.253,3.692,3.835,4.276,1.19167,1.915,1.86333,2.06167
1999-10-29,,2.701,3.027,3.106,3.159,,3.337,,3.372,3.414,3.908,4.106,4.463,1.17333,2.045,2.1,2.4333299999999998
1999-11-30,,2.448,2.871,3.016,3.028,,3.215,,3.404,3.441,3.876,3.985,4.354,2.04333,1.8616700000000002,1.8733300000000002,2.24667
1999-12-31,,2.265,2.615,2.729,2.893,,3.115,,3.371,3.503,3.8449999999999998,3.922,4.231,1.58833,1.84667,1.9449999999999998,2.20667
2000-01-31,,2.993,3.01,3.208,3.237,,3.501,,3.648,3.774,3.979,4.05,4.362,2.06833,2.13167,2.26167,2.67333
2000-02-29,,3.302,3.284,3.404,3.418,,3.623,,3.749,3.852,3.999,4.1,4.342,2.2,2.4416700000000002,2.68833,3.08333
2000-03-31,,3.5620000000000003,3.599,3.714,3.749,,3.969,,4.039,4.147,4.296,4.344,4.482,2.575,2.855,3.1,3.44
2000-04-28,,3.779,3.785,3.806,3.8129999999999997,,3.949,,4.025,4.079,4.197,4.256,4.48,3.1,3.24333,3.42667,3.72667
2000-05-31,,3.863,3.85,3.914,3.916,,4.043,,4.1,4.16,4.27,4.384,4.49,2.78333,3.16,3.46667,3.86
2000-06-30,,3.798,3.799,3.782,3.794,,3.888,,3.93,3.999,4.124,4.198,4.413,3.23667,3.39667,3.6433299999999997,3.84167
2000-07-31,,3.8689999999999998,3.908,3.8689999999999998,3.8529999999999998,,3.89,,3.9050000000000002,3.96,4.031,4.112,4.259,3.21,3.44,3.76,3.97333
2000-08-31,,3.714,3.707,3.73,3.74,,3.781,,3.8040000000000003,3.864,3.9779999999999998,4.033,4.201,3.265,3.48667,3.74,3.9
2000-09-29,,3.612,3.607,3.658,3.667,,3.799,,3.873,3.912,4.03,4.102,4.296,3.28167,3.585,3.62,3.73667
2000-10-31,,3.5629999999999997,3.578,3.635,3.645,,3.777,,3.844,3.859,4.023,4.075,4.244,3.21667,3.49167,3.58,3.68167
2000-11-30,,3.567,3.564,3.597,3.592,,3.66,,3.693,3.708,3.858,3.945,4.142,3.45,3.47833,3.53667,3.61333
2000-12-29,,3.286,3.217,3.217,3.209,,3.341,,3.452,3.463,3.66,3.7560000000000002,3.985,3.36667,3.37,3.37,3.36833
2001-01-31,,3.181,3.146,3.164,3.168,,3.259,,3.3689999999999998,3.427,3.622,3.768,4.021,3.45833,3.42,3.34667,3.2966699999999998
2001-02-28,,3.196,3.156,3.149,3.146,,3.23,,3.344,3.483,3.622,3.795,4.014,3.43,3.42833,3.365,3.3
2001-03-30,,2.976,3.017,3.005,3.059,,3.117,,3.228,3.281,3.444,3.658,3.982,3.365,3.325,3.18833,3.08333
2001-04-30,,3.186,3.227,3.24,3.266,,3.335,,3.474,3.528,3.672,3.841,4.163,3.17667,3.175,3.185,3.18833
2001-05-31,,3.225,3.239,3.235,3.255,,3.311,,3.451,3.509,3.662,3.851,4.205,3.2800000000000002,3.205,3.19667,3.205
2001-06-29,,3.152,3.152,3.153,3.173,,3.193,,3.296,3.358,3.496,3.702,4.054,3.28333,3.23667,3.18667,3.12667
2001-07-31,,3.021,3.076,3.083,3.124,,3.142,,3.251,3.313,3.449,3.651,3.992,3.25333,3.19,3.12667,3.04333
2001-08-31,,2.769,2.872,2.894,2.991,,3.109,,3.214,3.276,3.42,3.6109999999999998,3.932,3.33833,3.15667,3,2.88
2001-09-28,,2.379,2.584,2.602,2.773,,2.963,,3.121,3.197,3.3810000000000002,3.5709999999999997,3.851,2.24667,2.28333,2.2800000000000002,2.31333
2001-10-31,,1.987,2.206,2.251,2.463,,2.668,,2.801,2.878,3.065,3.248,3.583,2.14167,2.09,1.9466700000000001,1.895
2001-11-30,,2.228,2.524,2.576,2.759,,2.936,,3.082,3.142,3.37,3.711,3.8040000000000003,2.10333,2.00333,1.9866700000000002,2.095
2001-12-31,,2.237,2.715,2.789,3.028,,3.227,,3.43,3.4779999999999998,3.686,3.924,4,1.78833,1.83667,1.84833,2.00167
2002-01-31,,2.705,2.841,3.078,3.228,,3.367,,3.485,3.544,3.683,3.936,3.998,1.61333,1.6966700000000001,1.78167,2.10167
2002-02-28,,2.523,2.719,2.982,3.152,,3.334,,3.497,3.5620000000000003,3.706,3.9370000000000003,3.992,1.705,1.73833,1.82667,2.125
2002-03-29,,2.657,2.858,3.088,3.221,,3.375,,3.537,3.597,3.759,4.003,4.069,1.51,1.635,1.74667,2.18667
2002-04-30,,2.3449999999999998,2.568,2.824,2.989,,3.185,,3.388,3.465,3.642,3.9290000000000003,4.038,1.52,1.5699999999999998,1.69167,2.06
2002-05-31,,2.173,2.438,2.713,2.893,,3.103,,3.317,3.399,3.612,3.941,4.009,1.17333,1.23167,1.40333,1.83
2002-06-28,,1.895,2.222,2.511,2.6870000000000003,,2.892,,3.122,3.212,3.44,3.835,3.901,1.16167,1.24333,1.35333,1.7283300000000001
2002-07-31,,1.278,1.69,2.11,2.402,,2.69,,2.9619999999999997,3.065,3.298,3.616,3.716,0.76667,0.82167,0.915,1.14833
2002-08-30,,1.058,1.534,2.017,2.323,,2.638,,2.915,3.001,3.504,3.652,3.734,0.68167,0.75167,0.805,0.98833
2002-09-30,,0.912,1.249,1.6760000000000002,1.947,,2.2359999999999998,,2.508,2.605,3.033,3.308,3.448,0.71667,0.74833,0.755,0.84667
2002-10-31,,0.755,1.108,1.576,1.8980000000000001,,2.239,,2.575,2.6710000000000003,3.057,3.418,3.533,0.675,0.74333,0.76667,0.84667
2002-11-29,,0.926,1.185,1.5699999999999998,1.838,,2.148,,2.477,2.5709999999999997,3.028,3.411,3.541,0.73833,0.745,0.76667,0.94167
2002-12-31,,0.612,0.793,1.151,1.416,,1.7269999999999999,,2.109,2.205,2.746,3.083,3.422,0.60667,0.61667,0.63833,0.685
2003-01-31,,0.769,1.111,1.385,1.5110000000000001,,1.9849999999999999,,2.24,2.318,2.708,3.1390000000000002,3.343,0.59167,0.60333,0.615,0.715
2003-02-28,,0.622,0.944,1.234,1.362,,1.8940000000000001,,2.185,2.2640000000000002,2.698,3.07,3.33,0.58167,0.57167,0.56833,0.58
2003-03-31,,0.615,1.069,1.385,1.52,,2.034,,2.268,2.363,2.841,3.368,3.632,0.295,0.31333,0.35667,0.50333
2003-04-30,,0.593,1.076,1.488,1.625,,2.185,,2.402,2.49,2.966,3.341,3.518,0.26667,0.30833,0.36333,0.52667
2003-05-30,,0.422,0.846,1.194,1.334,,1.87,,2.17,2.241,2.741,3.209,3.357,0.24333,0.28167,0.31833,0.40167
2003-06-30,,0.4,0.881,1.296,1.457,,2.026,,2.341,2.432,2.939,3.218,3.453,0.26333,0.28833,0.33,0.43667
2003-07-31,,0.476,0.968,1.393,1.576,,2.165,,2.444,2.5220000000000002,3.006,3.279,3.419,0.23833,0.28667,0.345,0.46667
2003-08-29,,0.501,1.131,1.593,1.778,,2.359,,2.615,2.6870000000000003,3.14,3.455,3.636,0.24333,0.26667,0.32333,0.49333
2003-09-30,,0.351,0.872,1.349,1.526,,2.129,,2.426,2.51,2.984,3.39,3.593,0.2,0.25417,0.29833,0.43333
2003-10-31,,0.518,1.094,1.542,1.721,,2.323,,2.601,2.771,3.061,3.439,3.672,0.20167,0.24917,0.30917,0.53667
2003-11-28,,0.673,1.705,1.895,2.176,,2.459,,2.822,2.906,3.174,3.409,3.643,0.245,0.26667,0.365,0.64583
2003-12-31,,1.066,1.482,1.665,1.971,,2.271,,2.617,2.717,2.98,3.204,3.354,0.22,0.26,0.35,0.58
2004-01-30,,0.897,1.324,1.517,1.838,,2.174,,2.5949999999999998,2.699,3.022,3.374,3.447,0.2,0.24667,0.32,0.53
2004-02-27,,0.711,1.111,1.292,1.619,,1.963,,2.43,2.544,2.949,3.271,3.396,0.22833,0.25833,0.29833,0.45667
2004-03-31,,0.769,1.125,1.295,1.613,,1.954,,2.401,2.5060000000000002,2.839,3.15,3.359,0.21667,0.25,0.3,0.45833
2004-04-30,,1.121,1.51,1.651,1.9180000000000001,,2.208,,2.56,2.657,3.003,3.219,3.3970000000000002,0.21833,0.27167,0.415,0.73
2004-05-31,,1.187,1.631,1.7890000000000001,2.077,,2.362,,2.6870000000000003,2.787,3.145,3.303,3.49,0.2,0.26,0.42833,0.785
2004-06-30,,1.4060000000000001,1.823,1.966,2.215,,2.607,,2.783,2.878,3.173,3.4,3.526,0.4,0.49833,0.75167,1.115
2004-07-30,,1.266,1.6720000000000002,1.819,2.085,,2.49,,2.691,2.789,3.069,3.349,3.504,0.40333,0.53,0.76,1.04167
2004-08-31,,1.038,1.435,1.5779999999999998,1.835,,2.282,,2.511,2.609,2.952,3.299,3.476,0.42,0.62,0.73,0.925
2004-09-30,,1.1360000000000001,1.487,1.63,1.885,,2.279,,2.507,2.604,2.9,3.199,3.379,0.595,0.7,0.80833,1.02
2004-10-29,,0.976,1.289,1.437,1.774,,2.121,,2.363,2.463,2.765,3.002,3.179,0.645,0.72667,0.8,0.92833
2004-11-30,,1.091,1.315,1.421,1.698,,1.9729999999999999,,2.222,2.306,2.584,2.778,2.903,0.68,0.74,0.87,1.05
2004-12-31,,0.931,1.256,1.393,1.6219999999999999,,1.996,,2.206,2.314,2.5300000000000002,2.742,2.878,0.66,0.71667,0.8,0.99
2005-01-31,,1.142,1.258,1.5150000000000001,1.688,,1.933,,2.109,2.22,2.362,2.575,2.702,0.71,0.75,0.82,0.96
2005-02-28,,1.215,1.342,1.616,1.796,,2.035,,2.228,2.328,2.482,2.676,2.779,0.71833,0.75833,0.835,1.00667
2005-03-31,,1.143,1.2650000000000001,1.5510000000000002,1.689,,1.936,,2.1390000000000002,2.257,2.394,2.683,2.806,0.75,0.775,0.80833,0.95
2005-04-29,,0.997,1.103,1.343,1.483,,1.718,,1.927,2.053,2.218,2.394,2.565,0.73833,0.76,0.79,0.85
2005-05-31,,0.957,1.017,1.27,1.397,,1.637,,1.8279999999999998,1.944,2.117,2.271,2.485,0.73,0.75,0.78,0.85
2005-06-30,,0.84,0.962,1.278,1.446,,1.675,,1.8090000000000002,1.9609999999999999,2.129,2.336,2.457,0.72667,0.74833,0.76,0.78
2005-07-29,,0.931,1.053,1.299,1.465,,1.626,,1.8010000000000002,1.94,2.073,2.2720000000000002,2.396,0.73,0.755,0.78,0.84167
2005-08-31,,0.981,1.102,1.304,1.427,,1.607,,1.768,1.874,2.012,2.228,2.422,0.73,0.76,0.8,0.915
2005-09-30,,1.126,1.238,1.433,1.54,,1.6680000000000001,,1.8319999999999999,1.888,1.988,2.147,2.307,0.74,0.79,0.86,1.02833
2005-10-31,,1.435,1.573,1.758,1.834,,1.939,,2.069,2.105,2.195,2.263,2.379,0.75,0.85,0.99,1.24167
2005-11-30,,1.579,1.72,1.831,1.917,,2.012,,2.137,2.164,2.282,2.352,2.386,0.91167,1.01,1.2,1.46
2005-12-30,,1.465,1.575,1.655,1.791,,1.896,,2.012,1.971,2.093,2.137,2.266,0.89167,1.01,1.1783299999999999,1.40833
2006-01-31,,1.5070000000000001,1.5779999999999998,1.752,1.895,,2.024,,2.109,2.174,2.204,2.316,2.383,0.89,1.02417,1.195,1.42667
2006-02-28,,1.654,1.8319999999999999,1.8399999999999999,2.019,,2.114,,2.224,2.233,2.301,2.324,2.344,1.03,1.17583,1.34,1.5833300000000001
2006-03-31,,1.77,1.9489999999999998,2.006,2.221,,2.362,,2.476,2.4859999999999998,2.6,2.623,2.62,1.14083,1.24917,1.4,1.68667
2006-04-28,,1.85,2.114,2.174,2.414,,2.549,,2.653,2.71,2.857,2.8689999999999998,2.871,1.26,1.34,1.5125,1.8033299999999999
2006-05-31,,1.978,2.149,2.149,2.406,,2.515,,2.646,2.678,2.833,2.877,2.873,1.31,1.42333,1.583,1.8399999999999999
2006-06-30,,2.073,2.305,2.287,2.545,,2.675,,2.8,2.83,2.9619999999999997,2.967,2.957,1.42167,1.52,1.69,1.98
2006-07-31,,1.987,2.228,2.243,2.444,,2.565,,2.651,2.685,2.838,2.86,2.839,1.42,1.55,1.73,1.9708299999999999
2006-08-31,,1.998,2.141,2.146,2.307,,2.3970000000000002,,2.46,2.475,2.592,2.632,2.607,1.55,1.6800000000000002,1.82083,2.02167
2006-09-29,,2.171,2.176,2.241,2.284,,2.374,,2.374,2.383,2.443,2.497,2.526,1.7208299999999999,1.8108300000000002,1.91083,2.08
2006-10-31,,2.173,2.198,2.246,2.289,,2.388,,2.419,2.423,2.466,2.515,2.583,1.73,1.8599999999999999,1.97,2.14
2006-11-30,,2.228,2.177,2.24,2.25,,2.283,,2.282,2.292,2.367,2.365,2.3890000000000002,1.88,1.95,2.06,2.21
2006-12-29,,2.496,2.404,2.4779999999999998,2.459,,2.4939999999999998,,2.454,2.521,2.523,2.516,2.513,2.04583,2.1025,2.2,2.39
2007-01-31,,2.5869999999999997,2.466,2.565,2.542,,2.575,,2.612,2.675,2.684,2.702,2.517,2.08083,2.19,2.30667,2.51
2007-02-28,,2.423,2.368,2.465,2.462,,2.5060000000000002,,2.531,2.606,2.628,2.665,2.656,2.12,2.22,2.32,2.46
2007-03-30,,2.457,2.419,2.541,2.541,,2.617,,2.6790000000000003,2.745,2.795,2.846,2.714,2.21833,2.295,2.39583,2.54
2007-04-30,,2.517,2.487,2.605,2.615,,2.683,,2.732,2.794,2.855,2.846,2.714,2.20667,2.35,2.4699999999999998,2.64
2007-05-31,,2.8120000000000003,2.791,2.922,2.92,,2.979,,3.008,3.071,3.102,3.109,3.006,2.35417,2.4699999999999998,2.6275,2.87667
2007-06-29,,2.888,2.898,3.048,3.053,,3.129,,3.144,3.226,3.274,3.325,3.334,2.615,2.7,2.83,3.05
2007-07-31,,2.8209999999999997,2.843,2.935,2.958,,3.059,,3.03,3.127,3.158,3.154,3.185,2.56167,2.7075,2.82167,3.0275
2007-08-31,,2.613,2.556,2.691,2.706,,2.867,,2.917,3.03,3.106,3.238,3.166,2.7375,2.89667,2.95,3.0025
2007-09-28,,2.508,2.408,2.584,2.645,,2.803,,2.894,3.009,3.094,3.29,3.27,2.53167,2.785,2.87333,2.9958299999999998
2007-10-31,,2.495,2.545,2.675,2.695,,2.819,,2.866,2.98,3.094,3.237,3.246,2.28333,2.75333,2.87833,2.97917
2007-11-30,,2.087,2.573,2.594,2.674,,2.706,,2.8689999999999998,2.877,3.045,3.151,3.146,2.665,2.745,2.80333,2.9
2007-12-31,,2.217,2.705,2.751,2.838,,2.9130000000000003,,3.062,3.048,3.25,3.306,3.287,2.42833,2.7566699999999997,2.865,2.97667
2008-01-31,,1.8940000000000001,2.3,2.3890000000000002,2.499,,2.568,,2.8,2.8120000000000003,3.118,3.249,3.204,2.45833,2.65333,2.69333,2.72833
2008-02-29,,1.952,2.366,2.431,2.515,,2.677,,2.9290000000000003,2.96,3.2439999999999998,3.365,3.333,2.61,2.7966699999999998,2.81333,2.86667
2008-03-31,,1.538,2.393,2.415,2.523,,2.592,,2.894,2.923,3.234,3.356,3.294,2.71833,2.885,2.93833,3.05833
2008-04-30,,2.484,2.615,2.629,2.735,,2.943,,3.097,3.122,3.429,3.518,3.448,2.40583,2.8083299999999998,2.91667,3.105
2008-05-30,,2.573,2.7880000000000003,2.786,2.873,,3.029,,3.202,3.19,3.415,3.499,3.473,2.36,2.7775,2.88917,3.1225
2008-06-30,,2.754,2.96,2.949,3.013,,3.146,,3.288,3.288,3.406,3.493,3.347,2.35667,2.79,2.96667,3.26
2008-07-31,,2.549,2.521,2.5140000000000002,2.649,,2.82,,3.032,3.05,3.259,3.36,3.297,2.2725,2.75583,2.90583,3.2
2008-08-29,,2.322,2.395,2.385,2.629,,2.721,,2.865,2.885,3.127,3.242,3.133,2.255,2.745,2.885,3.17333
2008-09-30,,1.396,1.665,1.65,2.186,,2.334,,2.536,2.612,2.8689999999999998,2.995,2.953,2.8,2.955,3.03833,3.275
2008-10-31,,1.1400000000000001,1.8,1.974,2.248,,2.398,,2.63,2.8369999999999997,3.35,3.352,3.267,1.855,2.71833,2.85833,3.08667
2008-11-28,,1.187,1.422,1.589,1.889,,1.988,,2.173,2.277,2.5460000000000003,2.674,2.43,0.88,1.255,1.44,1.67
2008-12-31,,0.571,0.92,1.198,1.607,,1.846,,2.114,2.095,2.374,2.613,2.448,0.34,0.66167,0.81,1.095
2009-01-30,,0.606,0.899,1.167,1.3780000000000001,,1.75,,2.063,2.175,2.558,2.715,2.59,0.31833,0.52667,0.66,0.96333
2009-02-27,,0.624,0.919,1.152,1.379,,1.768,,2.111,2.235,2.471,2.633,2.468,0.30167,0.495,0.64333,0.94667
2009-03-31,,0.532,0.838,1.084,1.346,,1.717,,1.9569999999999999,2.096,2.492,2.6959999999999997,2.448,0.23167,0.40333,0.53667,0.84833
2009-04-30,,0.484,0.782,1.035,1.28,,1.77,,1.9929999999999999,2.14,2.524,2.585,2.515,0.21,0.40333,0.53833,0.845
2009-05-29,,0.47,0.792,1.106,1.403,,1.97,,2.302,2.414,2.81,3.025,2.966,0.20167,0.39833,0.535,0.84333
2009-06-30,,0.477,0.817,1.114,1.416,,1.913,,2.181,2.319,2.73,2.998,2.939,0.195,0.395,0.51,0.80833
2009-07-31,,0.343,0.61,0.878,1.174,,1.6480000000000001,,1.871,1.97,2.391,2.559,2.59,0.16,0.36,0.4725,0.77083
2009-08-31,,0.402,0.644,0.87,1.137,,1.678,,1.943,2.032,2.437,2.66,2.6390000000000002,0.12,0.31667,0.42667,0.72833
2009-09-30,,0.454,0.727,0.944,1.183,,1.65,,1.8639999999999999,1.99,2.388,2.625,2.59,0.10083,0.28833,0.395,0.69833
2009-10-30,,0.521,0.791,0.995,1.259,,1.609,,1.924,2.022,2.4050000000000002,2.61,2.622,0.09333,0.26183,0.38167,0.68833
2009-11-30,,0.327,0.582,0.81,1.078,,1.455,,1.756,1.835,2.225,2.421,2.427,0.11,0.25,0.345,0.64833
2009-12-31,,0.323,0.595,0.801,1.021,,1.487,,1.764,1.901,2.23,2.386,2.265,0.10667,0.25167,0.33833,0.63833
2010-01-29,,0.306,0.527,0.743,0.936,,1.47,,1.7570000000000001,2.003,2.198,2.282,2.238,0.1,0.25,0.33,0.62833
2010-02-26,,0.219,0.333,0.54,0.788,,1.324,,1.637,1.903,2.133,2.219,2.184,0.09167,0.25,0.31667,0.61833
2010-03-31,,0.441,0.643,0.792,1.187,,1.571,,1.8,1.883,2.146,2.291,2.259,0.08583,0.24667,0.33417,0.63833
2010-04-30,,0.402,0.612,0.782,1.142,,1.484,,1.6840000000000002,1.7810000000000001,2.045,2.216,2.197,0.08417,0.24583,0.32917,0.63
2010-05-31,,0.201,0.347,0.614,0.869,,1.203,,1.415,1.5430000000000001,1.7970000000000002,1.958,1.9609999999999999,0.03667,0.10833,0.205,0.51333
2010-06-30,,0.262,0.413,0.637,0.865,,1.137,,1.373,1.482,1.693,1.83,1.7930000000000001,0.06417,0.11167,0.21,0.49167
2010-07-30,,0.365,0.473,0.666,0.857,,1.138,,1.369,1.459,1.689,1.842,1.833,0.13167,0.17167,0.23167,0.50167
2010-08-31,,0.307,0.364,0.505,0.622,,0.915,,1.055,1.13,1.3439999999999999,1.4729999999999999,1.428,0.12667,0.165,0.23167,0.50333
2010-09-30,,0.446,0.624,0.623,0.844,,1.144,,1.335,1.404,1.625,1.654,1.6219999999999999,0.1425,0.17833,0.24167,0.515
2010-10-29,,0.504,0.683,0.706,0.904,,1.203,,1.415,1.494,1.654,1.658,1.615,0.13167,0.16833,0.24,0.51667
2010-11-30,,0.433,0.619,0.632,0.916,,1.229,,1.487,1.562,1.786,1.807,1.75,0.14333,0.17167,0.24333,0.52667
2010-12-31,,0.426,0.682,0.78,1.095,,1.41,,1.596,1.716,1.9180000000000001,1.911,1.8639999999999999,0.1425,0.17,0.23833,0.51667
2011-01-31,,0.608,0.852,0.893,1.23,,1.49,,1.764,1.873,2.091,2.125,2.091,0.13833,0.17,0.24,0.52
2011-02-28,,0.567,0.822,0.914,1.256,,1.53,,1.804,1.896,2.123,2.171,2.154,0.13667,0.17,0.24333,0.525
2011-03-31,,0.71,0.954,1.038,1.35,,1.624,,1.8940000000000001,1.9569999999999999,2.204,2.235,2.234,0.13833,0.18,0.25667,0.55667
2011-04-29,,0.738,0.99,1.081,1.418,,1.704,,1.983,2.055,2.348,2.3970000000000002,2.392,0.14,0.185,0.26,0.55667
2011-05-31,,0.54,0.737,0.805,1.157,,1.456,,1.745,1.819,2.094,2.157,2.156,0.12667,0.17583,0.24667,0.54167
2011-06-30,,0.313,0.449,0.567,0.961,,1.316,,1.651,1.732,2.056,2.148,2.161,0.12833,0.175,0.23833,0.53667
2011-07-29,,0.172,0.213,0.278,0.661,,0.964,,1.2690000000000001,1.361,1.713,1.8159999999999998,1.8159999999999998,0.12583,0.175,0.24167,0.52867
2011-08-31,,0.08,0.217,0.402,0.642,,0.641,,1.063,1.141,1.461,1.5350000000000001,1.524,0,0.005,0.04667,0.285
2011-09-30,,-0.016,0.014,0.154,0.391,,0.641,,0.87,0.942,1.276,1.337,1.334,0.00667,0.02333,0.06833,0.2995
2011-10-31,,0.031,0.016,0.144,0.382,,0.641,,0.916,0.995,1.369,1.418,1.419,0.02333,0.04333,0.08917,0.30783
2011-11-30,,0.056,0.022,0.074,0.256,,0.641,,0.83,0.913,1.251,1.296,1.294,0.03167,0.05167,0.09917,0.325
2011-12-30,,-0.032,-0.015,0.011,0.158,,0.528,,0.565,0.663,0.999,1.051,1.028,0.03167,0.05167,0.09417,0.325
2012-01-31,,0.042,0.046,0.176,0.238,,0.438,,0.621,0.724,0.979,1.036,1.025,0.04583,0.07,0.12083,0.34117
2012-02-29,,0.017,0.021,0.152,0.19,,0.44,,0.62,0.72,0.987,1.109,1.114,0.06083,0.08667,0.14333,0.36283
2012-03-30,,0.046,0.078,0.202,0.258,,0.577,,0.772,0.866,1.094,1.178,1.18,0.07667,0.11,0.18167,0.392
2012-04-30,,-0.001,0.042,0.145,0.203,,0.449,,0.626,0.719,1.001,1.074,1.074,0.075,0.11167,0.185,0.39283
2012-05-31,,-0.217,-0.216,-0.059,0.017,,0.244,,0.463,0.546,0.819,0.916,0.925,0.04417,0.0975,0.17833,0.38617
2012-06-29,,-0.238,-0.187,-0.094,0.078,,0.332,,0.557,0.665,0.912,1.034,1.016,0.038,0.087,0.178,0.382
2012-07-31,,-0.415,-0.285,-0.15,-0.044,,0.143,,0.367,0.475,0.776,0.91,0.925,0.02,0.06,0.164,0.3714
2012-08-31,,-0.301,-0.331,-0.18,-0.032,,0.185,,0.395,0.521,0.845,0.933,0.966,0.01,0.046,0.158,0.3594
2012-09-28,,-0.117,-0.152,-0.082,0.024,,0.228,,0.436,0.541,0.841,0.986,1.029,0.009,0.044,0.157,0.3504
2012-10-31,,-0.159,-0.145,-0.034,0.063,,0.318,,0.415,0.501,0.843,0.984,1.026,0.006,0.032,0.127,0.326
2012-11-30,,-0.2,-0.145,-0.082,0.035,,0.261,,0.415,0.454,0.787,0.947,0.997,0.005,0.03,0.112,0.3084
2012-12-31,,-0.214,-0.179,-0.05,0.091,,0.29,,0.462,0.526,0.844,0.992,1.038,-0.008,0.012,0.069,0.2564
2013-01-31,,0.05,0.13,0.163,0.323,,0.534,,0.708,0.789,1.123,1.228,1.248,0.003,0.022,0.0944,0.2744
2013-02-28,,0.014,0.003,0.046,0.138,,0.407,,0.614,0.698,1.039,1.137,1.163,-0.001,0.022,0.0904,0.2684
2013-03-29,,-0.023,0.001,0.01,0.145,,0.437,,0.647,0.716,1.073,1.198,1.246,-0.001,0.022,0.0844,0.256
2013-04-30,,-0.111,-0.08,0.009,0.03,,0.288,,0.496,0.57,0.919,1.062,1.11,-0.001,0.02,0.0814,0.2494
2013-05-31,,-0.06,-0.037,0.08,0.15,,0.451,,0.66,0.722,1.086,1.205,1.223,-0.001,0.016,0.0804,0.2455
2013-06-28,,0.02,0.11,0.249,0.318,,0.698,,0.954,1.027,1.3679999999999999,1.465,1.499,-0.003,0.019,0.0804,0.2464
2013-07-31,,-0.012,0.084,0.201,0.258,,0.663,,0.948,1.023,1.377,1.5030000000000001,1.5430000000000001,-0.003,0.018,0.078,0.2434
2013-08-30,,0.03,0.109,0.198,0.264,,0.709,,0.985,1.069,1.45,1.563,1.599,-0.003,0.018,0.0764,0.2404
2013-09-30,,-0.027,0.057,0.113,0.197,,0.651,,0.942,1.021,1.434,1.563,1.601,-0.003,0.022,0.0794,0.2364
2013-10-31,-0.008,-0.018,0.019,0.1,0.161,,0.58,,0.853,0.933,1.3820000000000001,1.5310000000000001,1.597,-0.005,0.019,0.076,0.221
2013-11-29,-0.094,-0.077,-0.054,0.034,0.11,0.312,0.525,0.657,0.81,0.897,1.359,1.525,1.554,-0.007,0.015,0.0694,0.2024
2013-12-31,-0.019,-0.057,-0.013,0.107,0.207,0.43,0.671,0.829,0.997,1.073,1.5470000000000002,1.6989999999999998,1.767,-0.005,0.023,0.0794,0.2114
2014-01-31,0.08,-0.106,-0.114,0.032,0.192,0.424,0.553,0.725,0.804,1.017,1.327,1.5110000000000001,1.557,-0.006,0.018,0.0804,0.1904
2014-02-28,-0.093,-0.091,-0.057,0.09,0.224,0.417,0.557,0.729,0.811,1.001,1.307,1.487,1.5510000000000002,-0.007,0.022,0.077,0.2024
2014-03-31,-0.049,-0.053,-0.034,0.09,0.188,0.362,0.517,0.686,0.785,0.952,1.263,1.449,1.517,-0.007,0.022,0.0744,0.1944
2014-04-30,0.004,-0.034,0.032,0.084,0.141,0.276,0.405,0.575,0.666,0.843,1.159,1.361,1.442,-0.007,0.017,0.0764,0.2014
2014-05-30,-0.031,-0.062,-0.006,0.045,0.152,0.267,0.348,0.471,0.545,0.725,1.069,1.302,1.45,-0.008,0.012,0.0644,0.1804
2014-06-30,0.026,0.025,0.024,0.044,0.167,0.261,0.322,0.432,0.479,0.658,1.023,1.27,1.43,-0.002,0.008,0.0714,0.1894
2014-07-31,0.019,0.003,0.006,0.026,0.103,0.196,0.254,0.35,0.398,0.547,0.91,1.148,1.303,0.001,0.018,0.0764,0.2014
2014-08-29,-0.056,-0.02,-0.003,0.029,0.096,0.175,0.211,0.284,0.323,0.442,0.747,0.969,1.099,0.002,0.018,0.0684,0.1744
2014-09-30,-0.024,-0.043,-0.022,0.012,0.079,0.159,0.222,0.312,0.352,0.487,0.813,1.058,1.219,0,0.006,0.0594,0.1664
2014-10-31,-0.048,-0.051,-0.046,0.013,0.063,0.152,0.234,0.316,0.365,0.471,0.752,0.979,1.138,0.002,0.015,0.0614,0.1644
2014-11-28,-0.114,-0.176,-0.144,-0.07,-0.01,0.039,0.103,0.174,0.232,0.313,0.569,0.798,0.962,-0.003,0.001,0.0504,0.1504
2014-12-31,-0.216,-0.283,-0.315,-0.226,-0.117,0.016,0.07,0.16,0.199,0.319,0.498,0.655,0.784,-0.038,-0.063,-0.0256,0.0344
2015-01-30,-0.61,-0.693,-0.651,-0.518,-0.45,-0.404,-0.252,-0.21,-0.107,-0.037,0.24,0.382,0.492,-0.904,-0.854,-0.7576,-0.6296
2015-02-27,-0.786,-0.872,-0.773,-0.56,-0.388,-0.292,-0.183,-0.14,-0.051,0.022,0.314,0.438,0.525,-0.873,-0.85,-0.7316,-0.6216
2015-03-31,-0.742,-0.735,-0.752,-0.556,-0.353,-0.255,-0.207,-0.166,-0.109,-0.046,0.194,0.299,0.365,-0.851,-0.814,-0.7246,-0.6076
2015-04-30,-0.917,-0.82,-0.759,-0.548,-0.365,-0.266,-0.163,-0.112,-0.04,0.031,0.259,0.362,0.501,-0.815,-0.794,-0.7096,-0.5846
2015-05-29,-0.835,-0.88,-0.849,-0.656,-0.508,-0.402,-0.297,-0.232,-0.149,-0.055,0.253,0.376,0.56,-0.821,-0.788,-0.7076,-0.5946
2015-06-30,-0.925,-0.937,-0.894,-0.683,-0.489,-0.353,-0.214,-0.12,0.031,0.129,0.481,0.607,0.8,-0.832,-0.789,-0.733,-0.647
2015-07-31,-0.76,-0.774,-0.824,-0.706,-0.567,-0.461,-0.341,-0.261,-0.132,-0.036,0.364,0.51,0.707,-0.787,-0.739,-0.691,-0.585
2015-08-31,-0.723,-0.715,-0.729,-0.673,-0.597,-0.485,-0.352,-0.309,-0.203,-0.103,0.272,0.436,0.65,-0.781,-0.724,-0.676,-0.561
2015-09-30,-0.733,-0.762,-0.786,-0.78,-0.68,-0.562,-0.429,-0.349,-0.228,-0.122,0.295,0.487,0.765,-0.792,-0.733,-0.673,-0.56
2015-10-30,-0.797,-0.84,-0.89,-0.899,-0.826,-0.727,-0.596,-0.504,-0.387,-0.273,0.146,0.333,0.597,-0.774,-0.732,-0.693,-0.601
2015-11-30,-1.057,-1.095,-1.207,-1.111,-0.983,-0.876,-0.739,-0.636,-0.497,-0.362,0.074,0.256,0.505,-0.848,-0.832,-0.7976,-0.716
2015-12-31,-0.78,-0.791,-0.798,-0.731,-0.602,-0.514,-0.385,-0.298,-0.171,-0.062,0.297,0.471,0.67,-0.798,-0.756,-0.6896,-0.5916
2016-01-29,-0.731,-0.928,-0.908,-0.812,-0.734,-0.621,-0.539,-0.425,-0.315,-0.253,0.023,0.17,0.32,-0.789,-0.757,-0.6934,-0.6232
2016-02-29,-0.952,-1.084,-1.071,-0.973,-0.888,-0.786,-0.721,-0.622,-0.503,-0.443,-0.171,-0.033,0.126,-0.8332,-0.8046,-0.7648,-0.6854
2016-03-31,-0.794,-0.864,-0.932,-0.86,-0.784,-0.682,-0.6,-0.494,-0.396,-0.337,-0.072,0.058,0.215,-0.7826,-0.7292,-0.658,-0.5442
2016-04-29,-0.79,-0.812,-0.841,-0.777,-0.693,-0.597,-0.519,-0.386,-0.305,-0.236,-0.011,0.118,0.247,-0.779,-0.7294,-0.646,-0.5212
2016-05-31,-0.783,-0.817,-0.88,-0.792,-0.736,-0.669,-0.6,-0.471,-0.387,-0.318,-0.071,0.049,0.199,-0.7746,-0.7352,-0.642,-0.5158
2016-06-30,-1.02,-1.071,-1.099,-1.041,-1.002,-0.911,-0.85,-0.719,-0.633,-0.575,-0.372,-0.221,-0.082,-0.8286,-0.7798,-0.7016,-0.584
2016-07-29,-0.879,-0.838,-0.962,-0.925,-0.895,-0.824,-0.781,-0.679,-0.608,-0.564,-0.35,-0.228,-0.09,-0.7976,-0.7476,-0.663,-0.5144
2016-08-31,-0.881,-0.855,-0.878,-0.823,-0.775,-0.719,-0.653,-0.564,-0.513,-0.478,-0.279,-0.165,-0.027,-0.8108,-0.7364,-0.6528,-0.49
2016-09-30,-0.938,-0.936,-0.95,-0.888,-0.838,-0.782,-0.731,-0.669,-0.597,-0.546,-0.314,-0.182,-0.045,-0.802,-0.75,-0.6574,-0.5016
2016-10-31,-0.926,-0.894,-0.867,-0.803,-0.745,-0.666,-0.618,-0.53,-0.444,-0.393,-0.14,-0.024,0.094,-0.7854,-0.73,-0.6436,-0.488
2016-11-30,-0.973,-0.92,-0.869,-0.759,-0.663,-0.539,-0.451,-0.306,-0.211,-0.127,0.11,0.216,0.35,-0.8178,-0.749,-0.68,-0.5122
2016-12-30,-0.937,-0.957,-0.894,-0.756,-0.671,-0.563,-0.484,-0.353,-0.285,-0.187,0.089,0.214,0.389,-0.799,-0.7292,-0.6626,-0.499
2017-01-31,-0.841,-0.872,-0.781,-0.681,-0.543,-0.468,-0.323,-0.19,-0.14,-0.061,0.163,0.288,0.415,-0.7884,-0.7286,-0.6642,-0.5086
2017-02-28,-0.94,-0.959,-0.884,-0.816,-0.701,-0.608,-0.481,-0.37,-0.309,-0.228,-0.007,0.147,0.25,-0.8008,-0.7262,-0.6764,-0.5228
2017-03-31,-0.813,-0.856,-0.752,-0.663,-0.539,-0.459,-0.327,-0.203,-0.161,-0.09,0.091,0.247,0.32,-0.7792,-0.7296,-0.6638,-0.4946
2017-04-28,-0.844,-0.85,-0.757,-0.67,-0.551,-0.471,-0.34,-0.22,-0.182,-0.113,0.073,0.236,0.332,-0.7918,-0.73,-0.6648,-0.4916
2017-05-31,-0.902,-0.902,-0.796,-0.721,-0.626,-0.55,-0.439,-0.336,-0.257,-0.17,0.053,0.211,0.328,-0.7874,-0.7296,-0.6618,-0.4912
2017-06-30,-0.855,-0.799,-0.688,-0.585,-0.477,-0.407,-0.282,-0.178,-0.092,-0.023,0.172,0.321,0.427,-0.7848,-0.73,-0.6616,-0.49
2017-07-31,-0.833,-0.759,-0.641,-0.552,-0.432,-0.358,-0.222,-0.117,-0.03,0.047,0.295,0.385,0.495,-0.7834,-0.7256,-0.6466,-0.498
2017-08-31,-0.882,-0.824,-0.732,-0.663,-0.559,-0.489,-0.392,-0.294,-0.239,-0.138,0.14,0.228,0.32,-0.7872,-0.7262,-0.6514,-0.5056
2017-09-29,-0.836,-0.801,-0.697,-0.597,-0.496,-0.418,-0.297,-0.184,-0.102,-0.022,0.251,0.366,0.474,-0.7826,-0.726,-0.6488,-0.5106
2017-10-31,-0.82,-0.844,-0.744,-0.649,-0.536,-0.461,-0.354,-0.244,-0.172,-0.079,0.2,0.309,0.437,-0.78255,-0.7268,-0.6486,-0.523
2017-11-30,-0.815,-0.866,-0.748,-0.625,-0.51,-0.451,-0.348,-0.271,-0.238,-0.117,0.203,0.318,0.435,-0.8059,-0.752,-0.655,-0.5272
2017-12-29,-0.802,-0.898,-0.753,-0.633,-0.524,-0.466,-0.364,-0.295,-0.244,-0.149,0.167,0.273,0.395,-0.80565,-0.7462,-0.645,-0.5216
2018-01-31,-0.929,-0.767,-0.598,-0.436,-0.37,-0.232,-0.124,-0.046,0.037,0.114,0.374,0.459,0.592,-0.80035,-0.745,-0.6578,-0.5294
2018-02-28,-0.931,-0.881,-0.714,-0.542,-0.435,-0.284,-0.155,-0.091,0.03,0.094,0.408,0.524,0.698,-0.8124,-0.7446,-0.6634,-0.5314
2018-03-30,-0.87,-0.853,-0.753,-0.563,-0.521,-0.342,-0.223,-0.132,-0.033,0.027,0.32,0.431,0.589,-0.7856,-0.7354,-0.6508,-0.5232
2018-04-30,-0.753,-0.715,-0.635,-0.501,-0.421,-0.278,-0.158,-0.072,0.024,0.088,0.366,0.473,0.623,-0.7887,-0.7282,-0.649,-0.5184
2018-05-31,-0.805,-0.812,-0.737,-0.621,-0.543,-0.403,-0.316,-0.247,-0.154,-0.066,0.248,0.389,0.513,-0.79555,-0.7348,-0.648,-0.5288
2018-06-29,-0.795,-0.742,-0.653,-0.54,-0.478,-0.364,-0.269,-0.194,-0.137,-0.062,0.261,0.384,0.518,-0.78,-0.7316,-0.6474,-0.521
2018-07-31,-0.787,-0.712,-0.599,-0.443,-0.382,-0.285,-0.205,-0.153,-0.095,-0.011,0.329,0.485,0.614,-0.7766,-0.7278,-0.6484,-0.5148
2018-08-31,-0.852,-0.742,-0.663,-0.55,-0.473,-0.38,-0.29,-0.243,-0.243,-0.095,0.246,0.399,0.552,-0.7826,-0.7284,-0.65,-0.5184
2018-09-28,-0.823,-0.702,-0.625,-0.473,-0.373,-0.26,-0.153,-0.106,-0.054,0.039,0.379,0.526,0.638,-0.7796,-0.7358,-0.6568,-0.5192
2018-10-31,-0.857,-0.728,-0.66,-0.513,-0.442,-0.308,-0.216,-0.157,-0.087,-0.01,0.323,0.45,0.566,-0.7836,-0.7454,-0.6634,-0.5322
2018-11-30,-0.833,-0.727,-0.721,-0.587,-0.521,-0.398,-0.315,-0.248,-0.177,-0.097,0.246,0.38,0.516,-0.8308,-0.7382,-0.6664,-0.5298
2018-12-31,-0.923,-0.75,-0.785,-0.695,-0.631,-0.524,-0.44,-0.376,-0.324,-0.25,0.11,0.254,0.369,-0.7968,-0.7134,-0.6322,-0.5026
2019-01-31,-0.765,-0.763,-0.709,-0.669,-0.565,-0.513,-0.443,-0.377,-0.31,-0.244,0.034,0.182,0.304,-0.7882,-0.713,-0.6526,-0.5162
2019-02-28,-0.741,-0.749,-0.688,-0.632,-0.563,-0.493,-0.433,-0.392,-0.311,-0.236,0.055,0.208,0.325,-0.7844,-0.7156,-0.6494,-0.5118
2019-03-29,-0.721,-0.761,-0.743,-0.71,-0.671,-0.619,-0.558,-0.5,-0.448,-0.38,-0.103,0.045,0.199,-0.7866,-0.7122,-0.6304,-0.4986
2019-04-30,-0.737,-0.756,-0.724,-0.715,-0.628,-0.542,-0.488,-0.411,-0.381,-0.295,-0.027,0.113,0.232,-0.7934,-0.7138,-0.6518,-0.5128
2019-05-31,-0.794,-0.809,-0.816,-0.83,-0.798,-0.714,-0.673,-0.638,-0.567,-0.475,-0.215,-0.06,0.065,-0.808,-0.713,-0.6634,-0.5268
2019-06-28,-0.866,-0.893,-0.893,-0.872,-0.833,-0.748,-0.711,-0.664,-0.634,-0.528,-0.274,-0.116,0.012,-0.8114,-0.7256,-0.693,-0.5854
2019-07-31,-1.006,-1.014,-1.007,-0.991,-0.968,-0.896,-0.845,-0.806,-0.839,-0.756,-0.481,-0.34,-0.157,-0.8172,-0.768,-0.7478,-0.6344
2019-08-30,-1.106,-1.1179999999999999,-1.138,-1.138,-1.11,-1.076,-1.052,-1.046,-1.063,-1.015,-0.815,-0.731,-0.58,-0.8856,-0.8554,-0.8532,-0.759
2019-09-30,-0.821,-0.873,-0.893,-0.875,-0.869,-0.838,-0.814,-0.785,-0.778,-0.756,-0.553,-0.464,-0.363,-0.81,-0.7632,-0.7174,-0.6128
2019-10-31,-0.793,-0.761,-0.763,-0.744,-0.718,-0.68,-0.658,-0.617,-0.59,-0.564,-0.333,-0.245,-0.152,-0.79,-0.7594,-0.694,-0.5546
2019-11-29,-0.817,-0.78,-0.786,-0.778,-0.743,-0.721,-0.7,-0.65,-0.633,-0.61,-0.422,-0.334,-0.243,-0.8298,-0.7228,-0.661,-0.523
2019-12-31,-0.731,-0.733,-0.723,-0.676,-0.622,-0.582,-0.569,-0.515,-0.515,-0.471,-0.285,-0.181,-0.131,-0.7806,-0.6884,-0.6224,-0.4812
2020-01-31,-0.753,-0.797,-0.808,-0.8,-0.798,-0.799,-0.769,-0.805,-0.777,-0.733,-0.592,-0.481,-0.409,-0.7734,-0.69,-0.6408,-0.506
2020-02-28,-0.813,-0.867,-0.843,-0.869,-0.867,-0.867,-0.863,-0.903,-0.874,-0.819,-0.679,-0.584,-0.503,-0.825,-0.7352,-0.7068,-0.6022
