Dates,1M,3M,6M,1Y,2Y,3Y,4Y,5Y,6Y,7Y,8Y,10Y,15Y,20Y,30Y,40Y
1980-01-31,,,,,,,,,,,,,,,,
1980-02-29,,,,,,,,,,,,,,,,
1980-03-31,,,,,,,,,,,,,,,,
1980-04-30,,,,,,,,,,,,,,,,
1980-05-30,,,,,,,,,,,,,,,,
1980-06-30,,,,,,,,,,,,,,,,
1980-07-31,,,,,,,,,,,,,,,,
1980-08-29,,,,,,,,,,,,,,,,
1980-09-30,,,,,,,,,,,,,,,,
1980-10-31,,,,,,,,,,,,,,,,
1980-11-28,,,,,,,,,,,,,,,,
1980-12-31,,,,,,,,,,,,,,,,
1981-01-30,,,,,,,,,,,,,,,,
1981-02-27,,,,,,,,,,,,,,,,
1981-03-31,,,,,,,,,,,,,,,,
1981-04-30,,,,,,,,,,,,,,,,
1981-05-29,,,,,,,,,,,,,,,,
1981-06-30,,,,,,,,,,,,,,,,
1981-07-31,,,,,,,,,,,,,,,,
1981-08-31,,,,,,,,,,,,,,,,
1981-09-30,,,,,,,,,,,,,,,,
1981-10-30,,,,,,,,,,,,,,,,
1981-11-30,,,,,,,,,,,,,,,,
1981-12-31,,,,,,,,,,,,,,,,
1982-01-29,,,,,,,,,,,,,,,,
1982-02-26,,,,,,,,,,,,,,,,
1982-03-31,,,,,,,,,,,,,,,,
1982-04-30,,,,,,,,,,,,,,,,
1982-05-31,,,,,,,,,,,,,,,,
1982-06-30,,,,,,,,,,,,,,,,
1982-07-30,,,,,,,,,,,,,,,,
1982-08-31,,,,,,,,,,,,,,,,
1982-09-30,,,,,,,,,,,,,,,,
1982-10-29,,,,,,,,,,,,,,,,
1982-11-30,,,,,,,,,,,,,,,,
1982-12-31,,,,,,,,,,,,,,,,
1983-01-31,,,,,,,,,,,,,,,,
1983-02-28,,,,,,,,,,,,,,,,
1983-03-31,,,,,,,,,,,,,,,,
1983-04-29,,,,,,,,,,,,,,,,
1983-05-31,,,,,,,,,,,,,,,,
1983-06-30,,,,,,,,,,,,,,,,
1983-07-29,,,,,,,,,,,,,,,,
1983-08-31,,,,,,,,,,,,,,,,
1983-09-30,,,,,,,,,,,,,,,,
1983-10-31,,,,,,,,,,,,,,,,
1983-11-30,,,,,,,,,,,,,,,,
1983-12-30,,,,,,,,,,,,,,,,
1984-01-31,,,,,,,,,,,,,,,,
1984-02-29,,,,,,,,,,,,,,,,
1984-03-30,,,,,,,,,,,,,,,,
1984-04-30,,,,,,,,,,,,,,,,
1984-05-31,,,,,,,,,,,,,,,,
1984-06-29,,,,,,,,,,,,,,,,
1984-07-31,,,,,,,,,,,,,,,,
1984-08-31,,,,,,,,,,,,,,,,
1984-09-28,,,,,,,,,,,,,,,,
1984-10-31,,,,,,,,,,,,,,,,
1984-11-30,,,,,,,,,,,,,,,,
1984-12-31,,,,,,,,,,,,,,,,
1985-01-31,,,,,,,,,,,,,,,,
1985-02-28,,,,,,,,,,,,,,,,
1985-03-29,,,,,,,,,,,,,,,,
1985-04-30,,,,,,,,,,,,,,,,
1985-05-31,,,,,,,,,,,,,,,,
1985-06-28,,,,,,,,,,,,,,,,
1985-07-31,,,,,,,,,,,,,,,,
1985-08-30,,,,,,,,,,,,,,,,
1985-09-30,,,,,,,,,,,,,,,,
1985-10-31,,,,,,,,,,,,,,,,
1985-11-29,,,,,,,,,,,,,,,,
1985-12-31,,,,,,,,,,,,,,,,
1986-01-31,,,,,,,,,,,,,,,,
1986-02-28,,,,,,,,,,,,,,,,
1986-03-31,,,,,,,,,,,,,,,,
1986-04-30,,,,,,,,,,,,,,,,
1986-05-30,,,,,,,,,,,,,,,,
1986-06-30,,,,,,,,,,,,,,,,
1986-07-31,,,,,,,,,,,,,,,,
1986-08-29,,,,,,,,,,,,,,,,
1986-09-30,,,,,,,,,,,,,,,,
1986-10-31,,,,,,,,,,,,,,,,
1986-11-28,,,,,,,,,,,,,,,,
1986-12-31,,,,,,,,,,,,,,,,
1987-01-30,,11.125,,,,,,,,,,,,,,
1987-02-27,,10.85938,,,,,,,,,,,,,,
1987-03-31,,10,,,,,,,,,,,,,,
1987-04-30,,9.375,,,,,,,,,,,,,,
1987-05-29,,9,,,,,,,,,,,,,,
1987-06-30,,9.25,,,,,,,,,,,,,,
1987-07-31,,9.39063,,,,,,,,,,,,,,
1987-08-31,,10.4375,,,,,,,,,,,,,,
1987-09-30,,10.3125,,,,,,,,,,,,,,
1987-10-30,,9.25,,,,,,,,,,,,,,
1987-11-30,,9,,,,,,,,,,,,,,
1987-12-31,,7.4375,,,,,,,,,,,,,,
1988-01-29,,8.8125,,,,,,,,,,,,,,
1988-02-29,,9.39063,,,,,,,,,,,,,,
1988-03-31,,8.6875,,,,,,,,,,,,,,
1988-04-29,,8.46875,,,,,,,,,,,,,,
1988-05-31,,7.75,,,,,,,,,,,,,,
1988-06-30,,9.9375,,,,,,,,,,,,,,
1988-07-29,,10.92188,,,,,,,,,,,,,,
1988-08-31,,12.3125,,,,,,,,,,,,,,
1988-09-30,,12,,,,,,,,,,,,,,
1988-10-31,,12.09375,,,,,,,,,,,,,,
1988-11-30,,13.1875,,,,,,,,,,,,,,
1988-12-30,,13.1875,,,,,,,,,,,,,,
1989-01-31,,13.0625,,,,,,,,,,9.8,,,,
1989-02-28,,13.4375,,,,,,,,,,10.05,,,,
1989-03-31,,13.0625,,,,,,,,,,10.11,,,,
1989-04-28,,13.016,,,,,,,,,,10.22,,,,
1989-05-31,,14.281,,,,,,,,,,10.43,,,,
1989-06-30,,14.219,,,,,,,,,,10.54,,,,
1989-07-31,,13.875,,,,,,,,,,9.99,,,,
1989-08-31,,14,,,,,,,,,,10.13,,,,
1989-09-29,,14.875,,,,,,,,,,10.61,,,,
1989-10-31,,15.375,,,,,,,,,,10.54,,,,
1989-11-30,15.1875,15.3125,15.1875,,,,,,,,,10.8,,,,
1989-12-29,15.125,15.125,15,,,,,,,,,10.53,,,,
1990-01-31,15.125,15.1875,15.125,,,,,,,,,10.94,,,,
1990-02-28,15.125,15.25,15.25,,,,,,,,,11.44,,,,
1990-03-30,15.125,15.375,15.5625,,,,,,,,,12.12,,,,
1990-04-30,15.3125,15.5,15.6875,,,,,,,,,12.83,,,,
1990-05-31,15.125,15.25,15.25,,,,,,,,,11.81,,,,
1990-06-29,15.0625,15.0625,15,,,,,,,,,11.33,,,,
1990-07-31,15.125,15.125,14.9375,,,,,,,,,11.47,,,,
1990-08-31,15.0625,15.0625,15,,,,,,,,,11.7,,,,
1990-09-28,15.0625,15.0625,14.9375,,,,,,,,,11.82,,,,
1990-10-31,14.0625,13.8125,13.4375,,,,,,,,,11.24,,,,
1990-11-30,14.1875,13.625,12.94,,,,,,,,,10.72,,,,
1990-12-31,14.38,14.06,13.44,,,,,,,,,10.81,,,,
1991-01-31,14.13,14,13.44,,,,,,,,,10.24,,,,
1991-02-28,13.25,12.81,12.31,,,,,,,,,10.18,,,,
1991-03-29,12.94,12.44,11.81,,,,,,,,,10.13,,,,
1991-04-30,11.88,11.75,11.5,,,,,,,,,10.22,,,,
1991-05-31,11.63,11.5,11.25,,,,,,,,,10.4,,,,
1991-06-28,11.5625,11.25,11,,,,,,,,,10.5,,,,
1991-07-31,11.1875,11.1875,11,,,,,,,,,10.15,,,,
1991-08-30,11,10.875,10.6875,,,,,,,,,9.93,,,,
1991-09-30,10.625,10.3125,10.1875,,,,,,,,,9.6,,,,
1991-10-31,10.5625,10.5,10.375,,,,,,,,,9.69,,,,
1991-11-29,10.625,10.625,10.625,,,,,,,,,9.87,,,,
1991-12-31,11,11,11,,,,,,,,,9.76,,,,
1992-01-31,10.75,10.6875,10.4375,,9.56,9.59,9.58,9.56,,9.53,,9.41,,,,
1992-02-28,10.5625,10.25,10.25,,9.43,9.46,9.39,9.36,,9.37,,9.27,,,,
1992-03-31,10.5625,10.875,11.0625,,10.25,10.25,10.14,10.08,,10.02,,9.87,,,,
1992-04-30,10.75,10.5625,10.5625,,9.48,9.45,9.33,9.3,,9.32,,9.18,,,,
1992-05-29,10,10.0625,10,,9.14,9.18,9.08,9.07,,9.04,,8.93,,8.77,,
1992-06-30,10.1875,10.125,10.0625,,9.29,9.28,9.23,9.25,,9.21,,9.16,,8.96,,
1992-07-31,10.1875,10.375,10.3125,,9.72,9.7,9.6,9.56,,9.46,,9.32,,9,,
1992-08-31,10.375,10.75,10.875,,10.12,10.05,9.94,9.88,,9.84,,9.64,,9.27,,
1992-09-30,9.25,9.0625,8.8125,,8.15,8.35,8.51,8.5,,8.76,,8.97,,9.31,,
1992-10-30,8.25,7.625,7,,6.64,6.92,7.17,7.23,,7.68,,8.19,,8.75,,
1992-11-30,7.625,7.5,7.1875,,6.89,7.18,7.58,7.66,,8.06,,8.56,,8.98,,
1992-12-31,7,7.125,7,,6.68,6.928,7.24,7.368,,7.709,,8.253,,8.7,,
1993-01-29,6.625,6.375,6.1875,,6.183,6.78,6.878,7.019,,7.474,,8.089,,8.76,,
1993-02-26,6.4375,6.1875,5.9375,,5.882,6.518,6.634,6.819,,7.196,,7.835,,8.434,,
1993-03-31,6,6,5.9375,,6.08,6.635,6.742,6.918,,7.239,,7.757,,8.345,,
1993-04-30,6.125,6.1875,6.25,,6.625,7.057,7.216,7.381,,7.705,,8.102,,8.574,,
1993-05-31,5.875,5.9375,6,,6.41,6.926,7.106,7.14,,7.691,,8.101,,8.607,,
1993-06-30,6.0625,6.0625,6,,6.007,6.617,6.791,6.837,,7.297,,7.623,,8.084,,
1993-07-30,6,5.9375,5.875,,5.6370000000000005,6.214,6.382,6.523,,7.008,,7.299,,7.789,,
1993-08-31,6.0625,6,5.8125,,5.586,6.081,6.221,6.298,,6.576,,6.797,,7.23,,
1993-09-30,6.125,6.0625,5.875,,5.673,6.172,6.286,6.328,,6.652,,6.896,,7.281,,
1993-10-29,6,5.75,5.5625,,5.395,5.846,5.959,6.159,,6.517,,6.83,,7.211,,
1993-11-30,5.375,5.4375,5.375,,5.272,5.618,5.787,5.966,,6.355,,6.612,,6.877,,
1993-12-31,5.5,5.4375,5.375,,5.059,5.366,5.504,5.604,,5.845,,6.099,,6.441,,
1994-01-31,5.5,5.5,5.375,5.102,5.391,5.502,5.652,5.714,,6.077,,6.206,,6.46,,
1994-02-28,5.1875,5.1875,5.1875,5.173,5.849,6.015,6.222,6.316,,6.7379999999999995,,6.901,,7.086,,
1994-03-31,5.1875,5.4375,5.5625,5.694,6.656,6.86,7.069,7.095,,7.426,,7.506,,7.638,,
1994-04-29,5.0625,5.25,5.4375,5.765,6.87,7.056,7.38,7.498,,7.781,,7.82,,7.87,,
1994-05-31,5.0625,5.25,5.5625,5.864,7.357,7.593,8.057,8.197,,8.617,,8.64,,8.585,,
1994-06-30,5.0625,5.1875,5.5,5.8870000000000005,7.352,7.901,8.131,8.354,,8.651,,8.639,,8.574,,
1994-07-29,5.3125,5.75,6.0625,6.33,7.603,7.993,8.14,8.282,,8.519,,8.497,,8.417,,
1994-08-31,5,5.5625,6.0625,6.358,7.596,8.027,8.199,8.33,,8.521,,8.492,8.509,8.404,,
1994-09-30,5.4375,5.9375,6.5625,6.701,8,8.356,8.537,8.636,,8.834,,8.799,8.75,8.639,,
1994-10-31,5.5,6.0625,6.5625,6.549,7.916,8.293,8.505,8.656,,8.789,,8.725999999999999,8.664,8.555,,
1994-11-30,5.6875,6.25,6.6875,6.397,7.675,8.088,8.251,8.356,,8.475,,8.448,8.417,8.334,,
1994-12-30,6,6.6875,7.25,6.785,8.085,8.36,8.561,8.673,,8.751,,8.71,8.667,8.549,,
1995-01-31,6.4375,6.79688,7.125,6.721,7.819,8.199,8.392,8.508,,8.599,,8.536,8.54,8.456,,
1995-02-28,6.5,6.75,7.1875,6.74,7.7780000000000005,8.19,8.406,8.529,,8.657,,8.606,8.59,8.495,,
1995-03-31,6.42969,6.75,7.125,6.786,7.577,8.223,8.361,8.382,,8.5,,8.498,8.503,8.443,,
1995-04-28,6.5625,7,7.25,6.786,7.62,8.142,8.281,8.299,,8.405,,8.43,8.425,8.362,,
1995-05-31,6.375,6.6875,6.875,6.786,6.928,7.501,7.661,7.693,,7.824,,7.911,7.958,7.943,,
1995-06-30,6.6875,7,7.1875,6.786,7.651,7.873,8.142,8.185,,8.34,,8.45,8.508,8.486,,
1995-07-31,6.875,6.9375,7,6.786,7.257,7.515,7.748,7.821,,7.997,,8.204,8.299,8.27,,
1995-08-31,6.75,6.85156,6.92188,6.786,6.975,7.227,7.494,7.622,,7.824,,8.08,8.167,8.183,,
1995-09-29,6.8125,6.82813,6.875,6.786,6.832,7.092,7.463,7.588,,7.871,,8.119,8.247,8.264,,
1995-10-31,6.77344,6.8125,6.8125,6.786,6.746,6.966,7.275,7.377,,7.573,,7.929,8.084,8.113,,
1995-11-30,6.78125,6.58594,6.4375,6.786,6.248,6.415,6.741,6.9,,7.101,,7.538,7.725,7.7620000000000005,,
1995-12-29,6.5625,6.5625,6.4375,6.786,6.21,6.357,6.678,6.812,,6.973,,7.415,7.606,7.664,,
1996-01-31,6.375,6.3125,6.24219,6.786,6.061,6.265,6.623,6.803,,7.218,,7.494,7.781,7.8,,
1996-02-29,6.3125,6.1875,6.16406,6.336,6.571,7.032,7.149,7.265,,7.705,,7.996,8.275,8.277,8.225,
1996-03-29,6.07031,6.125,6.1875,6.515,6.856,7.276,7.396,7.515,,7.927,,8.179,8.377,8.366,8.355,
1996-04-30,6.0625,6.07031,6.125,6.382,6.695,7.127,7.26,7.393,,7.7780000000000005,,8.032,8.245,8.267,8.258,
1996-05-31,6.09375,6.125,6.1875,6.374,6.703,7.207,7.475,7.658,,7.881,,8.137,8.34,8.357,8.341,
1996-06-28,5.83594,5.875,5.875,5.955,6.318,6.865,7.18,7.365,,7.601,,7.892,8.124,8.197,8.194,
1996-07-31,5.8125,5.82031,5.875,5.901,6.257,6.813,7.173,7.349,,7.586,,7.898,8.117,8.182,8.19,
1996-08-30,5.81641,5.8125,5.8125,5.806,6.123,6.657,7.048,7.233,,7.497,,7.901,8.147,8.216,8.23,
1996-09-30,5.91406,5.95313,6.01563,5.918,6.215,6.585,6.926,7.086,,7.306,,7.663,7.921,7.984,7.992,
1996-10-31,6.17188,6.28125,6.41406,6.513,6.66,6.842,7.103,7.227,,7.375,,7.618,7.851,7.878,7.884,
1996-11-29,6.125,6.42969,6.60938,6.607,6.671,6.749,6.95,7.029,,7.152,,7.333,7.525,7.513,7.5120000000000005,
1996-12-31,6.25,6.54688,6.75,6.6530000000000005,6.801,6.925,7.174,7.26,,7.365,,7.5120000000000005,7.64,7.6129999999999995,7.595,
1997-01-31,6.22656,6.32813,6.46875,6.429,6.573,6.71,6.946,7.067,,7.196,,7.402,7.582,7.5969999999999995,7.603,
1997-02-28,6.125,6.25,6.41406,6.382,6.506,6.635,6.886,6.953,,7.103,,7.242,7.421,7.427,7.416,
1997-03-31,6.14844,6.40234,6.64063,6.647,6.999,7.125,7.272,7.3469999999999995,,7.4719999999999995,,7.636,7.768,7.755,7.747,
1997-04-30,6.27344,6.5625,6.75,6.576,6.802,6.938,7.075,7.134,,7.29,,7.425,7.592,7.583,7.579,
1997-05-30,6.44141,6.625,6.8125,6.66,6.833,6.916,7.014,7.049,,7.122,,7.187,7.274,7.259,7.25,
1997-06-30,6.6875,6.90234,7.0625,6.917,6.929,7.075,7.082,7.053,,7.069,,7.078,7.184,7.133,7.12,
1997-07-31,6.9375,7.125,7.3125,7.076,6.986,7.05,7.052,7.005,,7.003,7.027,6.96,6.978,6.891,6.854,
1997-08-29,7.21875,7.3125,7.46094,7.11,7.044,7.085,7.09,7.037,,7.056,7.103,7.069,7.105,7.028,6.991,
1997-09-30,7.1875,7.30859,7.4375,7.089,6.92,6.7379999999999995,6.5809999999999995,6.47,,6.437,6.468,6.448,6.584,6.552,6.54,
1997-10-31,7.25391,7.375,7.4375,7.043,6.84,6.789,6.739,6.624,,6.573,6.586,6.542,6.605,6.497,6.465,
1997-11-28,7.52734,7.75,7.86719,7.391,7.114,6.998,6.893,6.779,,6.629,6.592,6.499,6.507,6.428,6.39,
1997-12-31,7.54297,7.6875,7.6875,7.05,6.788,6.703,6.627,6.526,,6.415,6.382,6.291,6.34,6.265,6.237,
1998-01-30,7.5,7.5625,7.53516,6.866,6.611,6.439,6.3469999999999995,6.245,,6.13,6.14,6.036,6.112,6.063,6.032,
1998-02-27,7.51172,7.5625,7.5625,7.069,6.796,6.611,6.47,6.368,,6.209,6.195,6.09,6.1370000000000005,6.052,6.019,
1998-03-31,7.5625,7.61328,7.61328,6.961,6.695,6.469,6.323,6.212,,6.005,6.006,5.88,5.911,5.8149999999999995,5.785,
1998-04-30,7.44141,7.49609,7.47266,6.904,6.606,6.325,6.194,6.088,,5.908,5.92,5.828,5.857,5.798,5.768,
1998-05-29,7.45703,7.5,7.5,6.994,6.648,6.328,6.028,5.943,,5.8100000000000005,5.809,5.701,5.749,5.68,5.6530000000000005,
1998-06-30,7.625,7.86719,7.9375,7.264,6.894,6.632,6.473,6.322,,6.037,5.967,5.858,5.805,5.682,5.426,
1998-07-31,7.625,7.76172,7.8125,7.224,6.752,6.526,6.3870000000000005,6.216,,5.951,5.878,5.769,5.748,5.6370000000000005,5.401,
1998-08-31,7.55469,7.625,7.57422,6.716,6.165,5.888,5.765,5.611,,5.49,5.425,5.329,5.388,5.26,5.102,
1998-09-30,7.44141,7.37109,7.22656,6.408,5.639,5.429,5.273,5.127,,5.048,4.998,4.898,4.926,4.759,4.537,
1998-10-30,7.37563,7.175,6.90797,6.154,5.359,5.207,5.101,5.037,,5.086,5.118,5.06,5.1370000000000005,4.994,4.824,
1998-11-30,6.9350000000000005,6.88063,6.66469,6.042,5.285,5.059,4.942,4.84,,4.769,4.765,4.6850000000000005,4.736,4.55,4.396,
1998-12-31,6.34313,6.25766,5.95156,5.395,4.899,4.701,4.575,4.45,,4.414,4.461,4.361,4.482,4.397,4.265,
1999-01-29,6.0075,5.81594,5.62875,5.266,4.811,4.5600000000000005,4.428,4.296,,4.235,4.255,4.098,4.322,4.283,4.169,
1999-02-26,5.62625,5.46156,5.36281,5.107,4.976,4.861,4.769,4.624,,4.6850000000000005,4.724,4.53,4.715,4.62,4.482,
1999-03-31,5.39453,5.32406,5.25,4.757,4.734,4.68,4.569,4.555,,4.662,4.628,4.487,4.636,4.606,4.474,
1999-04-30,5.35828,5.33125,5.32344,5.06,5.044,4.973,4.807,4.787,,4.8309999999999995,4.785,4.605,4.686,4.654,4.545,
1999-05-31,5.37813,5.37313,5.35641,5.049,5.139,5.117,5.052,5.016,,5.108,5.059,4.868,4.9399999999999995,4.877,4.757,
1999-06-30,5.14031,5.18781,5.2575,5.048,5.321,5.376,5.405,5.368,,5.395,5.331,5.064,4.9350000000000005,4.805,4.656,
1999-07-30,5.25,5.27031,5.55094,5.418,5.754,5.811,5.748,5.704,,5.694,5.644,5.339,5.098,4.898,4.694,
1999-08-31,5.07438,5.21656,5.61172,5.428,5.799,5.841,5.782,5.701,,5.614,5.5120000000000005,5.183,4.901,4.708,4.53,
1999-09-30,5.43344,5.56031,6.01516,5.8149999999999995,6.106,6.196,6.205,6.177,,6.091,5.987,5.622,5.264,5.01,4.804,
1999-10-29,5.43094,6,6.14656,5.865,6.097,6.197,6.134,6.075,,5.907,5.797,5.406,4.978,4.688,4.463,
1999-11-30,5.50375,5.99875,6.13843,6.108,6.283,6.315,6.164,6.034,,5.814,5.684,5.227,4.7780000000000005,4.505,4.266,
1999-12-31,5.40813,6.07844,6.29031,6.266,6.43,6.444,6.259,6.108,,5.9399999999999995,5.834,5.484,4.978,4.779,4.599,
2000-01-31,6.10609,6.22594,6.42281,6.395,6.533,6.538,6.477,6.338,,6.242,6.122,5.7379999999999995,5.211,4.913,4.707,
2000-02-29,6.15563,6.25375,6.43625,6.339,6.41,6.365,6.2379999999999995,6.065,,5.949,5.834,5.45,5.03,4.763,4.542,
2000-03-31,6.05016,6.25125,6.46828,6.325,6.397,6.357,6.157,5.947,,5.789,5.66,5.239,4.92,4.707,4.508,
2000-04-28,6.18688,6.365,6.47984,6.203,6.188,6.133,5.977,5.763,5.736,5.671,5.571,5.21,4.828,4.629,4.432,
2000-05-31,6.12438,6.27891,6.43,6.147,6.209,6.045,5.8870000000000005,5.768,5.747,5.645,5.532,5.175,4.859,4.633,4.4030000000000005,
2000-06-30,6.07031,6.22484,6.3375,6.065,6.002,5.891,5.754,5.626,5.647,5.587,5.495,5.171,4.89,4.691,4.497,
2000-07-31,6.08625,6.22625,6.34344,6.115,6.035,5.938,5.808,5.72,5.701,5.614,5.53,5.222,4.97,4.741,4.55,
2000-08-31,6.06938,6.24625,6.36375,6.133,6.062,5.97,5.792,5.772,5.7,5.618,5.548,5.337,5.095,4.856,4.66,
2000-09-29,6.10172,6.1775,6.2668800000000005,5.912,5.848,5.782,5.643,5.61,5.559,5.481,5.423,5.195,5.065,4.854,4.668,
2000-10-31,6.0575,6.14563,6.21109,5.837,5.785,5.73,5.595,5.567,5.5120000000000005,5.432,5.366,5.161,4.997,4.763,4.582,
2000-11-30,5.98,6.03531,6.03875,5.575,5.478,5.406,5.298,5.267,5.213,5.146,5.065,4.881,4.73,4.496,4.215,
2000-12-29,5.85344,5.89906,5.865,5.377,5.279,5.247,5.19,5.167,5.165,5.12,5.065,4.881,4.713,4.513,4.229,
2001-01-31,5.89953,5.79406,5.67531,5.271,5.179,5.17,5.106,5.088,5.068,5.022,4.981,4.836,4.702,4.534,4.32,
2001-02-28,5.72219,5.64688,5.55422,5.261,5.134,5.113,5.066,5.077,5.05,5.024,4.991,4.798,4.737,4.572,4.339,
2001-03-30,5.68844,5.52641,5.36625,5.102,4.965,4.937,4.897,4.907,4.918,4.915,4.916,4.784,4.809,4.716,4.553,
2001-04-30,5.42172,5.34047,5.245,5.125,4.993,5.094,5.116,5.175,5.203,5.218,5.215,5.118,5.126,5.027,4.846,
2001-05-31,5.30563,5.25375,5.25125,5.116,5.267,5.313,5.33,5.33,5.33,5.324,5.326,5.226,5.244,5.138,4.969,
2001-06-29,5.22453,5.29391,5.43125,5.435,5.496,5.523,5.529,5.4879999999999995,5.469,5.452,5.377,5.289,5.293,5.168,4.983,
2001-07-31,5.25125,5.24625,5.25625,5.084,5.168,5.19,5.221,5.203,5.198,5.186,5.117,5.01,5.034,4.927,4.719,
2001-08-31,4.89078,4.93375,4.94094,4.798,4.896,4.918,5.022,5.019,5.02,5.01,4.955,4.866,4.909,4.793,4.539,
2001-09-28,4.69875,4.52656,4.47875,4.316,4.576,4.657,4.853,4.899,4.938,4.959,4.941,4.907,4.968,4.851,4.747,
2001-10-31,4.25375,4.22125,4.17875,3.949,4.157,4.267,4.497,4.543,4.579,4.594,4.577,4.533,4.587,4.518,4.314,
2001-11-30,4.02625,4.02375,4.03141,3.801,4.337,4.418,4.664,4.698,4.72,4.731,4.708,4.655,4.696,4.604,4.411,
2001-12-31,4.14781,4.10625,4.13625,4.005,4.761,4.852,5.104,5.118,5.141,5.15,5.126,5.054,5.048,4.929,4.7,
2002-01-31,4.03298,4.0575,4.18094,3.974,4.707,4.796,4.9719999999999995,4.974,4.974,4.968,4.949,4.8870000000000005,4.893,4.787,4.5600000000000005,
2002-02-28,4.03016,4.05625,4.18188,3.945,4.623,4.734,4.9559999999999995,4.991,5.021,5.02,5.016,4.994,5.003,4.925,4.712,
2002-03-29,4.02,4.18688,4.39781,4.981,5.093,5.312,5.345,5.364,5.394,5.382,5.362,5.293,5.319,5.231,5.021,
2002-04-30,4.04625,4.15031,4.30938,4.712,4.803,5.099,5.136,5.19,5.23,5.237,5.235,5.189,5.218,5.153,4.975,
2002-05-31,4.075,4.19063,4.42125,4.779,4.885,5.144,5.186,5.236,5.27,5.279,5.288,5.253,5.288,5.235,5.074,
2002-06-28,3.96094,4.14656,4.32875,4.6,4.695,4.9879999999999995,5.031,5.066,5.069,5.058,5.06,5.006,5.013,4.934,4.7780000000000005,
2002-07-31,3.93344,4.0025,4.075,3.996,4.062,4.545,4.665,4.749,4.752,4.828,4.854,4.856,4.908,4.875,4.739,
2002-08-30,4.01125,4.00875,4.02625,3.89,3.9050000000000002,4.356,4.451,4.521,4.5120000000000005,4.583,4.615,4.617,4.636,4.587,4.43,
2002-09-30,3.94063,3.94063,3.93688,3.596,3.485,3.983,4.112,4.199,4.203,4.297,4.344,4.37,4.44,4.429,4.302,
2002-10-31,3.94219,3.95,3.94375,3.697,3.8449999999999998,4.097,4.234,4.35,4.356,4.47,4.519,4.556,4.618,4.599,4.464,
2002-11-29,4,4.03141,4.08547,4.02,4.16,4.36,4.46,4.54,4.5600000000000005,4.62,4.65,4.68,4.74,4.73,4.62,
2002-12-31,4.055,4.0225,3.99,3.699,3.754,3.971,4.087,4.18,4.205,4.28,4.332,4.374,4.44,4.486,4.446,
2003-01-31,3.99375,3.9625,3.9259399999999998,3.664,3.656,3.819,3.948,4.046,4.06,4.166,4.221,4.2780000000000005,4.34,4.384,4.35,
2003-02-28,3.70625,3.68344,3.59797,3.331,3.285,3.481,3.645,3.782,3.8040000000000003,3.971,4.062,4.173,4.287,4.409,4.411,
2003-03-31,3.705,3.65703,3.5949999999999998,3.385,3.42,3.646,3.8129999999999997,3.935,3.961,4.118,4.19,4.288,4.415,4.54,4.515,
2003-04-30,3.63063,3.62188,3.56156,3.334,3.64,3.795,3.8609999999999998,4.002,4.168,4.246,4.291,4.35,4.481,4.591,4.599,
2003-05-30,3.68969,3.62563,3.55,3.268,3.45,3.58,3.719,3.749,3.8890000000000002,3.974,4.012,4.066,4.212,4.335,4.365,
2003-06-30,3.66875,3.64125,3.56625,3.2800000000000002,3.485,3.616,3.771,3.8040000000000003,3.96,4.051,4.101,4.157,4.316,4.475,4.549,
2003-07-31,3.41203,3.44125,3.45625,3.416,3.818,3.9699999999999998,4.125,4.166,4.319,4.383,4.435,4.523,4.641,4.753,4.798,
2003-08-29,3.6206300000000002,3.6318799999999998,3.7025,3.642,4.167,4.297,4.408,4.436,4.5120000000000005,4.551,4.584,4.605,4.683,4.715,4.696,
2003-09-30,3.69375,3.725,3.82625,3.659,4.015,4.161,4.287,4.31,4.366,4.449,4.493,4.53,4.62,4.674,4.646,
2003-10-31,3.74625,3.9475,4.11938,3.999,4.602,4.753,4.898,4.917,4.968,5,5.017,5.005,5.029,4.985,4.846,
2003-11-28,3.80594,3.98313,4.20188,4.033,4.586,4.771,4.876,4.896,4.962,5.01,4.953,5.076,5.074,5.015,4.871,
2003-12-31,3.90125,4.0375,4.17,3.834,4.298,4.465,4.583,4.596,4.648,4.714,4.74,4.802,4.802,4.79,4.6850000000000005,
2004-01-30,3.98125,4.145,4.29375,4.165,4.412,4.603,4.732,4.7780000000000005,4.795,4.824,4.85,4.9,4.885,4.854,4.72,
2004-02-27,4.12063,4.2043800000000005,4.32438,4.076,4.274,4.441,4.574,4.621,4.644,4.675,4.704,4.764,4.754,4.78,4.695,
2004-03-31,4.18875,4.375,4.5275,4.229,4.416,4.535,4.606,4.64,4.6530000000000005,4.687,4.7059999999999995,4.751,4.742,4.733,4.635,
2004-04-30,4.2725,4.43375,4.605,4.342,4.574,4.717,4.82,4.873,4.896,4.924,4.953,4.989,4.966,4.946,4.825,
2004-05-31,4.465,4.6575,4.87,4.61,4.927,5.066,5.127,5.145,5.152,5.152,5.162,5.157,5.134,5.065,4.889,
2004-06-30,4.625,4.84375,5.0375,4.822,4.957,5.028,5.035,5.06,5.079,5.102,5.109,5.099,5.069,4.932,4.82,
2004-07-30,4.76,4.93875,5.115,4.907,5.043,5.061,5.102,5.118,5.11,5.125,5.124,5.096,4.996,4.907,4.748,
2004-08-31,4.85375,4.9625,5.07625,4.694,4.795,4.822,4.859,4.882,4.905,4.924,4.93,4.923,4.844,4.77,4.624,
2004-09-30,4.845,4.91875,4.99625,4.546,4.679,4.703,4.737,4.763,4.7940000000000005,4.8149999999999995,4.828,4.833,4.791,4.727,4.598,
2004-10-29,4.83,4.8975,4.9525,4.485,4.564,4.587,4.625,4.657,4.688,4.711,4.725,4.7379999999999995,4.71,4.654,4.541,
2004-11-30,4.82125,4.85906,4.8875,4.345,4.425,4.446,4.48,4.511,4.542,4.5649999999999995,4.579,4.596,4.592,4.541,4.432,
2004-12-31,4.86,4.885,4.91563,4.368,4.437,4.459,4.476,4.494,4.505,4.5120000000000005,4.521,4.537,4.542,4.497,4.405,
2005-01-31,4.83375,4.86813,4.89875,4.485,4.515,4.522,4.537,4.547,4.561,4.571,4.582,4.606,4.608,4.568,4.493,
2005-02-28,4.87188,4.95625,5.0575,4.686,4.77,4.761,4.763,4.759,4.743,4.748,4.739,4.736,4.687,4.626,4.507,
2005-03-31,4.86625,4.98313,5.03813,4.623,4.677,4.675,4.675,4.677,4.681,4.6899999999999995,4.692,4.699,4.691,4.647,4.562,
2005-04-29,4.87063,4.93875,4.96375,4.574,4.518,4.508,4.501,4.502,4.508,4.517,4.519,4.531,4.532,4.5,4.439,
2005-05-31,4.855,4.86688,4.85688,4.293,4.248,4.226,4.226,4.248,4.268,4.279,4.293,4.315,4.361,4.354,4.326,
2005-06-30,4.82,4.75,4.6725,4.109,4.065,4.025,4.036,4.067,4.102,4.119,4.146,4.173,4.219,4.218,4.203,
2005-07-29,4.64625,4.61938,4.545,4.199,4.17,4.17,4.194,4.226,4.249,4.2620000000000005,4.29,4.315,4.354,4.344,4.314,
2005-08-31,4.59063,4.58938,4.54938,4.16,4.108,4.08,4.081,4.09,4.111,4.115,4.132,4.159,4.214,4.212,4.195,
2005-09-30,4.60125,4.6,4.56938,4.234,4.193,4.201,4.216,4.222,4.247,4.252,4.274,4.287,4.316,4.294,4.242,
2005-10-31,4.58813,4.60688,4.61125,4.336,4.323,4.319,4.336,4.332,4.34,4.332,4.341,4.335,4.353,4.315,4.242,
2005-11-30,4.595,4.6175,4.62313,4.335,4.308,4.295,4.293,4.266,4.274,4.258,4.247,4.231,4.233,4.185,4.113,
2005-12-30,4.6625,4.63938,4.58813,4.192,4.191,4.186,4.196,4.165,4.167,4.143,4.122,4.1,4.112,4.056,3.977,
2006-01-31,4.59375,4.59813,4.61563,4.327,4.317,4.31,4.307,4.286,4.265,4.231,4.188,4.15,4.097,3.998,3.844,
2006-02-28,4.57125,4.57875,4.59875,4.34,4.337,4.344,4.331,4.306,4.288,4.255,4.218,4.19,4.123,4.024,3.864,
2006-03-31,4.59188,4.61188,4.66156,4.442,4.462,4.489,4.47,4.463,4.442,4.422,4.426,4.398,4.35,4.259,4.1,
2006-04-28,4.62531,4.665,4.72,4.568,4.621,4.681,4.679,4.673,4.667,4.66,4.661,4.635,4.5809999999999995,4.427,4.253,
2006-05-31,4.65688,4.71063,4.7837499999999995,4.681,4.698,4.723,4.701,4.687,4.659,4.642,4.629,4.591,4.545,4.43,4.222,
2006-06-30,4.6835,4.75375,4.81688,4.72,4.771,4.811,4.806,4.789,4.763,4.752,4.74,4.71,4.665,4.551,4.345,
2006-07-31,4.68688,4.77688,4.86875,4.726,4.731,4.743,4.721,4.696,4.672,4.655,4.64,4.605,4.561,4.439,4.22,
2006-08-31,4.92125,4.9825,5.09375,4.932,4.876,4.814,4.76,4.715,4.655,4.598,4.567,4.516,4.465,4.344,4.124,
2006-09-29,4.95813,5.074,5.18,5.022,4.915,4.837,4.776,4.725,4.675,4.625,4.587,4.523,4.469,4.34,4.1,
2006-10-31,5.06,5.1925,5.295,5.103,5.032,4.916,4.879,4.821,4.74,4.646,4.6,4.511,4.431,4.281,4,
2006-11-30,5.15063,5.25,5.33,5.095,5.033,4.938,4.895,4.8309999999999995,4.746,4.656,4.609,4.513,4.434,4.309,4.047,
2006-12-29,5.25625,5.32,5.43,5.283,5.206,5.149,5.12,5.057,4.978,4.895,4.848,4.741,4.649,4.5,4.208,
2007-01-31,5.435,5.59,5.71188,5.523,5.478,5.401,5.331,5.257,5.264,5.169,5.113,4.976,4.855,4.708,4.396,
2007-02-28,5.425,5.53,5.62875,5.378,5.321,5.223,5.148,5.06,5.264,4.981,4.924,4.797,4.678,4.543,4.254,
2007-03-30,5.47,5.61688,5.725,5.48,5.439,5.356,5.29,5.22,5.264,5.148,5.087,4.969,4.846,4.714,4.428,
2007-04-30,5.56813,5.72625,5.83188,5.566,5.513,5.431,5.367,5.277,5.264,5.22,5.157,5.043,4.934,4.799,4.514,
2007-05-31,5.66663,5.81063,5.94813,5.688,5.746,5.692,5.619,5.531,5.264,5.462,5.389,5.255,5.124,4.959,4.6370000000000005,
2007-06-29,5.92125,6.00375,6.12625,5.667,5.771,5.816,5.798,5.704,5.264,5.6129999999999995,5.535,5.463,5.34,5.07,4.832,
2007-07-31,5.91375,6.04313,6.15,5.7940000000000005,5.559,5.508,5.516,5.372,5.264,5.341,5.283,5.209,5.098,4.8309999999999995,4.593,
2007-08-31,6.62,6.6925,6.63375,5.578,5.362,5.252,5.287,5.161,5.264,5.135,5.081,5.036,4.9399999999999995,4.719,4.5,
2007-09-28,6.18375,6.30375,6.29125,5.306,5.07,4.985,5.067,5.004,5.264,5.058,5.029,5.011,4.954,4.789,4.602,
2007-10-31,6.02875,6.27938,6.24125,5.181,5.102,5.025,5.041,4.974,5.264,4.978,4.941,4.928,4.78,4.724,4.529,
2007-11-30,6.09125,6.60625,6.34,4.66,4.522,4.5120000000000005,4.619,4.591,5.264,4.657,4.64,4.6370000000000005,4.619,4.606,4.464,
2007-12-31,5.95375,5.99375,5.9399999999999995,4.459,4.359,4.339,4.425,4.407,5.264,4.519,4.507,4.508,4.482,4.465,4.303,
2008-01-31,5.5675,5.58,5.53,4.362,4.292,4.273,4.306,4.26,5.264,4.406,4.435,4.477,4.477,4.466,4.338,
2008-02-29,5.58875,5.73875,5.695,4.203,4.069,4.036,4.126,4.121,5.264,4.324,4.401,4.469,4.533,4.527,4.389,
2008-03-31,5.78688,6.00813,5.975,4.09,3.8289999999999997,3.907,3.8890000000000002,3.893,5.264,4.006,4.122,4.348,4.572,4.574,4.384,
2008-04-30,5.46813,5.83875,5.83813,4.351,4.418,4.419,4.053,4.366,4.449,4.533,4.312,4.67,4.772,4.753,4.501,
2008-05-30,5.46,5.86688,5.98438,4.998,5.074,5.037,4.292,4.943,4.918,4.9190000000000005,4.909,4.986,4.982,4.9399999999999995,4.584,
2008-06-30,5.50375,5.94625,6.15813,5.181,5.226,5.202,4.292,5.177,5.155,5.157,5.122,5.13,5.121,5.055,4.681,
2008-07-31,5.385,5.78313,5.98,4.905,4.803,4.808,4.292,4.783,4.76,4.773,4.749,4.806,4.895,4.83,4.518,
2008-08-29,5.36,5.75313,5.91188,4.656,4.505,4.477,4.292,4.432,4.427,4.466,4.442,4.48,4.668,4.638,4.385,
2008-09-30,6.075,6.3,6.40125,3.844,4.012,4.059,4.118,4.201,4.237,4.314,4.298,4.449,4.715,4.686,4.501,
2008-10-31,5.655,5.8412500000000005,5.95,2.666,2.925,3.343,3.61,3.777,4.046,4.265,4.348,4.524,4.892,4.877,4.516,
2008-11-28,3.2625,3.91,4.0475,1.72,2.206,2.734,3.041,3.204,3.355,3.581,3.64,3.768,4.451,4.487,4.119,
2008-12-31,2.16625,2.77,2.96,0.538,1.048,1.8199999999999998,2.305,2.432,2.7560000000000002,2.944,2.9290000000000003,3.02,3.888,3.939,3.701,
2009-01-30,1.59063,2.16563,2.3449999999999998,1.055,1.501,2.201,2.463,2.855,2.751,3.308,3.508,3.7039999999999997,4.439,4.529,4.4,
2009-02-27,1.40875,2.04938,2.23188,0.938,1.44,1.909,2.186,2.6189999999999998,2.751,3.005,3.179,3.623,4.388,4.506,4.341,
2009-03-31,1.03188,1.6487500000000002,1.8725,0.773,1.193,2.014,2.257,2.356,2.751,2.653,2.729,3.166,3.893,4.028,4.166,
2009-04-30,0.84625,1.45188,1.6575,0.654,1.055,1.9489999999999998,2.332,2.374,2.751,2.765,2.93,3.501,4.212,4.345,4.351,
2009-05-29,0.67,1.27813,1.48875,0.623,1.079,1.9340000000000002,2.477,2.557,2.751,2.7359999999999998,2.997,3.747,4.294,4.427,4.557,
2009-06-30,0.6525,1.18625,1.4068800000000001,0.81,1.333,2.248,2.762,2.883,2.751,2.939,3.128,3.69,4.208,4.357,4.399,
2009-07-31,0.5825,0.8875,1.09875,0.593,1.233,2.187,2.748,2.947,3.078,3.376,3.492,3.801,4.396,4.5280000000000005,4.507,
2009-08-31,0.53375,0.69,0.90688,0.405,0.867,1.771,2.26,2.599,2.733,2.96,3.21,3.556,3.878,3.99,4.123,
2009-09-30,0.50313,0.54188,0.7375,0.47,0.882,1.641,2.221,2.635,2.784,3.02,3.286,3.592,3.961,4.029,4.091,
2009-10-30,0.51188,0.59125,0.8075,0.454,0.857,1.625,2.233,2.731,2.901,3.097,3.239,3.6189999999999998,4.058,4.139,4.134,
2009-11-30,0.5125,0.61188,0.84188,0.649,1.175,1.608,2.039,2.6,2.822,3.038,3.159,3.523,4.044,4.116,4.092,
2009-12-31,0.515,0.605,0.83938,0.583,1.315,1.811,2.234,2.805,3.122,3.452,3.64,4.015,4.442,4.473,4.415,
2010-01-29,0.51688,0.61625,0.84375,0.743,1.255,1.736,2.159,2.763,3.056,3.371,3.547,3.911,4.371,4.409,4.389,
2010-02-26,0.53875,0.6425,0.86813,0.624,0.944,1.826,2.3449999999999998,2.7439999999999998,3.266,3.524,3.69,4.031,4.469,4.593,4.575,
2010-03-31,0.5475,0.64719,0.8825,0.673,1.157,1.7770000000000001,2.275,2.713,3.181,3.441,3.6189999999999998,3.939,4.372,4.485,4.527,
2010-04-30,0.55375,0.67719,0.92625,0.62,1.13,1.741,2.219,2.645,3.109,3.342,3.5220000000000002,3.852,4.317,4.437,4.484,
2010-05-31,0.56594,0.71063,0.98281,0.571,0.884,1.389,1.8439999999999999,2.2800000000000002,2.7439999999999998,2.99,3.173,3.581,4.072,4.24,4.283,
2010-06-30,0.56875,0.73031,1.01827,0.558,0.746,1.201,1.641,2.067,2.533,2.742,2.961,3.355,3.893,4.117,4.172,
2010-07-30,0.5725,0.74516,1.03156,0.689,0.777,1.194,1.624,2.054,2.534,2.68,2.9210000000000003,3.325,3.884,4.215,4.288,
2010-08-31,0.56875,0.72547,1.02234,0.592,0.646,0.852,1.218,1.617,2.033,2.199,2.425,2.832,3.377,3.695,3.817,
2010-09-30,0.56844,0.73225,1.02516,0.604,0.653,0.89,1.224,1.609,2.077,2.267,2.516,2.95,3.462,3.766,3.904,
2010-10-29,0.56875,0.741,1.03,0.621,0.677,0.883,1.244,1.6280000000000001,2.1189999999999998,2.307,2.576,3.076,3.6630000000000003,4.011,4.153,
2010-11-30,0.57875,0.73875,1.0325,0.558,0.913,1.349,1.758,1.92,2.2439999999999998,2.7,3.01,3.225,3.825,4.139,4.223,
2010-12-31,0.5925,0.7575,1.05,0.603,1.097,1.576,2.029,2.195,2.511,2.888,3.205,3.396,3.874,4.128,4.185,
2011-01-31,0.59875,0.77688,1.0743800000000001,0.696,1.299,1.807,2.271,2.461,2.775,3.184,3.48,3.656,4.114,4.391,4.452,
2011-02-28,0.6125,0.8025,1.11,0.895,1.397,1.849,2.286,2.4699999999999998,2.754,3.18,3.444,3.602,4.032,4.327,4.365,
2011-03-31,0.62063,0.81813,1.1268799999999999,0.917,1.3559999999999999,1.822,2.258,2.44,2.762,3.161,3.431,3.689,4.073,4.31,4.359,
2011-04-29,0.62375,0.82188,1.11625,0.661,1.204,1.562,2.017,2.199,2.523,2.92,3.197,3.43,3.8369999999999997,4.109,4.164,
2011-05-31,0.625,0.82625,1.1075,0.604,0.921,1.339,1.78,1.964,2.29,2.685,2.983,3.292,3.77,4.043,4.11,
2011-06-30,0.63094,0.82563,1.10438,0.624,0.828,1.206,1.6600000000000001,2.065,2.208,2.665,2.983,3.38,3.903,4.193,4.287,
2011-07-29,0.63188,0.83281,1.115,0.491,0.632,0.821,1.223,1.583,1.724,2.136,2.441,2.859,3.462,3.865,4.016,
2011-08-31,0.66069,0.88625,1.17281,0.533,0.602,0.79,1.107,1.424,1.542,1.968,2.229,2.6029999999999998,3.232,3.641,3.904,
2011-09-30,0.6915,0.9525,1.2306300000000001,0.57,0.579,0.814,1.07,1.366,1.496,1.683,2.051,2.43,2.782,3.299,3.553,
2011-10-31,0.70475,0.98669,1.26806,0.498,0.529,0.707,0.963,1.2610000000000001,1.418,1.658,2.051,2.437,2.727,3.224,3.3890000000000002,
2011-11-30,0.74163,1.03825,1.33156,0.418,0.46,0.565,0.804,1.116,1.275,1.564,1.9569999999999999,2.312,2.577,2.956,3.14,
2011-12-30,0.77019,1.08006,1.37575,0.325,0.327,0.486,0.762,1.051,1.2530000000000001,1.491,1.689,1.9769999999999999,2.548,2.83,3.053,
2012-01-31,0.7685,1.083,1.39344,0.395,0.357,0.458,0.718,0.981,1.191,1.428,1.657,1.97,2.54,2.805,3.015,
2012-02-29,0.73819,1.05963,1.37938,0.419,0.413,0.506,0.739,0.982,1.204,1.463,1.73,2.149,2.743,3.032,3.227,
2012-03-30,0.696,1.02688,1.3456299999999999,0.457,0.419,0.534,0.781,1.03,1.255,1.504,1.763,2.204,2.836,3.15,3.362,
2012-04-30,0.68563,1.0125,1.33344,0.437,0.449,0.567,0.835,1.077,1.274,1.4849999999999999,1.698,2.113,2.753,3.098,3.337,
2012-05-31,0.67,0.99313,1.31125,0.283,0.235,0.295,0.47,0.633,0.81,0.962,1.191,1.571,2.238,2.63,2.949,
2012-06-29,0.616,0.895,1.1775,0.292,0.282,0.388,0.566,0.747,0.933,1.137,1.3679999999999999,1.734,2.362,2.713,3.039,
2012-07-31,0.55913,0.74375,1.00563,0.142,0.086,0.134,0.288,0.495,0.659,0.837,1.078,1.47,2.1310000000000002,2.501,2.886,
2012-08-31,0.53125,0.68125,0.93063,0.199,0.077,0.115,0.269,0.467,0.657,0.845,1.087,1.464,2.121,2.493,2.944,
2012-09-28,0.51375,0.59688,0.84,0.189,0.19,0.245,0.432,0.724,0.768,1.06,1.28,1.7269999999999999,2.231,2.63,3.068,
2012-10-31,0.5,0.5275,0.7075,0.264,0.264,0.32,0.505,0.819,0.877,1.194,1.412,1.8519999999999999,2.365,2.707,3.099,
2012-11-30,0.49625,0.5225,0.67938,0.319,0.315,0.366,0.531,0.822,0.871,1.149,1.362,1.775,2.284,2.64,3.027,
2012-12-31,0.49313,0.515,0.66688,0.337,0.323,0.363,0.553,0.856,0.924,1.214,1.437,1.8279999999999998,2.352,2.7039999999999997,3.101,
2013-01-31,0.4925,0.51125,0.6475,0.357,0.377,0.449,0.661,0.989,1.079,1.425,1.661,2.097,2.637,2.9699999999999998,3.321,
2013-02-28,0.4925,0.50813,0.61375,0.244,0.241,0.273,0.463,0.789,0.887,1.271,1.53,1.9729999999999999,2.575,2.908,3.274,
2013-03-29,0.49625,0.50688,0.6025,0.218,0.203,0.294,0.461,0.704,0.924,1.161,1.5110000000000001,1.768,2.4,2.745,3.113,
2013-04-30,0.49125,0.50438,0.59125,0.248,0.244,0.324,0.467,0.677,0.899,1.109,1.446,1.69,2.289,2.624,3.011,
2013-05-31,0.4925,0.50563,0.58875,0.333,0.374,0.493,0.681,0.916,1.148,1.388,1.7530000000000001,2.002,2.605,2.917,3.265,
2013-06-28,0.49313,0.51038,0.59988,0.311,0.398,0.625,0.921,1.428,1.54,1.808,2.196,2.443,2.972,3.237,3.589,
2013-07-31,0.49063,0.50856,0.58225,0.331,0.318,0.489,0.753,1.252,1.379,1.6680000000000001,2.069,2.358,2.939,3.225,3.55,
2013-08-30,0.49188,0.515,0.59125,0.379,0.414,0.75,1.225,1.5510000000000002,1.831,2.085,2.317,2.7720000000000002,3.133,3.3609999999999998,3.588,
2013-09-30,0.49125,0.5175,0.58875,0.397,0.442,0.772,1.211,1.525,1.782,2.027,2.259,2.721,3.066,3.282,3.535,
2013-10-31,0.48781,0.51375,0.58375,0.377,0.421,0.695,1.141,1.444,1.71,1.9649999999999999,2.201,2.617,2.999,3.219,3.4859999999999998,
2013-11-29,0.48813,0.52219,0.59938,0.403,0.458,0.725,1.198,1.541,1.8439999999999999,2.091,2.334,2.769,3.167,3.382,3.596,
2013-12-31,0.48938,0.52531,0.62281,0.365,0.564,0.923,1.488,1.857,2.194,2.418,2.621,3.022,3.38,3.505,3.665,
2014-01-31,0.48375,0.52125,0.61906,0.367,0.494,0.784,1.293,1.625,1.9300000000000002,2.158,2.344,2.707,3.066,3.299,3.502,
2014-02-28,0.4825,0.52188,0.61188,0.335,0.494,0.783,1.282,1.62,1.92,2.153,2.3529999999999998,2.719,3.073,3.302,3.5060000000000002,
2014-03-31,0.48781,0.52219,0.62219,0.427,0.71,1.101,1.682,1.972,2.064,2.37,2.442,2.7359999999999998,3.2359999999999998,3.372,3.511,
2014-04-30,0.4875,0.52706,0.63369,0.377,0.687,1.078,1.662,1.937,2.014,2.299,2.373,2.6630000000000003,3.178,3.316,3.445,
2014-05-30,0.48813,0.53063,0.63688,0.378,0.666,1.041,1.607,1.873,1.948,2.211,2.286,2.57,3.09,3.239,3.391,
2014-06-30,0.49406,0.5525,0.70031,0.495,0.867,1.248,1.7970000000000002,2.032,2.1,2.343,2.414,2.67,3.154,3.288,3.423,
2014-07-31,0.501,0.55963,0.71338,0.419,0.84,1.217,1.764,1.998,2.068,2.292,2.36,2.602,3.045,3.167,3.29,
2014-08-29,0.50094,0.55963,0.70563,0.536,0.838,1.237,1.4969999999999999,1.709,1.855,1.972,2.132,2.368,2.6959999999999997,2.826,2.956,
2014-09-30,0.50756,0.56525,0.71456,0.535,0.826,1.268,1.5470000000000002,1.772,1.916,2.04,2.198,2.425,2.774,2.911,3.059,
2014-10-31,0.50694,0.55338,0.69075,0.411,0.655,1.014,1.298,1.538,1.696,1.83,2.007,2.247,2.642,2.8040000000000003,2.98,
2014-11-28,0.50256,0.55275,0.67844,0.399,0.512,0.791,1.051,1.268,1.41,1.5350000000000001,1.696,1.9260000000000002,2.318,2.49,2.6710000000000003,
2014-12-31,0.50381,0.564,0.68531,0.273,0.446,0.673,0.949,1.164,1.294,1.4060000000000001,1.558,1.756,2.148,2.324,2.507,
2015-01-30,0.50256,0.56338,0.6825,0.294,0.351,0.52,0.712,0.879,0.968,1.044,1.165,1.33,1.677,1.858,2.04,
2015-02-27,0.50538,0.56369,0.68344,0.315,0.434,0.745,1.006,1.221,1.347,1.456,1.607,1.796,2.133,2.318,2.485,
2015-03-31,0.50319,0.56963,0.68388,0.371,0.423,0.794,1.023,1.193,1.266,1.417,1.522,1.576,1.955,2.147,2.33,
2015-04-30,0.50756,0.56875,0.70113,0.447,0.535,0.942,1.191,1.377,1.471,1.6400000000000001,1.755,1.834,2.191,2.372,2.537,
2015-05-29,0.50663,0.56719,0.70894,0.49,0.509,0.9,1.156,1.3439999999999999,1.443,1.615,1.728,1.813,2.215,2.38,2.535,
2015-06-30,0.50788,0.5785,0.73631,0.499,0.562,1.005,1.293,1.506,1.6139999999999999,1.8010000000000002,1.927,2.024,2.417,2.573,2.716,
2015-07-31,0.50713,0.58156,0.75125,0.529,0.568,0.977,1.236,1.431,1.524,1.692,1.8050000000000002,1.8820000000000001,2.2720000000000002,2.426,2.559,
2015-08-31,0.506,0.58688,0.74813,0.489,0.687,0.909,1.148,1.387,1.498,1.661,1.7570000000000001,1.962,2.266,2.433,2.5789999999999997,
2015-09-30,0.50819,0.58313,0.7475,0.502,0.563,0.758,0.955,1.191,1.296,1.459,1.5590000000000002,1.762,2.099,2.307,2.473,
2015-10-30,0.51069,0.58,0.7325,0.524,0.626,0.809,1.034,1.276,1.3980000000000001,1.58,1.708,1.9220000000000002,2.232,2.452,2.6189999999999998,
2015-11-30,0.5035,0.57075,0.727,0.473,0.604,0.79,0.983,1.213,1.327,1.5030000000000001,1.627,1.825,2.163,2.387,2.531,
2015-12-31,0.50319,0.59038,0.75188,0.272,0.651,0.878,1.092,1.345,1.446,1.626,1.758,1.96,2.292,2.5,2.668,
2016-01-29,0.50944,0.58938,0.73313,0.361,0.337,0.492,0.655,0.894,1.014,1.206,1.349,1.56,1.924,2.148,2.3449999999999998,
2016-02-29,0.50788,0.59125,0.73725,0.315,0.378,0.517,0.65,0.741,0.94,1.103,1.236,1.337,1.923,2.118,2.307,
2016-03-31,0.51094,0.58813,0.73975,0.401,0.441,0.606,0.751,0.838,1.035,1.186,1.32,1.415,1.963,2.144,2.289,
2016-04-29,0.50725,0.59056,0.74438,0.477,0.528,0.714,0.88,0.976,1.163,1.3439999999999999,1.49,1.596,2.093,2.268,2.395,
2016-05-31,0.51506,0.58819,0.735,0.402,0.432,0.631,0.798,0.899,1.081,1.206,1.328,1.429,1.933,2.103,2.216,
2016-06-30,0.51188,0.55838,0.6775,0.146,0.099,0.166,0.276,0.35,0.509,0.648,0.776,0.867,1.4020000000000001,1.5659999999999998,1.696,
2016-07-29,0.43006,0.49388,0.58063,0.118,0.11,0.132,0.224,0.277,0.396,0.471,0.588,0.685,1.214,1.388,1.553,
2016-08-31,0.27469,0.3875,0.52,0.148,0.144,0.131,0.181,0.214,0.296,0.364,0.446,0.642,0.992,1.1400000000000001,1.268,
2016-09-30,0.26875,0.38275,0.53325,0.143,0.102,0.112,0.175,0.224,0.32,0.411,0.529,0.746,1.161,1.334,1.486,
2016-10-31,0.265,0.40375,0.56631,0.219,0.263,0.319,0.488,0.594,0.747,0.879,1.018,1.245,1.6139999999999999,1.767,1.879,
2016-11-30,0.26075,0.38463,0.55038,0.119,0.128,0.224,0.46,0.611,0.812,0.965,1.135,1.418,1.8,1.944,2.045,
2016-12-30,0.25575,0.36663,0.533,0.12,0.084,0.118,0.338,0.488,0.692,0.81,0.953,1.2389999999999999,1.6320000000000001,1.774,1.875,
2017-01-31,0.26094,0.35588,0.53363,0.063,0.135,0.257,0.467,0.616,0.824,0.96,1.123,1.417,1.791,1.94,2.049,1.885
2017-02-28,0.26038,0.3565,0.51375,0.088,0.1,0.235,0.304,0.554,0.646,0.794,0.929,1.151,1.504,1.677,1.744,1.6179999999999999
2017-03-31,0.25669,0.33744,0.49138,0.153,0.125,0.234,0.317,0.56,0.657,0.8,0.932,1.139,1.4929999999999999,1.653,1.7269999999999999,1.584
2017-04-28,0.25513,0.32525,0.47244,0.047,0.075,0.189,0.262,0.502,0.612,0.753,0.885,1.085,1.466,1.641,1.716,1.572
2017-05-31,0.25144,0.29381,0.43763,0.157,0.131,0.19,0.254,0.485,0.597,0.721,0.837,1.046,1.43,1.5979999999999999,1.694,1.553
2017-06-30,0.25238,0.30669,0.46163,0.34,0.358,0.437,0.49,0.7,0.829,0.937,1.063,1.2570000000000001,1.619,1.787,1.87,1.714
2017-07-31,0.25231,0.28613,0.42113,0.298,0.269,0.318,0.38,0.591,0.718,0.849,0.983,1.23,1.5899999999999999,1.754,1.862,1.717
2017-08-31,0.25019,0.27744,0.40163,0.146,0.176,0.206,0.256,0.441,0.595,0.681,0.795,1.034,1.414,1.6800000000000002,1.698,1.58
2017-09-29,0.25425,0.335,0.49088,0.409,0.467,0.555,0.608,0.798,0.939,1.033,1.138,1.365,1.675,1.919,1.919,1.786
2017-10-31,0.40363,0.4396,0.56235,0.448,0.46,0.536,0.596,0.78,0.926,1.013,1.1219999999999999,1.332,1.663,1.8980000000000001,1.8980000000000001,1.751
2017-11-30,0.49281,0.52138,0.59088,0.47,0.521,0.563,0.631,0.811,0.96,1.033,1.1320000000000001,1.33,1.639,1.8599999999999999,1.879,1.744
2017-12-29,0.49619,0.52106,0.576,0.348,0.438,0.484,0.542,0.723,0.869,0.921,1.003,1.19,1.506,1.737,1.7570000000000001,1.627
2018-01-31,0.49414,0.52231,0.60263,0.416,0.664,0.77,0.846,1.018,1.153,1.219,1.309,1.51,1.76,1.935,1.948,1.796
2018-02-28,0.49663,0.58163,0.69175,0.688,0.778,0.836,1.008,1.155,1.223,1.3,1.404,1.501,1.7530000000000001,1.899,1.8940000000000001,1.726
2018-03-30,0.51125,0.7118,0.82925,0.739,0.823,0.87,0.992,1.11,1.1400000000000001,1.18,1.282,1.35,1.588,1.694,1.706,1.55
2018-04-30,0.51446,0.71034,0.80938,0.688,0.776,0.823,0.988,1.1179999999999999,1.169,1.23,1.34,1.418,1.679,1.81,1.8279999999999998,1.674
2018-05-31,0.49581,0.61149,0.71924,0.518,0.61,0.651,0.821,0.949,1.006,1.063,1.17,1.23,1.534,1.688,1.696,1.5590000000000002
2018-06-29,0.50081,0.67413,0.78806,0.686,0.724,0.736,0.894,1.026,1.088,1.1280000000000001,1.221,1.278,1.564,1.7229999999999999,1.736,1.621
2018-07-31,0.68025,0.79825,0.9,0.734,0.772,0.81,0.94,1.059,1.1280000000000001,1.171,1.2690000000000001,1.33,1.5939999999999999,1.751,1.77,1.657
2018-08-31,0.72313,0.8005,0.89481,0.723,0.731,0.777,0.919,1.039,1.1,1.15,1.234,1.427,1.572,1.748,1.77,1.6640000000000001
2018-09-28,0.7245,0.80025,0.90488,0.8,0.824,0.862,1.032,1.167,1.2349999999999999,1.292,1.376,1.573,1.718,1.891,1.915,1.826
2018-10-31,0.72581,0.81675,0.925,0.762,0.751,0.759,0.895,1.027,1.096,1.148,1.23,1.437,1.613,1.814,1.8639999999999999,1.796
2018-11-30,0.7365,0.89338,1.01188,0.791,0.777,0.776,0.843,0.945,1.01,1.067,1.15,1.3639999999999999,1.637,1.9449999999999998,2.079,2.009
2018-12-31,0.73025,0.91244,1.0346899999999999,0.774,0.752,0.748,0.803,0.904,0.956,1.003,1.075,1.2770000000000001,1.508,1.751,1.821,1.733
2019-01-31,0.73075,0.912,1.027,0.775,0.756,0.766,0.798,0.873,0.923,0.961,1.025,1.219,1.43,1.646,1.718,1.6360000000000001
2019-02-28,0.72888,0.852,0.99375,0.821,0.827,0.873,0.964,1.019,1.046,1.107,1.198,1.302,1.619,1.7530000000000001,1.822,1.722
2019-03-29,0.73088,0.84838,0.95475,0.659,0.642,0.648,0.708,0.758,0.767,0.825,0.904,1,1.337,1.475,1.552,1.454
2019-04-30,0.73238,0.81688,0.94188,0.766,0.764,0.787,0.857,0.908,0.939,0.992,1.084,1.185,1.492,1.6280000000000001,1.693,1.605
2019-05-31,0.72638,0.79588,0.87213,0.656,0.6,0.567,0.607,0.637,0.656,0.715,0.791,0.886,1.21,1.3639999999999999,1.471,1.393
2019-06-28,0.72175,0.77375,0.85113,0.694,0.62,0.567,0.609,0.632,0.641,0.685,0.751,0.833,1.187,1.347,1.4729999999999999,1.401
2019-07-31,0.71325,0.77263,0.8135,0.519,0.437,0.355,0.37,0.383,0.39,0.447,0.522,0.611,0.985,1.16,1.318,1.272
2019-08-30,0.708,0.75925,0.78238,0.459,0.401,0.338,0.347,0.333,0.278,0.305,0.345,0.479,0.716,0.909,1.017,0.948
2019-09-30,0.71525,0.758,0.82675,0.473,0.369,0.301,0.29,0.285,0.216,0.266,0.328,0.488,0.716,0.882,0.974,0.892
2019-10-31,0.71325,0.80925,0.87625,0.643,0.503,0.434,0.438,0.437,0.382,0.412,0.458,0.629,0.861,1.033,1.135,1.054
2019-11-29,0.70538,0.79313,0.85725,0.678,0.544,0.505,0.514,0.513,0.474,0.498,0.539,0.697,0.938,1.112,1.209,1.1179999999999999
2019-12-31,0.70388,0.79163,0.88,0.603,0.545,0.531,0.581,0.601,0.574,0.622,0.673,0.822,1.086,1.233,1.328,1.231
2020-01-31,0.708,0.76475,0.8195,0.613,0.504,0.424,0.419,0.412,0.365,0.386,0.415,0.524,0.768,0.936,1.035,0.951
2020-02-28,0.67675,0.67275,0.68675,0.493,0.31,0.318,0.317,0.329,0.288,0.318,0.361,0.442,0.663,0.844,0.943,0.855
