Dates,1Y,2Y,3Y,5Y,7Y,10Y,spread
1976-06-30,0.0646,0.07309195203361452,0.07512506516586062,0.15450669532903105,0.1565322645650476,0.2347839203598222,0.17018392035982222
1976-07-30,0.061200000000000004,0.07105122655396717,0.07392591730738665,0.1558302771820514,0.1590480228949076,0.23738325199013566,0.17618325199013565
1976-08-31,0.059000000000000004,0.06862453170350742,0.06944668649056965,0.15036800862823718,0.15722376626141316,0.23509121174420178,0.17609121174420178
1976-09-30,0.057800000000000004,0.06656327970006412,0.06870397878905564,0.14917060709913987,0.15649326540895914,0.23073428660951462,0.1729342866095146
1976-10-29,0.055,0.06356300697120124,0.06674591135146435,0.14415260016904907,0.15802713758761333,0.2297325618848619,0.17473256188486191
1976-11-30,0.0495,0.05725051059938824,0.06045591422155466,0.12768219001350678,0.14054526132316847,0.24327328407201632,0.19377328407201633
1976-12-31,0.048600000000000004,0.05659011497800829,0.062258064529997936,0.1311687382638968,0.13809054333272497,0.22325028887420434,0.17465028887420433
1977-01-31,0.0556,0.06582183668783623,0.06899323514929691,0.14141860236435838,0.1537270109696935,0.22982995004851298,0.174229950048513
1977-02-28,0.0556,0.06393735525188991,0.07087771658524322,0.1484341780908986,0.15128254413267678,0.22991325129654044,0.17431325129654046
1977-03-31,0.054000000000000006,0.06413403647465933,0.06994354294656575,0.14881868812207452,0.15184667549792918,0.22842659173182023,0.17442659173182024
1977-04-29,0.055999999999999994,0.06468939753924512,0.06861984244624497,0.14582073494498074,0.15632844252570438,0.228607768264036,0.172607768264036
1977-05-31,0.058600000000000006,0.06298388189311815,0.06871153178273472,0.14357208862596682,0.15185522807464724,0.2279675792451044,0.1693675792451044
1977-06-30,0.0572,0.062422777150924945,0.06608515812578808,0.14012302257337134,0.14935567771862268,0.22165008716939893,0.16445008716939893
1977-07-29,0.0622,0.06560736931661501,0.0688844675983695,0.14486084911981822,0.15220945585635737,0.22385761399489779,0.16165761399489778
1977-08-31,0.0636,0.06597964503918043,0.0677572593874382,0.14009243284912382,0.14531438685665776,0.2219174253341889,0.1583174253341889
1977-09-30,0.0666,0.06747395866270105,0.06934325275041633,0.14213755834475217,0.14716846402458,0.22423176325182886,0.15763176325182887
1977-10-31,0.0705,0.07148591944032544,0.07288179379384813,0.14631828885267997,0.15003696661963012,0.22551438297773863,0.15501438297773862
1977-11-30,0.0692,0.07046161029426691,0.07176552165700734,0.14594959894249987,0.14790062352659583,0.2248686375534792,0.1556686375534792
1977-12-30,0.0698,0.07195350970758795,0.07362723688323988,0.15041096526136233,0.1531920630458361,0.2325637751595545,0.1627637751595545
1978-01-31,0.0726,0.07399749816325331,0.07483173163752735,0.15291057240906525,0.15587467856469395,0.2363532236828253,0.1637532236828253
1978-02-28,0.0732,0.07529838534231365,0.07659496961110882,0.15578132508219356,0.1571662772041263,0.2378276325541605,0.16462763255416052
1978-03-31,0.0748,0.07622419858930385,0.07779838436916603,0.15725894313711877,0.15855115489883764,0.2415223853561378,0.1667223853561378
1978-04-28,0.077,0.07918705136766362,0.07696106686423382,0.15864262079395192,0.16011984694583664,0.2427179945984751,0.16571799459847508
1978-05-31,0.0794,0.07973773963790558,0.08029047043255866,0.16131785251717567,0.163624400169891,0.24704808448107185,0.16764808448107185
1978-06-30,0.08380000000000001,0.08231789225811126,0.0827780630015083,0.1623305955526178,0.16380510554605981,0.25514862567790497,0.17134862567790496
1978-07-31,0.0833,0.08259496415868495,0.08130345106403478,0.16214592393201177,0.16242251084964648,0.25284950741145984,0.16954950741145985
1978-08-31,0.0848,0.08102687264565239,0.07899764159998415,0.16279178677087341,0.1616847756882016,0.23975976348696693,0.15495976348696694
1978-09-29,0.08810000000000001,0.08241016030331534,0.07762023426065903,0.1634364844233105,0.16574014356805705,0.24768821685505116,0.15958821685505115
1978-10-31,0.0992,0.08674342730853649,0.08600145542084325,0.17089502404490375,0.16502132442713557,0.254862690443741,0.15566269044374098
1978-11-30,0.1009,0.08629373301254777,0.08051176944937063,0.16520190028104603,0.1686834778185789,0.2521057625238624,0.15120576252386242
1978-12-29,0.1057,0.0897780716169358,0.08447114027847388,0.1708180448972506,0.17245307871264393,0.25753001600709136,0.15183001600709134
1979-01-31,0.1013,0.08757287070422623,0.07886935866315137,0.16566084745654835,0.17015263973115163,0.2584417372815355,0.15714173728153552
1979-02-28,0.1033,0.09031367015735933,0.0822735550008592,0.17328065456011182,0.17318450664896062,0.2600030678894525,0.15670306788945249
1979-03-30,0.1017,0.08866851879874005,0.08235336227366319,0.1717201677531326,0.17263244020054325,0.2596346863991984,0.1579346863991984
1979-04-30,0.10289999999999999,0.09104025185547106,0.08410156885725606,0.1738329106307357,0.17748671253468706,0.2694310931387399,0.16653109313873993
1979-05-31,0.09910000000000001,0.0881126537208543,0.08142831515456816,0.1686903750327891,0.17180515253537526,0.262751875561937,0.163651875561937
1979-06-29,0.094,0.08196415400161743,0.0806670660187633,0.16647570462824557,0.16757905145936636,0.25780387964051155,0.16380387964051155
1979-07-31,0.0975,0.08500052666811608,0.0818735273433348,0.17052082458700474,0.17409841497065953,0.2581661919854542,0.1606661919854542
1979-08-31,0.10400000000000001,0.0887692030883449,0.08564962915920296,0.1740162520355618,0.17510843222279704,0.26128764181331887,0.15728764181331886
1979-09-28,0.10800000000000001,0.08988112715599364,0.08694021848736516,0.1734805569534838,0.17986450717183045,0.26933968076772474,0.16133968076772473
1979-10-31,0.12890000000000001,0.10648480501273004,0.10233042281755428,0.20074204402630513,0.1965652645916267,0.2909768150790999,0.16207681507909988
1979-11-30,0.1188,0.10240047315938139,0.08976175128685235,0.1920920985774104,0.19923820177693213,0.29183851308639563,0.17303851308639562
1979-12-31,0.11699999999999999,0.10221336714462957,0.08993226850362876,0.19100170438099778,0.19624908341063751,0.29301394431427563,0.17601394431427564
1980-01-31,0.124,0.10529434353967417,0.09602269617002551,0.20854178685793068,0.21133100916684877,0.3172214248886587,0.19322142488865868
1980-02-29,0.1545,0.13115536183350743,0.1182620755732921,0.23919733254358377,0.22943326017508747,0.3356514360854501,0.18115143608545012
1980-03-31,0.158,0.12638434912685056,0.11183705218111761,0.23987041656314745,0.2158541647828236,0.34962670241166705,0.19162670241166704
1980-04-30,0.1112,0.09985316146228865,0.09885416894552218,0.2095375443897537,0.2010511733045136,0.3072185625866215,0.1960185625866215
1980-05-30,0.0883,0.09232045025533742,0.08929233352794932,0.20440868412032548,0.2022578760360516,0.30290709372909763,0.21460709372909764
1980-06-30,0.0849,0.09031704115513904,0.09195303611224384,0.18910059680828395,0.1971098281803796,0.3113119518398897,0.22641195183988969
1980-07-31,0.09359999999999999,0.09604795373501948,0.09904363287541412,0.19607354243306574,0.21067126869174563,0.3306437189838489,0.23704371898384893
1980-08-29,0.1115,0.10948556677392199,0.1108290286809322,0.22541671959364695,0.21869574579923123,0.3228898336346543,0.2113898336346543
1980-09-30,0.1229,0.11306282837303996,0.11261531547774548,0.2196906432811968,0.22326191210911583,0.33623371021605175,0.21333371021605174
1980-10-31,0.1378,0.11675412034018659,0.1200056385776414,0.23371415107444982,0.22864310439960756,0.3460605810333479,0.2082605810333479
1980-11-28,0.15130000000000002,0.12344418845735286,0.12057985330393706,0.23236323917581958,0.22956646623572763,0.3505213301530151,0.1992213301530151
1980-12-31,0.1386,0.11569749298326235,0.1171710213082533,0.23024562730837927,0.23094542058176282,0.34774719801926723,0.20914719801926723
1981-01-30,0.14,0.11800348698873103,0.11894828881252734,0.23425072717167372,0.23654698609910352,0.3550398187223651,0.2150398187223651
1981-02-27,0.1459,0.12726918690552352,0.12830916775501666,0.252835191223391,0.24675683889416877,0.3687964666002337,0.22289646660023368
1981-03-31,0.1305,0.12478184124363004,0.12637063569407508,0.25450260030469324,0.245767784342799,0.35959126518175544,0.22909126518175543
1981-04-30,0.1533,0.13411194027978782,0.13418702655168946,0.26391293697118867,0.25830526910515417,0.3867825234273934,0.2334825234273934
1981-05-29,0.1481,0.1309533837975834,0.13216982423357454,0.2534710861541918,0.24097085387024741,0.3706529591604337,0.22255295916043372
1981-06-30,0.1487,0.1349712148150692,0.1344453287680386,0.25804680717878453,0.260308089982878,0.371592066434453,0.22289206643445297
1981-07-31,0.1612,0.14462553213029175,0.14159627115970735,0.27355786468284526,0.2611824560433684,0.3984664434366664,0.23726644343666636
1981-08-31,0.1697,0.1526394736784368,0.14439560216878994,0.2930567767323662,0.2745789660469662,0.41179007014113833,0.24209007014113834
1981-09-30,0.1664,0.15477923738759267,0.14817411136692638,0.2968490024353519,0.2882321936643558,0.42844079936666435,0.26204079936666436
1981-10-30,0.1431,0.1386368388509351,0.13776076104693558,0.279093863513159,0.2726441573000963,0.4035141506275485,0.26041415062754847
1981-11-30,0.1182,0.12135538288549504,0.12852877239030944,0.2401830784324575,0.2450580025516489,0.3868286536325215,0.26862865363252153
1981-12-31,0.1335,0.13024454891820625,0.1372668778981344,0.2610037316159751,0.2615301397591049,0.3931725950307535,0.2596725950307535
1982-01-29,0.1404,0.13488354714998596,0.13365647671830955,0.26573746109123936,0.26564985328843627,0.3912493749003555,0.2508493749003555
1982-02-26,0.1427,0.13636708121710536,0.1348804821938182,0.2557602552045847,0.2617066929592219,0.3908054620664946,0.2481054620664946
1982-03-31,0.14300000000000002,0.13750220367097227,0.13557929424182297,0.2654795000219843,0.26766296288778446,0.38617929984497956,0.24317929984497955
1982-04-30,0.1367,0.13375175081066373,0.13120370869802106,0.2576686351060129,0.2590721126269928,0.38904707339200495,0.25234707339200496
1982-05-28,0.1293,0.13378075053429161,0.13059237434300625,0.2586328037094112,0.2639921624097149,0.3762155537414894,0.2469155537414894
1982-06-30,0.1434,0.1395958031365569,0.13993911709208445,0.2700279165027355,0.2740381738659069,0.3911975314931645,0.2477975314931645
1982-07-30,0.12560000000000002,0.12912562716147538,0.13324894558553507,0.2625943614762562,0.25854494185946986,0.3803428751067599,0.25474287510675986
1982-08-31,0.11130000000000001,0.1209482900035577,0.12313465753083305,0.24596395570695617,0.2531285465467389,0.35664206528982534,0.24534206528982533
1982-09-30,0.1026,0.11518886005824704,0.11424139584067386,0.2256836697508522,0.22299393279897306,0.3333717200893591,0.23077172008935912
1982-10-29,0.09210000000000002,0.09978877746351003,0.10756961445890614,0.20738443446451538,0.2074655079059593,0.3071290563184039,0.2150290563184039
1982-11-30,0.09380000000000001,0.10023508268737163,0.09821860997291945,0.20522929439267967,0.21633744103671199,0.3149850154246824,0.22118501542468239
1982-12-31,0.0868,0.0979057977987183,0.0976878405594398,0.2018088985428883,0.2068651970075827,0.2982703011312542,0.2114703011312542
1983-01-31,0.0891,0.09761771314485314,0.10105146056368611,0.20660114915795175,0.220321217900094,0.3146226753848329,0.2255226753848329
1983-02-28,0.0861,0.09544209433145201,0.09559724752484688,0.19518500890066376,0.19898994428195527,0.30980958448218643,0.22370958448218642
1983-03-31,0.0934,0.09896321797063469,0.0987659247554509,0.2017873387076315,0.21137560955739182,0.309122987314536,0.21572298731453604
1983-04-29,0.0875,0.09488563828866878,0.09568694809716438,0.19663930582837352,0.2056168346269161,0.3009069670031329,0.2134069670031329
1983-05-31,0.09480000000000001,0.10041226473405448,0.10066838922763643,0.2098362544307415,0.21451194820843078,0.3104678148161777,0.2156678148161777
1983-06-30,0.09699999999999999,0.10221863068117237,0.10229375841459748,0.21388599118448526,0.2144956817430529,0.31452265686844594,0.21752265686844596
1983-07-29,0.1048,0.10959617504322067,0.10975960915781391,0.229286163733612,0.22872563525278722,0.3348033833057703,0.2300033833057703
1983-08-31,0.1059,0.11130116397528657,0.11325697445689573,0.23204200493935495,0.23229016585514017,0.34195118700070304,0.23605118700070304
1983-09-30,0.0989,0.1059239031988039,0.10716541196392498,0.22340198450848348,0.2242706169410963,0.3280898387515395,0.22918983875153953
1983-10-31,0.09820000000000001,0.10800815398950783,0.11085882687684812,0.22679739761604445,0.23017356126033783,0.34053516482373947,0.24233516482373946
1983-11-30,0.0998,0.10763688348562782,0.10923354147824893,0.22599128293463627,0.22838402132888802,0.33382237606651666,0.23402237606651666
1983-12-30,0.1008,0.10997831195151613,0.11057600347993288,0.2308185494565934,0.23150096378101637,0.3382914792380787,0.23749147923807867
1984-01-31,0.09849999999999999,0.10719249700086302,0.10896748908770845,0.22698638490525214,0.22865465356202597,0.33803243729771637,0.2395324372977164
1984-02-29,0.10210000000000001,0.11132239163623445,0.11048026496238617,0.23600268290057658,0.23640275577354264,0.3454320980500655,0.24333209805006545
1984-03-30,0.10800000000000001,0.11694513959314642,0.11673198229781317,0.24289411731190025,0.24224161939268163,0.3591272208175089,0.25112722081750893
1984-04-30,0.11109999999999999,0.11934160405525092,0.12064630163843656,0.24668690059159254,0.2479942248697682,0.36621487647451345,0.2551148764745135
1984-05-31,0.1215,0.1297681904703723,0.13096592682179878,0.26920270806389957,0.26460692550675957,0.3931739433963366,0.2716739433963366
1984-06-29,0.12300000000000001,0.13143817822321144,0.1319274178781602,0.26347623211586046,0.2632909663346663,0.39010120762685163,0.26710120762685163
1984-07-31,0.1186,0.12473222535189181,0.12186757641567536,0.24576888120434914,0.2454994000531091,0.3642625656130183,0.2456625656130183
1984-08-31,0.11960000000000001,0.12330557737492169,0.12000395112844572,0.24461979411799561,0.24532441964764928,0.3573497457091662,0.2377497457091662
1984-09-28,0.1143,0.11968057508081931,0.1195697163650806,0.24054951385454604,0.23894348574797342,0.34819363815909965,0.23389363815909964
1984-10-31,0.1026,0.11266996803763311,0.1124530365829749,0.2255122392535377,0.22621936956185362,0.33999361233198366,0.23739361233198367
1984-11-30,0.0971,0.1070203350981241,0.10960320407126961,0.22375480128058944,0.23269796210708615,0.32996972689453075,0.23286972689453073
1984-12-31,0.0922,0.10278995218252511,0.10909497928293171,0.22532344005116406,0.23783394491631937,0.32979102173564423,0.23759102173564423
1985-01-31,0.0909,0.10179830722139459,0.1069313392400131,0.21569627762076832,0.22350416263281103,0.32397062223776063,0.23307062223776065
1985-02-28,0.09720000000000001,0.10982302288243362,0.11130624427050428,0.23262292721800143,0.23865740364298405,0.3400768303232097,0.24287683032320967
1985-03-29,0.0949,0.10776026524465412,0.10897569449157393,0.2274471103527418,0.23278267448041678,0.3343591435141269,0.2394591435141269
1985-04-30,0.08990000000000001,0.10289737727230625,0.1075647659410719,0.22119628601628705,0.2322980304765072,0.3304266322120373,0.24052663221203727
1985-05-31,0.07980000000000001,0.09411112483288522,0.09506812914875304,0.19602915354615003,0.2147259644919869,0.30181379085322146,0.22201379085322145
1985-06-28,0.0771,0.09201891779875031,0.09444295379455148,0.19988232841114006,0.21164387299956589,0.30354296601004527,0.22644296601004527
1985-07-31,0.0812,0.09446733488419629,0.09890218908077208,0.20420066607276305,0.21757193878279346,0.31157252142150926,0.23037252142150927
1985-08-30,0.0803,0.09438253248541933,0.09598062354868447,0.19711679183878345,0.21326236133348525,0.30054291212787154,0.22024291212787156
1985-09-30,0.0799,0.09328390045366144,0.09580274807344938,0.19830799228939378,0.21244712574874314,0.3045337691101645,0.2246337691101645
1985-10-31,0.07919999999999999,0.0906231903667357,0.09334079425132777,0.19221775511240052,0.20330556539657368,0.2983035165940837,0.21910351659408372
1985-11-29,0.0785,0.08685132400257242,0.08784231356757063,0.18383363534558378,0.1992640121358213,0.2823969629734733,0.20389696297347326
1985-12-31,0.076,0.08030121586450653,0.08343634107539438,0.17045106555184597,0.18745118310364134,0.2668866950755432,0.19088669507554318
1986-01-31,0.0757,0.08076527605733134,0.0840826541703695,0.17146268966563707,0.18625097413667413,0.2735805134071291,0.1978805134071291
1986-02-28,0.07429999999999999,0.07687520205881515,0.07649962266716243,0.15559269052141697,0.16133047681587115,0.23967293093991748,0.1653729309399175
1986-03-31,0.0672,0.06878301438603147,0.0697152301199481,0.14362723289148238,0.14017151958371532,0.22563342565993882,0.15843342565993884
1986-04-30,0.0654,0.0687868844386478,0.0713994407457923,0.14269422299887036,0.14436838928274226,0.22143833709650712,0.1560383370965071
1986-05-30,0.0688,0.07549845067031617,0.07715873810045529,0.15727120760614105,0.16420654220845887,0.2335675072624207,0.1647675072624207
1986-06-30,0.0641,0.06963336676147669,0.07121320719441906,0.1460534257983701,0.14352746740412947,0.2166865447430416,0.15258654474304162
1986-07-31,0.062,0.0671097976697999,0.07038038685099124,0.14158362713479788,0.1487605524037663,0.22032352072681094,0.15832352072681094
1986-08-29,0.0552,0.0616750978356106,0.0630782951003407,0.13169323924034446,0.1470593082472338,0.21467623255873658,0.15947623255873658
1986-09-30,0.0582,0.06712545516426613,0.07029573332500591,0.1433680355978974,0.15650301608154876,0.22469277934766846,0.16649277934766846
1986-10-31,0.057300000000000004,0.06571898131306789,0.06776860433153718,0.13785961834021182,0.1530838475181211,0.2281622673466317,0.17086226734663168
1986-11-28,0.0576,0.06449397057542897,0.06504604928752682,0.13636908466810038,0.151699244670363,0.21698481999824148,0.1593848199982415
1986-12-31,0.059500000000000004,0.06533361259009264,0.06748335109565315,0.13879278315560123,0.150089069405282,0.21856282746678357,0.15906282746678357
1987-01-30,0.0593,0.0651462467294934,0.0664515150511421,0.1355173688009617,0.14823285993505664,0.2204384776491619,0.16113847764916192
1987-02-27,0.059000000000000004,0.0658056446970401,0.06607536308463932,0.1355173688009617,0.14888709611479356,0.22071720783666415,0.16171720783666416
1987-03-31,0.061500000000000006,0.0670176288403494,0.07038167858456434,0.14214542488924858,0.153329104148608,0.23157996646650847,0.17007996646650847
1987-04-30,0.0662,0.07830659260614066,0.0781801818516823,0.15587722031281012,0.16679793511172347,0.24577312066577983,0.17957312066577985
1987-05-29,0.0688,0.08163656290515213,0.08104290690181956,0.1625288384476657,0.1696309619050546,0.25350237450274304,0.18470237450274304
1987-06-30,0.0677,0.07876239331627846,0.07993984282365307,0.16152200754121743,0.16853453923782014,0.2504682563776799,0.1827682563776799
1987-07-31,0.0689,0.0804283842784681,0.08243544634194364,0.1650240750591553,0.1752514794506284,0.2607660839248982,0.19186608392489818
1987-08-31,0.0723,0.08356057529795215,0.08500731446223148,0.17044774500905135,0.18349641102595482,0.2694590423713714,0.1971590423713714
1987-09-30,0.07919999999999999,0.08878241711207853,0.09160342129530052,0.18390637678894056,0.1947683017715202,0.28412819410432455,0.20492819410432456
1987-10-30,0.0675,0.08080967559336799,0.08475398169437473,0.1710224363256766,0.18140169337496742,0.2674544704421634,0.1999544704421634
1987-11-30,0.07,0.08125717336220459,0.08335586905839146,0.1724013965855853,0.18700159800781957,0.2691848036434741,0.19918480364347407
1987-12-31,0.071,0.08106548977568648,0.08233574756767226,0.16806566103795278,0.1819593777597589,0.26414938959210743,0.19314938959210742
1988-01-29,0.0666,0.07494920563823591,0.07697856845499657,0.15727793729248815,0.16893336642471307,0.2510404568126062,0.18444045681260623
1988-02-29,0.0663,0.07355101653075381,0.07446831494327413,0.1558966558370438,0.1673750974560057,0.24892846625655063,0.18262846625655063
1988-03-31,0.0676,0.07755306469549651,0.07845757819043095,0.1652329332474578,0.17794860644056437,0.25764408143451323,0.19004408143451323
1988-04-29,0.07139999999999999,0.07994961737129663,0.08141169457012945,0.1697321734407743,0.18067095515350795,0.2691125940495417,0.1977125940495417
1988-05-31,0.0766,0.08399926804621215,0.08527332073618832,0.17540727918071303,0.18668241900356003,0.2749385591157404,0.1983385591157404
1988-06-30,0.075,0.0819717567736814,0.08158654301226137,0.16787178705997652,0.1802005085479611,0.2612982937233731,0.1862982937233731
1988-07-29,0.079,0.08509660940313693,0.08554352508787397,0.17273259913650169,0.18255193226451694,0.27082072890257847,0.19182072890257845
1988-08-31,0.0828,0.08747692169762614,0.08682333670400172,0.17474383985305025,0.18299314594566213,0.27309895691773256,0.19029895691773258
1988-09-30,0.08130000000000001,0.08370521402264419,0.08342367041592025,0.1676735861113481,0.17613466452779708,0.2607420830029089,0.1794420830029089
1988-10-31,0.0806,0.08102991936118742,0.08121250773860456,0.16214669020644146,0.17044455288441523,0.257265094524996,0.176665094524996
1988-11-30,0.0862,0.08673208923530051,0.08553551586108346,0.17180536378252642,0.17776982403878616,0.262751875561937,0.17655187556193702
1988-12-30,0.0902,0.0885613858919454,0.0885605795565719,0.17382324775341146,0.17748759370866962,0.25981878514130263,0.16961878514130263
1989-01-31,0.0904,0.08801141481393528,0.08755292219660002,0.17244792153576083,0.1706133541649114,0.2575241374103653,0.1671241374103653
1989-02-28,0.094,0.09258105610697863,0.08792290822001284,0.1797728449111618,0.17812753176731433,0.26284670571250135,0.16884670571250135
1989-03-31,0.0964,0.09367314858273895,0.09093821793420048,0.17849803977438566,0.17374343626070798,0.26037716394548804,0.16397716394548806
1989-04-28,0.09119999999999999,0.0891100133647721,0.0862706695517517,0.17098132652553638,0.17217219225218017,0.2577994466791341,0.16659944667913412
1989-05-31,0.0886,0.08415744312141331,0.08342201388079434,0.16233567955156625,0.16527874118432606,0.24492587036137514,0.15632587036137513
1989-06-30,0.0812,0.07733147990754863,0.07686867556670685,0.15392221080960022,0.15901186889548724,0.23365961597121354,0.15245961597121355
1989-07-31,0.0765,0.07148434700640628,0.0739943277423287,0.14519951449184765,0.15356253229542066,0.23497408099602946,0.15847408099602944
1989-08-31,0.0828,0.08213449693019256,0.07945856015223546,0.15614627083314053,0.16085516945839706,0.23551077767543005,0.15271077767543006
1989-09-29,0.0848,0.08102687264565239,0.08121125542482324,0.15781038986954482,0.16316116497816724,0.2336676774733617,0.14886767747336171
1989-10-31,0.0788,0.07529306141071024,0.07723970746850445,0.14993743844229546,0.15522066177491517,0.22866007773422703,0.14986007773422705
1989-11-30,0.07719999999999999,0.07492200403622469,0.07464354299576573,0.14882302733418407,0.1549464320197464,0.22708452341782803,0.14988452341782804
1989-12-29,0.0776,0.07677687868447555,0.07575661239924633,0.151049682407209,0.1584630537917548,0.22634425509493228,0.14874425509493228
1990-01-31,0.0808,0.08139904985216606,0.0817659361703906,0.16011621628497433,0.1629768249055878,0.24538664008302158,0.1645866400830216
1990-02-28,0.0812,0.08379769957184305,0.08148791886237763,0.16177703935749105,0.16850588531830413,0.24308140791007726,0.16188140791007727
1990-03-30,0.08349999999999999,0.08554241365031272,0.08424986711642318,0.164818780810724,0.16914365340176996,0.24566395016996656,0.16216395016996657
1990-04-30,0.0858,0.08930427033700782,0.08828760715241862,0.172814087022289,0.1743730175678399,0.2583499894330893,0.1725499894330893
1990-05-31,0.08220000000000001,0.08416396775834781,0.08240936542465074,0.1650948082831148,0.16942219706345135,0.24492587036137514,0.16272587036137515
1990-06-29,0.0805,0.08093769878407887,0.08139727377873782,0.1612238404437627,0.1674960780023796,0.24086738698622978,0.16036738698622977
1990-07-31,0.07719999999999999,0.07788963881979495,0.07973930803386872,0.15882607603780102,0.16603184645929192,0.24603636098196568,0.1688363609819657
1990-08-31,0.0776,0.08048161253994868,0.08287870748825565,0.16980326881989283,0.18055769086155776,0.26046704435595414,0.18286704435595413
1990-09-28,0.07690000000000001,0.08020587500060931,0.08186384578086478,0.1703609911860017,0.17936565783079267,0.25936663754591294,0.1824666375459129
1990-10-31,0.07429999999999999,0.07798899455093847,0.08039139307157447,0.16585431505933365,0.17515591957475363,0.25855529819651313,0.18425529819651315
1990-11-30,0.0731,0.07464772887774232,0.07650303868991568,0.1589343784191516,0.16974744124857316,0.24327131062107732,0.17017131062107732
1990-12-31,0.0682,0.07214408293945619,0.07605091639702988,0.15579841128161243,0.1687588884112674,0.2382877886856215,0.17008778868562152
1991-01-31,0.06509999999999999,0.07318296662821795,0.07512373285048324,0.15580619942022725,0.16441243466018995,0.24079377838192095,0.17569377838192096
1991-02-28,0.0641,0.07393544931810511,0.07419200191640934,0.15878281302353597,0.16255438930250204,0.23986806674043604,0.17576806674043605
1991-03-28,0.06280000000000001,0.0747841588866131,0.07568429715554964,0.16091416364436453,0.1638446605419399,0.23810475451604773,0.1753047545160477
1991-04-30,0.060599999999999994,0.07274069535511375,0.07560312671847735,0.16046755864609402,0.16329901954348713,0.24051690578247253,0.17991690578247255
1991-05-31,0.0616,0.06954982261558346,0.07645134774539078,0.1646543423666558,0.16310746461637232,0.24162424289842033,0.18002424289842034
1991-06-28,0.0632,0.0721640356689178,0.07876677943020852,0.1679593878639631,0.16762205438038352,0.24401249298404115,0.18081249298404115
1991-07-31,0.061900000000000004,0.07170298179936264,0.07709528741314564,0.16528767746307418,0.16652575928237023,0.24744034185728292,0.1855403418572829
1991-08-30,0.0572,0.06769485702545858,0.07067177920371079,0.16016536382579033,0.16314975107378282,0.2356241854775739,0.1784241854775739
1991-09-30,0.0542,0.06356694266317499,0.0663716766084196,0.15183272170257,0.1580033122108101,0.2278586900257612,0.1736586900257612
1991-10-31,0.051,0.06112732188138704,0.0656349433864766,0.14962456742585895,0.15728782693192528,0.2369987771292435,0.1859987771292435
1991-11-29,0.046900000000000004,0.05897194124292469,0.0632012127597578,0.14592837014796933,0.15902136264314315,0.23908128692635433,0.19218128692635433
1991-12-31,0.0412,0.052820676615291356,0.056317133787950224,0.13852985856005162,0.1448902601809952,0.2165150631212594,0.17531506312125938
1992-01-31,0.042300000000000004,0.05824465993120361,0.06521020452757982,0.14717162638506237,0.1563186363714023,0.2371416225310588,0.1948416225310588
1992-02-28,0.0435,0.060136137015165604,0.06500631126460417,0.15090555858783627,0.1517102923795391,0.23144959943020138,0.1879495994302014
1992-03-31,0.0454,0.06457678327145504,0.0706378205440317,0.155874526550299,0.15445788507777475,0.23698025119416083,0.19158025119416083
1992-04-30,0.044000000000000004,0.06326360676801765,0.06989838883933558,0.1578643801187852,0.15651338778022889,0.24283468927528157,0.19883468927528156
1992-05-29,0.0424,0.05967035869768457,0.06652679028870538,0.15231275405657385,0.15357488944524195,0.2337696057367118,0.1913696057367118
1992-06-30,0.0405,0.054638242101227814,0.06315309792048228,0.14751240091373238,0.15288686205063035,0.23177007480960327,0.19127007480960326
1992-07-31,0.0362,0.05094190859007903,0.05901114319021525,0.13827844191419927,0.14189820668254238,0.22469408601663465,0.18849408601663464
1992-08-31,0.0347,0.04721243380901162,0.05617628559173703,0.13494067739083243,0.14665885284138402,0.22190947480350343,0.18720947480350342
1992-09-30,0.030600000000000002,0.04445041257540705,0.052862265331072314,0.13218662948332938,0.14427850659622854,0.2136149918567981,0.1830149918567981
1992-10-30,0.0354,0.05133115343523,0.05968003058729322,0.1408263235881595,0.14499032961074776,0.22626174267293708,0.1908617426729371
1992-11-30,0.0383,0.05599156267024675,0.06306229134328502,0.14554322967835057,0.1458680658008934,0.2238625855831869,0.1855625855831869
1992-12-31,0.0361,0.053718102380181376,0.06061533958887634,0.14343387091904036,0.14299016529036396,0.21228858074213164,0.17618858074213165
1993-01-29,0.0339,0.048945827051840016,0.056075920178308675,0.1326604632269018,0.13686208680026984,0.21153165853400285,0.17763165853400287
1993-02-26,0.0332,0.04424159050895699,0.051413902783101914,0.1256245586289183,0.13211507709341064,0.19946295824221882,0.16626295824221882
1993-03-31,0.0332,0.045011265330848156,0.05208107841254843,0.12561322493705823,0.13400097531597593,0.19615154326017592,0.1629515432601759
1993-04-30,0.0326,0.043089627191130776,0.05113400740136355,0.12430951896014661,0.13279260391280379,0.20399929929714444,0.17139929929714445
1993-05-28,0.0362,0.04749131825844572,0.05272890055759713,0.12575850390213097,0.1331234359360291,0.20310970630585418,0.16690970630585417
1993-06-30,0.0345,0.045100047985964335,0.04987283210692217,0.11744010821824308,0.1257996302850361,0.19167249756145055,0.15717249756145055
1993-07-30,0.0353,0.046248625317495975,0.051110791142896544,0.11951341311762312,0.12322129912826241,0.19185310267920935,0.15655310267920935
1993-08-31,0.0338,0.04289106783311062,0.04729342838061308,0.11099209950072664,0.11444271443594883,0.18180656543672113,0.14800656543672114
1993-09-30,0.0339,0.042986862578187304,0.048252318296797186,0.1093635670083,0.11491983643640621,0.1770638572615052,0.1431638572615052
1993-10-29,0.0347,0.04413757973933234,0.048054418687805814,0.10954549432604369,0.11833734695969039,0.17458402666602935,0.13988402666602934
1993-11-30,0.0365,0.046818074092257224,0.05081799267369949,0.11760286114343368,0.12568702606126397,0.18986286431106608,0.15336286431106608
1993-12-31,0.0363,0.04758667217360421,0.051103078934040855,0.11959440584484574,0.12283477270382609,0.18986286431106608,0.15356286431106608
1994-01-31,0.0353,0.04605654848661607,0.04957988525196383,0.11457543757959926,0.11925808536195326,0.1901858724109426,0.1548858724109426
1994-02-28,0.0403,0.051775582662689584,0.05622841626194605,0.12492779440100077,0.1314780444776752,0.19291105071371428,0.15261105071371428
1994-03-31,0.045,0.05755944824743593,0.06359228358002496,0.1370132267749184,0.1445547449715252,0.20833143303051832,0.16333143303051834
1994-04-29,0.0507,0.06198036880009491,0.06789463459489499,0.14211083730422694,0.1443132171899001,0.21643672316972917,0.16573672316972918
1994-05-31,0.0538,0.06432380780078154,0.06825165456635339,0.14255586985041518,0.1454222921263686,0.21950542423117703,0.165705424231177
1994-06-30,0.055099999999999996,0.06648396368941642,0.06936821201759438,0.1474034517768208,0.14848516990054939,0.22293546105562306,0.16783546105562308
1994-07-29,0.0537,0.06404134847879953,0.06778271092256556,0.1415286356642007,0.14271446228947693,0.21942021696986863,0.16572021696986863
1994-08-31,0.0556,0.0656334684277488,0.06749098628941039,0.1421730652033726,0.14420369374914022,0.22071720783666415,0.16511720783666417
1994-09-30,0.0596,0.07031037239726959,0.07253026503483315,0.15062814907877803,0.1522792302614298,0.23072368554373446,0.17112368554373447
1994-10-31,0.061799999999999994,0.0723588233399034,0.07345396988949748,0.15489461439916039,0.15533227595996935,0.23599706087338768,0.17419706087338768
1994-11-30,0.0691,0.07596281913602891,0.0775289620462008,0.15476456480768194,0.15327570920411016,0.23292437564416957,0.16382437564416957
1994-12-30,0.07200000000000001,0.07864702405678603,0.07714933075502009,0.15160621706903182,0.15142059370189065,0.22643538352771675,0.15443538352771674
1995-01-31,0.0684,0.07400901287970675,0.07371943051272598,0.1495727813211014,0.14798856903183366,0.22105262139689075,0.15265262139689073
1995-02-28,0.0644,0.06897694626932796,0.06878268973799934,0.14092529875699492,0.14232055663474258,0.21370937259254158,0.14930937259254157
1995-03-31,0.0649,0.06869458303680531,0.06915663477187411,0.14129804747242142,0.142693045837399,0.21053741732840214,0.14563741732840213
1995-04-28,0.0632,0.06654342307040725,0.06728853705036075,0.13756743046355457,0.13765612778104258,0.2127876550386092,0.14958765503860919
1995-05-31,0.057999999999999996,0.05808093347243564,0.058930029270107126,0.12172540606865445,0.12464236592473404,0.19119192542606928,0.13319192542606928
1995-06-30,0.0565,0.05761006394720944,0.05883695209124358,0.11899248127019627,0.12540134758750865,0.18667840048343698,0.13017840048343698
1995-07-31,0.0567,0.05912153827677021,0.06110032597308783,0.12351331146459793,0.1320714694277791,0.19409456390688812,0.13739456390688812
1995-08-31,0.0565,0.05874406511159125,0.05968567299308487,0.1212540414677869,0.1270912247710611,0.18733278661771513,0.13083278661771514
1995-09-29,0.0565,0.058366136161109194,0.058930778367375716,0.11955774388211565,0.12332652479727768,0.1835712290920516,0.1270712290920516
1995-10-31,0.0555,0.05515116723434515,0.05713836512371806,0.11607011397559336,0.1202231087643515,0.18292152609190854,0.12742152609190854
1995-11-30,0.0536,0.052212871446934324,0.05363622394315083,0.11106346663751734,0.1175928861073125,0.17330358157099945,0.11970358157099945
1995-12-29,0.0518,0.05050298217310683,0.052498895376984614,0.10850853424204382,0.11210843597413978,0.16886590413440689,0.11706590413440689
1996-01-31,0.049,0.04840922094929629,0.05183773824971592,0.10775714425882485,0.11628940392762921,0.17275101604107146,0.12375101604107146
1996-02-29,0.052300000000000006,0.05496552476758199,0.05638420740888468,0.11626446684062236,0.12862950457578715,0.18772376949889108,0.13542376949889107
1996-03-29,0.0541,0.05988429974217728,0.05968685058127547,0.12380082555677091,0.13160639735944563,0.18704752536233377,0.13294752536233376
1996-04-30,0.0562,0.06242621260853523,0.06307549538375767,0.1299976853142748,0.13590288156655084,0.19868035567983355,0.14248035567983355
1996-05-31,0.057699999999999994,0.06552893944115458,0.06560810157116642,0.1342086690476181,0.13776075017583278,0.20335475818301052,0.14565475818301052
1996-06-28,0.057,0.06317750490671449,0.06467308628461746,0.13018004861268453,0.13458456312792993,0.20327103955777454,0.14627103955777454
1996-07-31,0.058499999999999996,0.06383164641954073,0.06513974660822658,0.1323350966033175,0.13448529205618726,0.20523281209997674,0.14673281209997674
1996-08-30,0.0591,0.0655231533087155,0.06710830232608293,0.1356095281866259,0.13878518910182663,0.20840180426522525,0.14930180426522527
1996-09-30,0.0571,0.06289440947121183,0.064297085446872,0.13027490407203568,0.13439757142297026,0.20299068158665146,0.14589068158665147
1996-10-31,0.054400000000000004,0.059221593937634716,0.06034823989807944,0.12351757955741027,0.12765420002099637,0.19382046457459567,0.13942046457459567
1996-11-29,0.0538,0.05638428886761498,0.05751715300363816,0.11748754842874287,0.12210927529752902,0.18244691281835212,0.1286469128183521
1996-12-31,0.055099999999999996,0.06063683357570889,0.061666203556582075,0.12530181542858432,0.12905885288992208,0.19287380603190918,0.1377738060319092
1997-01-31,0.0558,0.061106646849199434,0.06166460109180462,0.12652365382514605,0.1306540612626399,0.1983167599139788,0.14251675991397877
1997-02-28,0.0567,0.06308436450132951,0.0630738974453146,0.1283979012894247,0.13111658642880192,0.19455661391015655,0.13785661391015655
1997-03-31,0.0602,0.06655284113122553,0.06672956652816434,0.13579403377963997,0.1388765650737422,0.20269647674192742,0.14249647674192742
1997-04-30,0.059000000000000004,0.06467697649552846,0.0646679864255979,0.13148927168347188,0.13448529205618726,0.1977393685121666,0.13873936851216662
1997-05-30,0.057800000000000004,0.06449317836258096,0.06457573081412313,0.13008326850846794,0.13270645248513235,0.1976477966729538,0.13984779667295377
1997-06-30,0.0567,0.06289583643407393,0.06382718455038255,0.12830308914795896,0.1299893316771435,0.19052062839542222,0.13382062839542222
1997-07-31,0.0545,0.058559408701733144,0.05779841114551158,0.11720079231240979,0.12059661526115889,0.17735374735818127,0.12285374735818128
1997-08-29,0.0559,0.061578214566975,0.061663880498231405,0.12407556613527071,0.12792981269351456,0.18507226315668618,0.12917226315668617
1997-09-30,0.0547,0.059504300571783915,0.058647907240211974,0.11993596650745178,0.12379820066197345,0.17886069153262207,0.12416069153262208
1997-10-31,0.0536,0.05733160024702464,0.056759648970342594,0.11181539807568347,0.12117266383039393,0.1682911556157099,0.11469115561570989
1997-11-28,0.0552,0.05827405780960205,0.05713662007775332,0.11417823527938575,0.11729519859219284,0.16885837023759948,0.11365837023759948
1997-12-31,0.055099999999999996,0.056476862330247436,0.05562401118177865,0.11191012628446573,0.1150306265006904,0.16639914391986932,0.11129914391986932
1998-01-30,0.0524,0.052593027096033786,0.052687565506285894,0.10613398200244994,0.11296099937259513,0.16280202278770828,0.11040202278770828
1998-02-27,0.0541,0.055341854333470206,0.054014588306238356,0.10992365423294345,0.11408849210227762,0.16071970165302152,0.10661970165302151
1998-03-31,0.0541,0.05628904828913306,0.054772262742735695,0.11058587389332525,0.11635694653028833,0.16081699091399132,0.10671699091399131
1998-04-30,0.054000000000000006,0.05619451754149277,0.05524571621142388,0.11077510649778441,0.11588366336461714,0.16176328852529592,0.10776328852529592
1998-05-29,0.0542,0.05486798795084526,0.05410935257847625,0.10878710226686919,0.11285902269369619,0.157687605541464,0.103487605541464
1998-06-30,0.0538,0.05448927261820354,0.05344597570562598,0.1059439043852794,0.10983042544461663,0.1536065907142833,0.09980659071428329
1998-07-31,0.0538,0.05448927261820354,0.053161575079731654,0.10859808561385495,0.11011366742438572,0.1566423897510733,0.10284238975107331
1998-08-31,0.0495,0.04755144723205472,0.046216406568907284,0.09758155469700089,0.10386759474963492,0.14913154950303192,0.09963154950303192
1998-09-30,0.0441,0.041047081723343024,0.04095042801833475,0.08199626876009239,0.09292625277453331,0.13435027683813616,0.09025027683813616
1998-10-30,0.0418,0.03979780194759216,0.04382945220894857,0.0830514936569966,0.0984796058867849,0.1474486771786956,0.10564867717869558
1998-11-30,0.0453,0.044495249036844715,0.0443995872966845,0.08736411120155085,0.10093965012719375,0.14160650541370545,0.09630650541370545
1998-12-31,0.0453,0.044495249036844715,0.04468654506628489,0.08946869697972218,0.10055354993936416,0.1310046624604333,0.08570466246043329
1999-01-29,0.0451,0.04545171092546562,0.04449526732343177,0.08841664656553824,0.10036334986211473,0.13262860026483236,0.08752860026483236
1999-02-26,0.048799999999999996,0.05240833373194314,0.050883454421471394,0.10300239253975796,0.11354214854375283,0.1479996361014872,0.0991996361014872
1999-03-31,0.0472,0.05126990746396417,0.05097998306026026,0.1012920176032672,0.11715690781029425,0.14486411419265532,0.09766411419265533
1999-04-30,0.0478,0.052410829666513066,0.05212014997304189,0.10414264328846579,0.11410894715278325,0.15265341639655694,0.10485341639655693
1999-05-28,0.049699999999999994,0.05705996181832391,0.05534227661978905,0.11153427892262088,0.12420600340244348,0.15202208458560862,0.10232208458560862
1999-06-30,0.0507,0.05819356467722225,0.055530278101180344,0.11257377083324499,0.12750396601795283,0.16149028093759693,0.11079028093759694
1999-07-30,0.0513,0.0595169780943109,0.056759648970342594,0.11654263677517007,0.13163625998345058,0.16065604458314414,0.10935604458314414
1999-08-31,0.053,0.05979374436084901,0.05827107695099558,0.11597290239036262,0.13539650288418442,0.15972465102701722,0.10672465102701723
1999-09-30,0.052199999999999996,0.058661261379389144,0.056759648970342594,0.11465227758441127,0.13352661917420938,0.15876764876977129,0.10656764876977129
1999-10-29,0.054299999999999994,0.059694582420416836,0.0594035778366243,0.11795404613545868,0.13048904900037345,0.1641574007220467,0.10985740072204672
1999-11-30,0.057,0.06129177970572944,0.05949499847397029,0.12030904441923726,0.12981801483761202,0.17330726734969182,0.11630726734969182
1999-12-31,0.059800000000000006,0.06298078840354,0.06194206519213201,0.12529383726144222,0.1358123059621052,0.18094284561822704,0.12114284561822704
2000-01-31,0.063,0.06691916058877401,0.0651325168392198,0.13157666641410584,0.13251281964258677,0.18939887041272396,0.12639887041272396
2000-02-29,0.062,0.0663589764502824,0.06466417337160515,0.1288585772298274,0.13195274467363838,0.1702450372562186,0.10824503725621859
2000-03-31,0.06280000000000001,0.06504266341925541,0.06128418204141445,0.11918236172030103,0.11993240224015728,0.15917032517150542,0.09637032517150541
2000-04-28,0.062400000000000004,0.06879652691141189,0.06353844299564138,0.12482463437285202,0.12247618225446932,0.16419740176390013,0.10179740176390012
2000-05-31,0.0637,0.06776109815507478,0.06391356312253735,0.12332351995071378,0.12538644719967224,0.1678721908705087,0.10417219087050869
2000-06-30,0.0608,0.06467146620269948,0.059872698285106746,0.11626040089990347,0.1245444468778732,0.16114651678111108,0.10034651678111109
2000-07-31,0.060700000000000004,0.06326113119033419,0.05940130050047544,0.1172945209592069,0.1215322748143362,0.16604365933369408,0.10534365933369408
2000-08-31,0.0622,0.0595889333287065,0.05742165111439802,0.11304824193335733,0.11616042215304945,0.15062341002776392,0.08842341002776391
2000-09-29,0.060700000000000004,0.05723135462376198,0.0560980504494098,0.11200558536145472,0.11899413037827894,0.16054514601888398,0.09984514601888397
2000-10-31,0.061200000000000004,0.056005076975130845,0.05571980084501267,0.11219401448611785,0.11597294698267013,0.1616752109483232,0.10047521094832321
2000-11-30,0.0592,0.051651849339976866,0.052025211722319636,0.1027199599319443,0.11087444130136087,0.1587263864737371,0.0995263864737371
2000-12-29,0.053200000000000004,0.047841321054325966,0.0484098189188291,0.09539031908062073,0.10871508942133126,0.14713399036696506,0.09393399036696506
2001-01-31,0.046,0.045355738266016125,0.046597969727355804,0.09987578316308474,0.1100595950055461,0.15911807582618043,0.11311807582618043
2001-02-28,0.0447,0.04258077776653006,0.04516589799223328,0.09816822082191015,0.10721826683009855,0.1434167638337175,0.0987167638337175
2001-03-30,0.0409,0.04181424911862276,0.04526632681745123,0.09865646029650874,0.10636882832219904,0.1490411637232144,0.10814116372321442
2001-04-30,0.0394,0.04555872844506612,0.049283367622383265,0.10903632563842136,0.11366042690391345,0.16499707041907896,0.12559707041907897
2001-05-31,0.0363,0.04701104977791974,0.04909583418782984,0.10932930017858794,0.11841518457362207,0.16926235008167512,0.13296235008167512
2001-06-29,0.037200000000000004,0.04671857469926673,0.049381414611321964,0.10989728130511442,0.11765092582433437,0.16764888326728522,0.1304488832672852
2001-07-31,0.0353,0.03970764218828235,0.044993527643985565,0.10404017848983231,0.10875899998203686,0.16237449903185758,0.12707449903185758
2001-08-31,0.0341,0.03797485620284334,0.04355852221775604,0.10310532347091467,0.10466936419456485,0.15076616430350448,0.11666616430350449
2001-09-28,0.024900000000000002,0.031802261861977335,0.03868003148011172,0.09765970786372494,0.10666759484588928,0.15032901352022854,0.12542901352022853
2001-10-31,0.0207,0.027725484259150605,0.03667345677807555,0.09484302640280369,0.09683329779564198,0.14444782852336585,0.12374782852336585
2001-11-30,0.0206,0.03561770317146071,0.04139317759330956,0.10254667066828782,0.11151843812506707,0.1554606007139644,0.13486060071396438
2001-12-31,0.0217,0.03900845950597892,0.045335476124538095,0.10852765889012136,0.11651684613392016,0.1637097398561254,0.14200973985612542
2002-01-31,0.0229,0.039580259569280886,0.046773797692065154,0.10725942222940416,0.1132656417299272,0.16504523542442295,0.14214523542442295
2002-02-28,0.0225,0.03803170488915389,0.046977195293479906,0.10180800494959821,0.1124350091517464,0.15496401145473182,0.13246401145473183
2002-03-28,0.027000000000000003,0.04640761841832325,0.0535415967346205,0.11307212267714878,0.12117456438752228,0.16698402122565897,0.13998402122565898
2002-04-30,0.0235,0.04054425160543622,0.04898190325717018,0.10876534680080793,0.1120069464888494,0.16484577420024488,0.14134577420024488
2002-05-31,0.023399999999999997,0.04025447607612499,0.04647865690195678,0.10399690885240903,0.11232053841813056,0.1693367906550013,0.14593679065500129
2002-06-28,0.0206,0.03678422405609096,0.04225888207308131,0.10099482191952164,0.1090291649538141,0.16510162891271135,0.14450162891271134
2002-07-31,0.018000000000000002,0.02627006343333161,0.03493934440668327,0.09440687298130541,0.10714386582534774,0.16052568140820972,0.1425256814082097
2002-08-30,0.0174,0.025098117056285462,0.0317293673083011,0.0843843958913344,0.1012593819980672,0.14593800180610167,0.12853800180610167
2002-09-30,0.015300000000000001,0.018923373806615188,0.025888550388412125,0.06980444882759074,0.09408081262369711,0.1326854511089916,0.1173854511089916
2002-10-31,0.0146,0.018826435635761828,0.027557228017072846,0.07768408302939182,0.0988653345915455,0.14804656869816374,0.13344656869816374
2002-11-29,0.015600000000000001,0.02569369636839025,0.03319723920487945,0.08699729632982209,0.10509560289371578,0.1468752292845782,0.1312752292845782
2002-12-31,0.0132,0.01882989987401413,0.027170210803608964,0.0779892280569548,0.09423200044344185,0.14451262494930917,0.13131262494930918
2003-01-31,0.0131,0.02109257205416048,0.0300025680769224,0.08465471353816137,0.09542602222777416,0.1480163185583001,0.1349163185583001
2003-02-28,0.0124,0.018044520961248207,0.026391383907452194,0.07596312155302874,0.09048054592569107,0.14108024409926193,0.12868024409926193
2003-03-31,0.011899999999999999,0.018144507862919254,0.027374091960193955,0.07975462630327065,0.09355472309784077,0.14518990229491024,0.13328990229491025
2003-04-30,0.012199999999999999,0.01784807981865592,0.02796267348062218,0.08257021745725525,0.09285926671919897,0.14825819366991566,0.13605819366991567
2003-05-30,0.0113,0.015188031018282032,0.02060477521075305,0.06666799669242385,0.08437364923648406,0.13337490183909012,0.12207490183909012
2003-06-30,0.0109,0.015386255112891638,0.023163899801228686,0.07212028452282898,0.08743869116737298,0.1389281010744432,0.1280281010744432
2003-07-31,0.0128,0.02296106384888742,0.03341826107505631,0.09710857156729133,0.10699203987333913,0.16601316180693204,0.15321316180693204
2003-08-29,0.013500000000000002,0.025214935154828026,0.035745884356910305,0.09570388651473202,0.10447059913658119,0.1608380280718648,0.1473380280718648
2003-09-30,0.0115,0.018342847361837947,0.02815970810961754,0.08257021745725525,0.09421323190717251,0.15363985539043573,0.14213985539043572
2003-10-31,0.0131,0.023646976291952074,0.03331556254104344,0.09090618256561572,0.1001868347297725,0.16281717171198673,0.14971717171198673
2003-11-28,0.0139,0.026977098319070882,0.03505204225733785,0.09037324734620386,0.10093055876143234,0.15770888840111197,0.14380888840111197
2003-12-31,0.0126,0.023944255968447677,0.03380500830864497,0.08964468443448936,0.09913185013841647,0.1590879487304333,0.1464879487304333
2004-01-30,0.0128,0.023746764114344756,0.03321884183550236,0.08635525726334439,0.09693369069014585,0.1546065984105663,0.14180659841056628
2004-02-27,0.0121,0.020900071848611607,0.03030152474441887,0.08505044773180445,0.09117777477060529,0.1517883475323421,0.1396883475323421
2004-03-31,0.012,0.019818127447306516,0.02736705151042597,0.07896208534186067,0.09122711450233909,0.14943357461360884,0.13743357461360883
2004-04-30,0.0155,0.030293365767211866,0.038921495270521946,0.0936874229641372,0.10366153944981715,0.1610943300752526,0.14559433007525258
2004-05-28,0.0183,0.032030990539443804,0.04142205436954189,0.09537298098084508,0.10506255737776582,0.16344499609662433,0.14514499609662432
2004-06-30,0.0209,0.03259927070000958,0.04004912318231601,0.09362761101015526,0.10371963171417464,0.1609652917442485,0.1400652917442485
2004-07-30,0.0213,0.03181801442778015,0.038402281330909276,0.09084516170715129,0.1011477448082348,0.15687932629175078,0.1355793262917508
2004-08-31,0.0199,0.027923772924174344,0.033757645966248306,0.08240181902610336,0.09458465694981866,0.14632684739645108,0.12642684739645108
2004-09-30,0.022099999999999998,0.03006086898616972,0.03355060785981903,0.0807358577001274,0.09418941802473443,0.1452635305428734,0.12316353054287339
2004-10-29,0.022799999999999997,0.028011649933642777,0.03287348754926449,0.07890684876970536,0.09198755404422437,0.14269016378378901,0.11989016378378901
2004-11-30,0.0263,0.03354581462916398,0.037605223792656337,0.0855127333205089,0.09663107221987552,0.14750779717262763,0.12120779717262763
2004-12-31,0.0275,0.033541732203893074,0.03527873796700646,0.08233424848102118,0.09222197910525831,0.14475210313955128,0.11725210313955128
2005-01-31,0.0296,0.03557038276112137,0.03643384814396139,0.08096717486289434,0.0870165215520114,0.13650131284684908,0.10690131284684908
2005-02-28,0.032,0.039042561104467646,0.03990069120431054,0.08566164639825743,0.09054633853627253,0.14011283850168482,0.10811283850168482
2005-03-31,0.0335,0.041640469347707876,0.0419165018682008,0.08824186028917619,0.09197143379773481,0.14344748872523694,0.10994748872523694
2005-04-29,0.0333,0.03913468930876589,0.03797129681999806,0.08143001021851509,0.0852703710775361,0.13581514849946025,0.10251514849946025
2005-05-31,0.0332,0.03807350543503441,0.03681467100650891,0.07700281141939416,0.08056379689608464,0.12709156453624287,0.09389156453624287
2005-06-30,0.0345,0.037974035343477534,0.03623552049384976,0.0744960993710729,0.07844661979401765,0.1253657427161668,0.09086574271616679
2005-07-29,0.038,0.041530219969973185,0.04056640490852806,0.08247706106916765,0.08545231536064132,0.13177224472008847,0.09377224472008847
2005-08-31,0.0377,0.03835540830628123,0.037392147046436675,0.07709537527632948,0.07998221102752864,0.12429815628267882,0.08659815628267882
2005-09-30,0.0401,0.04258311028095793,0.04094998632895418,0.08189997265790833,0.08525873669720607,0.13483744771957706,0.09473744771957707
2005-10-31,0.0431,0.04392193022110575,0.04334683202088886,0.08822569913063416,0.08975679933307956,0.13941686681856436,0.09631686681856436
2005-11-30,0.0434,0.04401747238247451,0.04296372695315298,0.08678939902979188,0.08851290412980911,0.13444375647789697,0.09104375647789698
2005-12-30,0.0438,0.04344264040067939,0.04200573490375192,0.0845859621439852,0.08583168228746238,0.13090307435810244,0.08710307435810244
2006-01-31,0.0458,0.04401703182147578,0.04296438658041524,0.0868852531328417,0.08879949509887064,0.13559094615974654,0.08979094615974653
2006-02-28,0.0473,0.045451408889381414,0.04526024094975882,0.08841774320178761,0.08746080651895191,0.13214677550867038,0.08484677550867037
2006-03-31,0.0482,0.04707440738592885,0.047360598657312084,0.09386262350047447,0.09481659440508527,0.1443707802282238,0.09617078022822381
2006-04-28,0.049,0.047265274302284645,0.04755130185822236,0.0974859394782403,0.10005784379952953,0.15436839827348803,0.10536839827348803
2006-05-31,0.0507,0.04888547930030627,0.04888542492687917,0.09862770709246899,0.09967478673182173,0.1537936807180207,0.10309368071802069
2006-06-30,0.0521,0.04983746091507326,0.04945685305176585,0.09862797867512585,0.10015018445613105,0.1533165176759741,0.10121651767597409
2006-07-31,0.051100000000000007,0.047171583272058525,0.04736100742595441,0.0952934432313291,0.09719965749558362,0.15008628911548877,0.09898628911548876
2006-08-31,0.0501,0.0446909252677073,0.0444969919363198,0.09157134450816093,0.09185786377679944,0.14160650541370545,0.09150650541370545
2006-09-29,0.049100000000000005,0.044116222867255785,0.043444779240562476,0.08889513802730653,0.09042476560869087,0.1387434577088536,0.0896434577088536
2006-10-31,0.0499,0.043353955083799904,0.043444779240562476,0.0879389322489095,0.08937303524481216,0.13788401031893882,0.08798401031893882
2006-11-30,0.049400000000000006,0.04211053163827288,0.04229566008421354,0.08506674607945619,0.08707660402896683,0.1315722560992289,0.0821722560992289
2006-12-29,0.05,0.04535865060242566,0.0447838938178934,0.09071195085224759,0.09185786377679944,0.1387418598939944,0.0887418598939944
2007-01-31,0.0509,0.04679020465153517,0.04564456953856384,0.09329032285013153,0.09414881477185771,0.14217719306239734,0.09127719306239734
2007-02-28,0.0496,0.042493386600147086,0.042583193851819204,0.08755555366194748,0.08908620557406882,0.13578135438308198,0.08618135438308197
2007-03-30,0.049,0.04172695612962644,0.043634476346267034,0.08879917459336906,0.09147706291983015,0.1410376296359208,0.09203762963592081
2007-04-30,0.0489,0.04220473530004129,0.04325203060459114,0.08736411120155085,0.09090380611425475,0.1411346348427866,0.0922346348427866
2007-05-31,0.0495,0.047742077742612216,0.046884022380896034,0.0943397453794177,0.09557940722607977,0.14551418113404413,0.09601418113404413
2007-06-29,0.049100000000000005,0.04716994996114198,0.04812338423981859,0.09691385709664407,0.09872412940090602,0.15189440201211307,0.10279440201211307
2007-07-31,0.048499999999999995,0.04182119529591286,0.04430395300390348,0.09138110855400206,0.0946296769372513,0.14743077476891625,0.09893077476891626
2007-08-31,0.04190000000000001,0.040277994001778415,0.04095001397872404,0.08583439603759377,0.09062554650895752,0.1452619530037904,0.1033619530037904
2007-09-28,0.0405,0.03816305315202303,0.040662979280562395,0.08862164953156032,0.09292625277453331,0.14870228619062392,0.10820228619062391
2007-10-31,0.0404,0.03768199259204964,0.03864362359220454,0.08785909158422553,0.09024709665437136,0.14421773638508467,0.10381773638508468
2007-11-30,0.0326,0.02781425927249255,0.031402468624701536,0.07636079468335599,0.0826147718967632,0.13904991207715045,0.10644991207715046
2007-12-31,0.0334,0.02723390582580601,0.030626306485076547,0.07887654183547338,0.08473241371442822,0.14172904119186275,0.10832904119186275
2008-01-31,0.021099999999999997,0.022055335651126818,0.024402753259008043,0.07170993670684617,0.08076383878038534,0.1406135714925716,0.1195135714925716
2008-02-29,0.0177,0.015185528956779597,0.022851205669122215,0.0678811491102064,0.0807295781466024,0.14271975680084314,0.12501975680084315
2008-03-31,0.0155,0.01675925831668653,0.021084684073482463,0.0682864181863527,0.07724005889370071,0.14043066052608164,0.12493066052608164
2008-04-30,0.018500000000000003,0.026952504276925728,0.02850167960449125,0.07546496927828607,0.08073024825220448,0.14008689819432643,0.12158689819432643
2008-05-30,0.0222,0.030547574936089263,0.034132136362998916,0.08102053739283141,0.08531591026715024,0.14500137242954864,0.12280137242954864
2008-06-30,0.0236,0.02859437803556649,0.03413369824066334,0.07821778277500979,0.08397396557424702,0.14299989691151738,0.11939989691151738
2008-07-31,0.0227,0.02732924218572777,0.03336188468404964,0.0767779135656463,0.08495155300146545,0.14637876457378163,0.12367876457378163
2008-08-29,0.0217,0.02518374399175254,0.03035158963873992,0.07564278492838053,0.08478150225011055,0.1384200758484876,0.11672007584848759
2008-09-30,0.0178,0.02196181941976418,0.028026638712323845,0.0791911498448366,0.08586629330909365,0.14508430688168567,0.12728430688168565
2008-10-31,0.0134,0.017648127637100334,0.022560612688220297,0.08455608077987392,0.08851682504828756,0.1665759635563496,0.1531759635563496
2008-11-28,0.009000000000000001,0.010940920334864383,0.01795943236197041,0.05772049189284412,0.06701629687329999,0.126192712669317,0.117192712669317
2008-12-31,0.0037,0.011449359155018646,0.014708461566868024,0.04705451763200768,0.052785622105672975,0.09281495705101231,0.08911495705101231
2009-01-30,0.0051,0.01362515079949285,0.020628727588099555,0.05231386598746749,0.06546853838519287,0.12583536973966256,0.12073536973966256
2009-02-27,0.0072,0.01272645795833573,0.02180805380063812,0.056814200864702846,0.08728897018310833,0.11171769493869255,0.10451769493869255
2009-03-31,0.005699999999999999,0.010450925687219876,0.018168390721471923,0.048507308617901645,0.07499730954936991,0.10958522085195407,0.10388522085195408
2009-04-30,0.0049,0.013229654903916426,0.022999252191643612,0.05887649136510971,0.08650008409150203,0.12461643362557964,0.11971643362557964
2009-05-29,0.004699999999999999,0.01362688608339998,0.023984497566813433,0.07335171380792745,0.09533601143963531,0.13012719790377053,0.12542719790377052
2009-06-30,0.005600000000000001,0.016493315936532235,0.02672322316118292,0.07661298444570039,0.09439844013940529,0.1271000559225811,0.12150005592258112
2009-07-31,0.0048,0.01768474712017844,0.025737276680507844,0.07671572293705961,0.09149345497350828,0.1295267292019384,0.12472672920193839
2009-08-31,0.0043,0.015015732639120446,0.025063742361629348,0.07372407157526409,0.09085582578902693,0.1253976070801771,0.12109760708017711
2009-09-30,0.004,0.014918296271972938,0.02427732330968662,0.07099852866258863,0.08796654733885174,0.12348719187998844,0.11948719187998844
2009-10-30,0.0037,0.014226310905325997,0.024676675456495177,0.07159001131434686,0.09136609089554222,0.1297625716785956,0.12606257167859558
2009-11-30,0.0027,0.01065894795873846,0.020057923724887072,0.0660900753003128,0.08630857802310461,0.13014372934272034,0.12744372934272033
2009-12-31,0.004699999999999999,0.017982029841359888,0.027900331871777064,0.08215142491129263,0.10064364116301183,0.14440722606672635,0.13970722606672634
2010-01-29,0.003,0.01333761635298843,0.024783815835549103,0.07453514577593642,0.09669431162823787,0.14422037350783662,0.14122037350783662
2010-02-26,0.0032,0.012939851258998297,0.024390307918859315,0.0731723847730698,0.09661141459118981,0.14432779331705411,0.1411277933170541
2010-03-31,0.0040999999999999995,0.016205044200376714,0.02732338536524022,0.07828144518262115,0.10001343120057782,0.15089574582481535,0.14679574582481536
2010-04-30,0.0040999999999999995,0.015214896153023134,0.025654875368468024,0.07508587287701456,0.09501494619812409,0.14729271732107022,0.14319271732107022
2010-05-28,0.0034000000000000002,0.011748297924620635,0.022421310668378824,0.06634885425162698,0.0859879758051268,0.13573923701485696,0.13233923701485695
2010-06-30,0.0032,0.008968049735216619,0.01768805192776837,0.05885741482128135,0.07867433294340452,0.1252922364814913,0.1220922364814913
2010-07-30,0.0029,0.008074057349114023,0.014124888533743525,0.05427199678656779,0.07980966300497455,0.13058467357874654,0.12768467357874652
2010-08-31,0.0025,0.006881098773675793,0.012144632271738419,0.04453904611667314,0.06706438348965914,0.11087282738501758,0.10837282738501758
2010-09-30,0.0027,0.005686047689193572,0.01075641165518086,0.04396133588839403,0.06933903718706437,0.11741333297151063,0.11471333297151064
2010-10-29,0.0022,0.004590882592544032,0.008472651009640394,0.04289930400286686,0.07290487683817909,0.12853571870859865,0.12633571870859864
2010-11-30,0.0027,0.006283448997961469,0.012542800698297355,0.05144240027049907,0.0766251686388474,0.1275342055120102,0.1248342055120102
2010-12-31,0.0029,0.00926713751971044,0.0182820525237095,0.06905831537623545,0.08767177179566972,0.13749682104766353,0.13459682104766352
2011-01-31,0.0026,0.008969863664188808,0.017690384816580185,0.06730468083382951,0.09061352516548617,0.14910672947248998,0.14650672947249
2011-02-28,0.0025,0.01125572768027698,0.02144016074823197,0.07018885938248544,0.08928627646528908,0.14161390532496995,0.13911390532496995
2011-03-31,0.003,0.01294083031855539,0.02251617183348927,0.07231151207382339,0.08934817475772089,0.14100309832429087,0.13800309832429086
2011-04-29,0.0022,0.009965357088248706,0.017985066927268405,0.06739432438121076,0.08622426606824483,0.14284122438702285,0.14064122438702284
2011-05-31,0.0018,0.007181428604324605,0.014627064590381591,0.05969532932945026,0.08066240013958093,0.13647660887864968,0.13467660887864968
2011-06-30,0.0019,0.007081613262623737,0.015222302687572376,0.06303245478532714,0.08561372011399637,0.1402002101515254,0.13830021015152538
2011-07-29,0.002,0.005189068357587378,0.0092677196714488,0.05059364385787946,0.07774370380023951,0.1333048680428441,0.1313048680428441
2011-08-31,0.001,0.0029965049922626927,0.005887695522944218,0.03788736317576822,0.06058593191464607,0.1121929118696085,0.1111929118696085
2011-09-30,0.0013,0.0036946046655541628,0.0075798534582298665,0.0351974501686544,0.051619971774631936,0.09078902255892901,0.08948902255892902
2011-10-31,0.0012,0.003794479821692105,0.007281093312586381,0.036981726542110335,0.0604787754431823,0.10494371045735644,0.10374371045735643
2011-11-30,0.0012,0.003794479821692105,0.007281093312586381,0.03549621031429788,0.058517883251221835,0.09957738880860272,0.09837738880860271
2011-12-30,0.0012,0.003794479821692105,0.005786846133216363,0.030548115554772312,0.05253908628426122,0.09336833161160094,0.09216833161160093
2012-01-31,0.0013,0.003096011355354274,0.004591359852420709,0.026388041420414815,0.050891679462013395,0.09507945413300345,0.09377945413300345
2012-02-29,0.0018,0.004192636018217345,0.006881326291871995,0.0304395211417942,0.05331810144151663,0.09943532955440393,0.09763532955440393
2012-03-30,0.0019,0.004690936615779957,0.008671983246811406,0.03647034312504971,0.06007092629716932,0.10874752124042247,0.10684752124042247
2012-04-30,0.002,0.0033947204328120084,0.005985671620603721,0.02945441861587822,0.0516535069729773,0.10063679001878453,0.09863679001878453
2012-05-31,0.0018,0.0035943411541056692,0.005088944667282448,0.02290660600343497,0.038342941394644,0.08601797599277591,0.08421797599277592
2012-06-29,0.0021,0.004491335816714103,0.00568571981090045,0.023596165030241593,0.04140091106651287,0.08834895318326717,0.08624895318326717
2012-07-31,0.0016,0.0029959967336698435,0.004391808842028195,0.020923831448342232,0.03835568171101077,0.08160525798373426,0.08000525798373426
2012-08-31,0.0016,0.0027964457232773294,0.004591359852420709,0.02042678885138245,0.0409320351802325,0.08543494866217456,0.08383494866217456
2012-09-28,0.0017000000000000001,0.0028961614617854046,0.0046908966245406475,0.02161868065349793,0.041519749003604375,0.09122949648363243,0.08952949648363243
2012-10-31,0.0018,0.004192636018217345,0.005387376756492045,0.02449262402391348,0.04347754890621749,0.09118897801205647,0.08938897801205647
2012-11-30,0.0018,0.0031953784557948945,0.005188938806872559,0.020224652375292917,0.0420166927996701,0.08827775739593471,0.08647775739593472
2012-12-31,0.0016,0.0033950390334772183,0.005786846133216363,0.025090412209611612,0.04624544138988863,0.09431789159606192,0.09271789159606192
2013-01-31,0.0015,0.0038938469717491177,0.007180890759919092,0.031233914487459196,0.05213200104992042,0.10404733567410746,0.10254733567410745
2013-02-28,0.0017000000000000001,0.0032952037615927793,0.005786846133216363,0.027571924990708048,0.04929643235460314,0.09958717610532328,0.09788717610532327
2013-03-28,0.0014000000000000002,0.003594739483466883,0.005786846133216363,0.027571924990708048,0.04791371630072462,0.09900679831701228,0.09760679831701229
2013-04-30,0.0011,0.0032957716436733384,0.005189505602583464,0.02430024870556048,0.04338700841139679,0.09129924085771292,0.09019924085771291
2013-05-31,0.0014000000000000002,0.004591997045889333,0.009568562102303719,0.03666670924579256,0.055441424960423716,0.1060325430938087,0.1046325430938087
2013-06-28,0.0015,0.005688194896524487,0.012547875060107086,0.050272652098700535,0.06586515645969566,0.1130044004390251,0.1115044004390251
2013-07-31,0.0011,0.0050910143713039785,0.012054001132998815,0.05028382433295597,0.07009015579269827,0.11805907641252003,0.11695907641252003
2013-08-30,0.0013,0.006485673699067578,0.015822045705397886,0.0567440257513867,0.07471873160046069,0.1191363232719892,0.1178363232719892
2013-09-30,0.001,0.0055896335657768,0.012251579972591145,0.05018069101053403,0.07096940066483846,0.12058453764607213,0.11958453764607213
2013-10-31,0.001,0.00519090948152162,0.010861039590288085,0.04802323598258068,0.07011149183913638,0.11856688608567278,0.11756688608567278
2013-11-29,0.0013,0.004293018872382247,0.011160960277699616,0.05128188214938274,0.07744275724661413,0.1258088996048281,0.12450889960482811
2013-12-31,0.0013,0.006286440745772396,0.015723615315689558,0.06343397987998328,0.08268962920465615,0.13003794280179945,0.12873794280179945
2014-01-31,0.001,0.005788965802947811,0.013840445682264956,0.05332151554488053,0.07358385185023744,0.11596347401440549,0.11496347401440549
2014-02-28,0.0012,0.005389853323378036,0.014039777919435968,0.05430673722294499,0.07259863017217298,0.11498943222724284,0.11378943222724283
2014-03-31,0.0013,0.007481540870965579,0.018098527511829696,0.058881069973412886,0.07341611469859707,0.11016360361438504,0.10886360361438505
2014-04-30,0.0011,0.007283013793635041,0.01760470999902166,0.05780679983881536,0.07196034346896493,0.1077434906840816,0.10664349068408159
2014-05-30,0.001,0.00638684334215179,0.016220531460850382,0.05280624251969931,0.06632170987835295,0.10223988846973586,0.10123988846973586
2014-06-30,0.0011,0.008278583528961875,0.01690653803345507,0.05406638388175428,0.06718337832594187,0.10231824772567183,0.10121824772567183
2014-07-31,0.0012,0.009372728282992689,0.01987298429697053,0.05678957486315811,0.06783506446932946,0.09965832724237772,0.09845832724237771
2014-08-29,0.0009,0.008677438220758194,0.0184912513084809,0.052774621035843364,0.06120601706641832,0.09023233831773567,0.08933233831773567
2014-09-30,0.0013,0.010267333779834593,0.02036299078398456,0.05628769556753713,0.06548299560131855,0.09517698361349386,0.09387698361349386
2014-10-31,0.0011,0.008875687578776872,0.018390393290187657,0.051985424575206704,0.06169802198686447,0.09023233831773567,0.08913233831773566
2014-11-28,0.0013,0.00807882324064281,0.01690653803345507,0.047665910357458714,0.05711487062354084,0.08459248115888829,0.08329248115888829
2014-12-31,0.0025,0.010858429307893849,0.0194645106085218,0.04900695031631836,0.054732494284979935,0.07811980143610867,0.07561980143610866
2015-01-30,0.0018,0.007579597030883542,0.013633539940396282,0.035643095465834274,0.04487598392995393,0.06307381062262428,0.061273810622624277
2015-02-27,0.0022,0.010362892370813712,0.0175875316447034,0.04429505490974848,0.05181147493393723,0.07177173555910729,0.0695717355591073
2015-03-31,0.0026,0.008572130740535413,0.015413128708788072,0.04145313173449534,0.050653067514808844,0.07345410469215014,0.07085410469215013
2015-04-30,0.0024,0.00916936491173327,0.01561004395358372,0.0438170635340262,0.053198173334035245,0.07873526234452405,0.07633526234452405
2015-05-29,0.0026,0.009566314784469994,0.01590534414033918,0.04588214259110164,0.055053520915393284,0.08078011557334813,0.07818011557334813
2015-06-30,0.0028000000000000004,0.009963126626076787,0.01738879363092634,0.050694898248914134,0.06257775918329075,0.08886059620086323,0.08606059620086323
2015-07-31,0.0033,0.010060742557050882,0.016495683053023284,0.046562125096280625,0.05739970268982611,0.08380209746951608,0.08050209746951609
2015-08-31,0.0039000000000000003,0.01085309394348246,0.017183971636612966,0.04448363736034562,0.0580864148108457,0.08409381106230468,0.08019381106230468
2015-09-30,0.0033,0.009464646978647864,0.014714599426219199,0.04056120367678756,0.053405451311206775,0.0824664281350483,0.0791664281350483
2015-10-30,0.0034000000000000002,0.011549796609386495,0.0163917439072137,0.04409241350558896,0.05495006177194897,0.0833220084997717,0.0799220084997717
2015-11-30,0.0051,0.01362515079949285,0.01825905921844565,0.04485552136482544,0.05610531248902685,0.08066126060858728,0.07556126060858728
2015-12-31,0.006500000000000001,0.01460946165363312,0.017956383481142094,0.04818975678611923,0.05755757033122469,0.07966974994847173,0.07316974994847172
2016-01-29,0.004699999999999999,0.010453541506504783,0.013817240091778787,0.03710188627625946,0.04987296073217311,0.0762075711451961,0.07150757114519611
2016-02-29,0.0062,0.00935861545364029,0.011637058936317054,0.03345436552416434,0.0449685629370839,0.06690407213899004,0.06070407213899004
2016-03-31,0.0059,0.008664304774841428,0.011440151302960824,0.034149781827634514,0.0468414636545066,0.06945598700785394,0.06355598700785393
2016-04-29,0.005600000000000001,0.009756634314538817,0.012132800745857694,0.036120048684575884,0.04751958205515809,0.07023225786079562,0.06463225786079563
2016-05-31,0.0068000000000000005,0.010547761878281506,0.013417203197343321,0.03729306767643624,0.047211065183570475,0.06708160039594163,0.06028160039594163
2016-06-30,0.0045000000000000005,0.00707658423860272,0.009658251504431233,0.029021938249121238,0.03947584670929321,0.058178328752053046,0.05367832875205304
2016-07-29,0.005,0.008367767995442026,0.009358486982473385,0.028522785768793114,0.03848594371655291,0.05522193553022471,0.050221935530224714
2016-08-31,0.0060999999999999995,0.009854868982485809,0.011537474055943412,0.03167494541358893,0.04162240321824027,0.05599363186394979,0.04989363186394979
2016-09-30,0.0059,0.009458349450283968,0.01094350439727853,0.030393031313010382,0.042023322332742995,0.06003262091143023,0.05413262091143023
2016-10-31,0.0066,0.010548145960853121,0.012724531238528649,0.035223692827969534,0.04741657585498742,0.06983642136813561,0.06323642136813562
2016-11-30,0.008,0.014109524581256016,0.019631021276541406,0.04896413547043908,0.06028759442451072,0.08327470403395698,0.07527470403395697
2016-12-30,0.0085,0.01539306331841826,0.019921865178152632,0.051801579052450454,0.06017367658258735,0.08629262442443553,0.07779262442443552
2017-01-31,0.0084,0.01529458717552677,0.01982383494420309,0.05062543275158081,0.060960861284994644,0.0869772544802406,0.0785772544802406
2017-02-28,0.0088,0.01549085392710844,0.02011789682222493,0.04924781357260652,0.058027407461671926,0.08161277558278307,0.07281277558278307
2017-03-31,0.0103,0.014992746260654898,0.01942577476904728,0.05091474847989903,0.05811958550314425,0.08346509470886568,0.07316509470886567
2017-04-28,0.010700000000000001,0.014794384717069465,0.01775009603564779,0.04650308480386797,0.05578704862263388,0.08093953053054687,0.07023953053054686
2017-05-31,0.011699999999999999,0.013805460585841528,0.017454369286923954,0.043851277570592186,0.053247613873758495,0.07860253798211142,0.06690253798211142
2017-06-30,0.0124,0.015087544423392031,0.018732012002683242,0.04747476387560538,0.054601576629333404,0.08015269240772532,0.06775269240772533
2017-07-31,0.0123,0.014397058496775883,0.018339361305399884,0.046202451880553705,0.0549995017501875,0.08123152663940747,0.06893152663940746
2017-08-31,0.0123,0.014199693321700851,0.01646725115820338,0.04139367122964085,0.05090059189449617,0.07459788662530795,0.06229788662530795
2017-09-29,0.0131,0.01617106752830541,0.019024535926683208,0.04687948864632637,0.05450015097453807,0.08073681095238003,0.06763681095238003
2017-10-31,0.0143,0.0175479789127674,0.01970947814011665,0.04804713207898389,0.054881626934138325,0.08082701494763947,0.06652701494763946
2017-11-30,0.016200000000000003,0.0192166901676961,0.021178392376572437,0.049405913435269844,0.05398946116226705,0.07925756314382887,0.06305756314382886
2017-12-29,0.0176,0.020000314392484318,0.021372360920550032,0.049987869990808495,0.05242143486644593,0.07593637239915116,0.058336372399151154
2018-01-31,0.019,0.023526716222225467,0.025576720979660586,0.05651338609642069,0.05932802046956549,0.08459994152713796,0.06559994152713795
2018-02-28,0.0207,0.024012551442323844,0.027234242269299193,0.05903932724531727,0.06253138184655782,0.0896525223176588,0.0689525223176588
2018-03-29,0.0209,0.024207786466827388,0.025964219136242098,0.05553243912544095,0.05874115418259457,0.08518320040636757,0.06428320040636756
2018-04-30,0.022400000000000003,0.027037289069626984,0.028397884866421842,0.060001451606514294,0.06320300683566563,0.08994003783770962,0.06754003783770962
2018-05-31,0.0223,0.025378062453800816,0.027815287867757603,0.056987508971851425,0.05970831895770437,0.08712536349813313,0.06482536349813313
2018-06-29,0.0233,0.02674273190498498,0.028104873993037106,0.05678970119181033,0.0593170637653454,0.08702723114299721,0.0637272311429972
2018-07-31,0.024399999999999998,0.028592475302330823,0.029270336301107307,0.05853726360770267,0.060965459423789725,0.09023116301963563,0.06583116301963562
2018-08-31,0.0246,0.027423026528489925,0.028200473787808537,0.05523090241588931,0.058830374710598016,0.08799947362103677,0.06339947362103678
2018-09-28,0.0259,0.029854601021541555,0.02975434637058188,0.05970131767893247,0.06271065316998878,0.09285001913119173,0.06695001913119172
2018-10-31,0.0269,0.03004718308758229,0.030045140341435815,0.060186164498389594,0.06484423827474972,0.09847325386742575,0.07157325386742575
2018-11-30,0.027000000000000003,0.02858840311952569,0.02849052569307682,0.05630012228896311,0.061451627930176916,0.09508623909694314,0.06808623909694314
2018-12-31,0.0263,0.02303484153124312,0.02391193436811971,0.051043966467198984,0.055041088744616884,0.08645361944041177,0.06015361944041177
2019-01-31,0.0255,0.023229078863336392,0.023618979987420845,0.04801890492070371,0.05348391934877156,0.08606983504478538,0.060569835044785386
2019-02-28,0.0254,0.024692650648094523,0.02430240675555647,0.050360739767780174,0.05728213414782697,0.08761930071408902,0.06221930071408902
2019-03-29,0.024,0.021175851042343926,0.020685625399020593,0.04469695084547598,0.04958568341514333,0.07828114367324898,0.05428114367324898
2019-04-30,0.0239,0.021273512061025963,0.02156603626373986,0.04626140825107233,0.05261223701596601,0.08256962888174868,0.058669628881748676
2019-05-31,0.022099999999999998,0.01676528771185224,0.01784064065701723,0.03911532323938771,0.04509632593270607,0.0710654404202089,0.04896544042020891
2019-06-28,0.0192,0.015679270833464196,0.016169045279013958,0.036368246070363416,0.04245656427858141,0.06833514066461238,0.04913514066461239
2019-07-31,0.02,0.01764460070002529,0.01725107678697403,0.03646553652211937,0.04196219954503522,0.06686082421655759,0.04686082421655759
2019-08-30,0.0176,0.012330311383780414,0.012523148148843765,0.026721031745640514,0.03174975710414098,0.04811496295137921,0.030514962951379208
2019-09-30,0.0175,0.014988523988554305,0.014101550221991749,0.03046679764635283,0.03558575105094927,0.054113147688610475,0.03661314768861047
2019-10-31,0.015300000000000001,0.014987139511041851,0.015085637418040952,0.029678736787118326,0.036177795052789966,0.056474394055515104,0.0411743940555151
2019-11-29,0.016,0.016070189863107168,0.015971769509698662,0.0324355923583763,0.039713510835487326,0.056369940002993196,0.040369940002993196
2019-12-31,0.0159,0.015578039654652993,0.016857581762468148,0.03558337854228975,0.04314807229360562,0.06323806698924075,0.04733806698924076
2020-01-31,0.014499999999999999,0.01202878266053746,0.012324012855368886,0.026819519927277338,0.033132674924555364,0.05117042743101098,0.03667042743101098
2020-02-28,0.0097,0.007473204292837281,0.008265773915412462,0.018910906924594247,0.027428072999864155,0.04063510409903119,0.03093510409903119
2020-03-05,0.0048,0.00697680958451393,0.006479084631292835,0.015143862818598627,0.023083323778109066,0.03510778030334569,0.03030778030334569
